Company_Name,RFP_ID
Saudi Electricity Company,SEC RFP-C001718985
Saudi Electricity Company,SEC RFP C001726433
Saudi Electricity Company,SEC RFPC001738240
Saudi Electricity Company,SEC RFP-C001674832
Saudi Electricity Company,SEC RFP-C001666475
Saudi Electricity Company,SEC RFP-C001657554
Saudi Electricity Company,SEC RFP-C001708448
Saudi Electricity Company,SEC RFP-C001663504
Saudi Electricity Company,SEC RFP-C001675367
Saudi Electricity Company,SEC RFP C001666464
Saudi Electricity Company,SEC RFP-6001676365
Saudi Electricity Company,SEC RFP-C001666474
Saudi Electricity Company,SEC RFP C001665255
Saudi Electricity Company,SEC RFP-C001671196
Saudi Electricity Company,SEC RFP-C00167634
Saudi Electricity Company,SEC RFP- C001672882 - 6001672882
Saudi Electricity Company,SEC RFP-C001677268
Saudi Electricity Company,SEC RFP-C001663438
Saudi Electricity Company,SEC RFP-C001665625
Saudi Electricity Company,SEC RFP-C001676354
Saudi Electricity Company,SEC RFP- C001664725 - 6001664725
Saudi Electricity Company,SEC RFP - C001671242
Saudi Electricity Company,SEC RFP-C001661956
Saudi Electricity Company,SEC RFP- C001667493
Saudi Electricity Company,SEC RFP-C001670564
Saudi Electricity Company,SEC RFP-C001693420
Saudi Electricity Company,SEC RFP-C001666473
Saudi Electricity Company,SEC RFP-C001678948
Saudi Electricity Company,SEC RFP-C001666477
Saudi Electricity Company,SEC RFP-C001674796
Saudi Electricity Company,SEC RFP-C001669010
Saudi Electricity Company,SEC RFP-C001666385
Saudi Electricity Company,SEC RFPC001669579
Saudi Electricity Company,SEC RFP-C001672888 - 6001672888
Saudi Electricity Company,SEC RFP-C001671222
Saudi Electricity Company,SEC RFP-C001669576
Saudi Electricity Company,SEC RFP-C001675410
Saudi Electricity Company,SEC RFP-C001670562
Saudi Electricity Company,SEC RFP-C001665985
Saudi Electricity Company,SEC RFP-C001669626
Saudi Electricity Company,SEC RFP-C001665266
Saudi Electricity Company,SEC RFP- C001668204 - 6001668204
Saudi Electricity Company,SEC RFP-C001681039 - 6001681039
Saudi Electricity Company,SEC RFP-C001663389
Saudi Electricity Company,SEC RFP-C001676358
Saudi Electricity Company,SEC RFP- C001678253
Saudi Electricity Company,SEC RFP-C001673566
Saudi Electricity Company,SEC RFP- C001675392 - 6001675392
Saudi Electricity Company,SEC RFP-C001660884
Saudi Electricity Company,SEC RFP-C001669001
Saudi Electricity Company,SEC RFP-C001664769
Saudi Electricity Company,SEC RFP-C001669052 - 6001669052
Saudi Electricity Company,SEC RFP-C001675391 - 6001675391
Saudi Electricity Company,SEC RFP-C001669607 - 6001669607
Saudi Electricity Company,SEC RFP - C001659822
Saudi Electricity Company,SEC RFP-C001733694
Saudi Electricity Company,SEC RFP-C001738255
Saudi Electricity Company,SEC RFP C001739759
Saudi Electricity Company,SEC RFP- C001738316 - 6001738316
Aramco e-Marketplace,"Aramco_4203238337_CABLE, POWER, 5KV THROUGH 35 KV"
Aramco e-Marketplace,"Aramco_4203238879_WIRE,ELEC 331MM2 (12 AWG) WHITE - 600V"
Aramco e-Marketplace,Aramco_4203238423_CABLE; ELECTRICAL; SUBMERSIBLE PUMP;
Aramco e-Marketplace,"Aramco_4203238889_CABLE ELECTRICAL, 300 500V, 3, STRANDED,"
Aramco e-Marketplace,Aramco_4203238594_WIRE; ELECTRICAL; BUILDING; IEC OR NEC U
Aramco e-Marketplace,"Aramco_4203238896_CABLE, POWER, 5KV THROUGH 35 KV"
Saudi Electricity Company,SEC RFP-C001744675
Saudi Electricity Company,SEC RFP-C001734554
Saudi Electricity Company,SEC RFP-C001744045
Saudi Electricity Company,SEC RFP C001738905
Saudi Electricity Company,RFQ - C001515390 - 6001515390
Saudi Electricity Company,SEC RFQ - C001547003
Saudi Electricity Company,SEC RFP C001547008
Saudi Electricity Company,SEC RFP-C001552679
Saudi Electricity Company,SEC RFP 6001580432
Saudi Electricity Company,SEC RFP-6001614632
Saudi Electricity Company,SEC RFP-C001620021
Saudi Electricity Company,SEC RFP-C001630541
Saudi Electricity Company,SEC RFP
Saudi Electricity Company,SEC RFP-C001660895
Aramco e-Marketplace,Aramco_4202791251
Aramco e-Marketplace,Aramco_4202790559
Aramco e-Marketplace,Aramco_4202790902
Aramco e-Marketplace,Aramco_4202775785
Aramco e-Marketplace,Aramco_4202842292
Aramco e-Marketplace,Aramco_4202842293
Aramco e-Marketplace,Aramco_4202842210
Aramco e-Marketplace,Aramco_4202841693
Aramco e-Marketplace,Aramco_4202857488
Aramco e-Marketplace,Aramco_4202891056
Aramco e-Marketplace,Aramco_4202891077
Aramco e-Marketplace,Aramco_4202895449
Aramco e-Marketplace,Aramco_4202894735
Aramco e-Marketplace,Aramco_4202896378
Aramco e-Marketplace,Aramco_4202897632
Aramco e-Marketplace,Aramco_4202896379
Aramco e-Marketplace,Aramco_4202906255
Aramco e-Marketplace,Aramco_4202910969
Aramco e-Marketplace,Aramco_4202911838
Aramco e-Marketplace,Aramco_4202911802
Aramco e-Marketplace,Aramco_4202907842
Aramco e-Marketplace,Aramco_4202912781
Aramco e-Marketplace,Aramco_4202900659
Aramco e-Marketplace,Aramco_4202917871
Aramco e-Marketplace,Aramco_4202917876
Aramco e-Marketplace,Aramco_4202919942
Aramco e-Marketplace,Aramco_4202920251
Aramco e-Marketplace,Aramco_4202922269
Aramco e-Marketplace,Aramco_4202925641
Aramco e-Marketplace,Aramco_4202926161
Aramco e-Marketplace,Aramco_4202925663
Aramco e-Marketplace,Aramco_4202926471
Aramco e-Marketplace,Aramco_4202927881
Aramco e-Marketplace,Aramco_4202926920
Aramco e-Marketplace,Aramco_4202927932
Aramco e-Marketplace,Aramco_4202925637
Aramco e-Marketplace,Aramco_4202930144
Aramco e-Marketplace,Aramco_4202931852
Aramco e-Marketplace,Aramco_4202931737
Aramco e-Marketplace,Aramco_4202932276
Aramco e-Marketplace,Aramco_4202929079
Aramco e-Marketplace,Aramco_4202934506
Aramco e-Marketplace,Aramco_4202938492
Aramco e-Marketplace,Aramco_4202939932
Aramco e-Marketplace,Aramco_4202940803
Aramco e-Marketplace,Aramco_4202941282
Aramco e-Marketplace,Aramco_4202942832
Aramco e-Marketplace,Aramco_4202943692
Aramco e-Marketplace,Aramco_4202942083
Aramco e-Marketplace,Aramco_4202945048
Aramco e-Marketplace,6201152020
Aramco e-Marketplace,Aramco_4202945849
Aramco e-Marketplace,Aramco_4202948583
Aramco e-Marketplace,Aramco_4202947361
Aramco e-Marketplace,Aramco_4202949769
Aramco e-Marketplace,Aramco_4202950943
Aramco e-Marketplace,Aramco_4202950588
Aramco e-Marketplace,Aramco_4202951062
Aramco e-Marketplace,Aramco_4202952362
Aramco e-Marketplace,Aramco_4202952363
Aramco e-Marketplace,Aramco_4202956733
Aramco e-Marketplace,Aramco_4202956758
Aramco e-Marketplace,Aramco_4202957550
Aramco e-Marketplace,Aramco_4202952260
Aramco e-Marketplace,Aramco_4202957509
Aramco e-Marketplace,Aramco_4202958565
Aramco e-Marketplace,Aramco_4202959999
Aramco e-Marketplace,Aramco_4202961131
Aramco e-Marketplace,Aramco_4202962238
Aramco e-Marketplace,Aramco_4202962161
Aramco e-Marketplace,Aramco_4202966439
Aramco e-Marketplace,Aramco_4202965208
Aramco e-Marketplace,Aramco_4202967210
Aramco e-Marketplace,Aramco_4202967531
Aramco e-Marketplace,Aramco_4202968400
Aramco e-Marketplace,Aramco_4202968927
Aramco e-Marketplace,Aramco_4202966982
Aramco e-Marketplace,Aramco_4202970101
Aramco e-Marketplace,Aramco_4202971178
Aramco e-Marketplace,Aramco_4202973697
Aramco e-Marketplace,Aramco_4202973346
Aramco e-Marketplace,Aramco_4202974254
Aramco e-Marketplace,Aramco_4202947232
Aramco e-Marketplace,Aramco_4202975691
Aramco e-Marketplace,Aramco_4202977913
Aramco e-Marketplace,Aramco_4202976918
Aramco e-Marketplace,Aramco_4202978436
Aramco e-Marketplace,Aramco_4202977107
Aramco e-Marketplace,Aramco_4202979226
Aramco e-Marketplace,Aramco_4202979446
Aramco e-Marketplace,Aramco_4202980632
Aramco e-Marketplace,Aramco_4202979356
Aramco e-Marketplace,Aramco_4202982192
Aramco e-Marketplace,Aramco_4202982060
Aramco e-Marketplace,Aramco_4202982111
Aramco e-Marketplace,Aramco_4202982190
Aramco e-Marketplace,Aramco_4202982188
Aramco e-Marketplace,Aramco_4202985953
Aramco e-Marketplace,Aramco_4202986294
Aramco e-Marketplace,Aramco_4202986109
Aramco e-Marketplace,Aramco_4202976981
Aramco e-Marketplace,Aramco_4202985720
Aramco e-Marketplace,Aramco_4202984974
Aramco e-Marketplace,Aramco_4202987756
Aramco e-Marketplace,Aramco_4202988312
Aramco e-Marketplace,Aramco_4202988059
Aramco e-Marketplace,Aramco_4202988901
Aramco e-Marketplace,Aramco_4202989116
Aramco e-Marketplace,Aramco_4202989115
Aramco e-Marketplace,Aramco_4202988900
Aramco e-Marketplace,Aramco_4202989117
Aramco e-Marketplace,Aramco_4202988902
Aramco e-Marketplace,Aramco_4202990360
Aramco e-Marketplace,Aramco_4202990562
Aramco e-Marketplace,Aramco_4202989344
Aramco e-Marketplace,Aramco_4202991017
Aramco e-Marketplace,Aramco_4202991068
Aramco e-Marketplace,Aramco_4202991066
Aramco e-Marketplace,Aramco_4202991801
Aramco e-Marketplace,Aramco_4202991803
Aramco e-Marketplace,Aramco_4202993248
Aramco e-Marketplace,Aramco_4202993999
Aramco e-Marketplace,Aramco_4202994573
Aramco e-Marketplace,Aramco_4202994160
Aramco e-Marketplace,Aramco_4202987576
Aramco e-Marketplace,Aramco_4202995174
Aramco e-Marketplace,Aramco_4202995678
Aramco e-Marketplace,Aramco_4202995437
Aramco e-Marketplace,Aramco_4202985826
Aramco e-Marketplace,Aramco_4202998072
Aramco e-Marketplace,Aramco_4202998864
Aramco e-Marketplace,Aramco_4202999788
Aramco e-Marketplace,Aramco_4203000997
Aramco e-Marketplace,Aramco_4202991799
Aramco e-Marketplace,Aramco_4202999981
Aramco e-Marketplace,Aramco_4203002300
Aramco e-Marketplace,Aramco_4203002852
Aramco e-Marketplace,Aramco_4203001393
Aramco e-Marketplace,Aramco_4203002312
Aramco e-Marketplace,Aramco_4203003066
Aramco e-Marketplace,Aramco_4203002963
Aramco e-Marketplace,Aramco_4203003337
Aramco e-Marketplace,Aramco_4203003334
Aramco e-Marketplace,Aramco_4203001003
Aramco e-Marketplace,Aramco_4203005227
Aramco e-Marketplace,Aramco_4203003222
Aramco e-Marketplace,Aramco_4203006568
Aramco e-Marketplace,Aramco_4203004903
Aramco e-Marketplace,Aramco_4203006830
Aramco e-Marketplace,Aramco_4203008022
Aramco e-Marketplace,Aramco_4203006871
Aramco e-Marketplace,Aramco_4203007937
Aramco e-Marketplace,Aramco_4203009153
Aramco e-Marketplace,Aramco_4203008564
Aramco e-Marketplace,6201209005
Aramco e-Marketplace,Aramco_4203009782
Aramco e-Marketplace,Aramco_4203009539
Aramco e-Marketplace,Aramco_4203010537
Aramco e-Marketplace,Aramco_4203010710
Aramco e-Marketplace,Aramco_4203011663
Aramco e-Marketplace,Aramco_4203010766
Aramco e-Marketplace,Aramco_4203012224
Aramco e-Marketplace,Aramco_4203012937
Aramco e-Marketplace,Aramco_4203011508
Aramco e-Marketplace,Aramco_4203012642
Aramco e-Marketplace,Aramco_4203014656
Aramco e-Marketplace,Aramco_4203016615
Aramco e-Marketplace,Aramco_4203013980
Aramco e-Marketplace,Aramco_4203014798
Aramco e-Marketplace,Aramco_4202993352
Aramco e-Marketplace,Aramco_4203010771
Aramco e-Marketplace,Aramco_4203016972
Aramco e-Marketplace,Aramco_4203016837
Aramco e-Marketplace,Aramco_4203019725
Aramco e-Marketplace,Aramco_4202997666
Aramco e-Marketplace,Aramco_4203018839
Aramco e-Marketplace,Aramco_4203019857
Aramco e-Marketplace,Aramco_4203002298
Aramco e-Marketplace,Aramco_4203019477
Aramco e-Marketplace,Aramco_4203020972
Aramco e-Marketplace,Aramco_4203020334
Aramco e-Marketplace,Aramco_4203022303
Aramco e-Marketplace,Aramco_4203023130
Aramco e-Marketplace,Aramco_4203022901
Aramco e-Marketplace,Aramco_4203023262
Aramco e-Marketplace,Aramco_4203023692
Aramco e-Marketplace,Aramco_4203023485
Aramco e-Marketplace,Aramco_4203024593
Aramco e-Marketplace,Aramco_4203023260
Aramco e-Marketplace,Aramco_4203025068
Aramco e-Marketplace,Aramco_4203025304
Aramco e-Marketplace,Aramco_4203021294
Aramco e-Marketplace,Aramco_4203027592
Aramco e-Marketplace,Aramco_4203027595
Aramco e-Marketplace,Aramco_4203025063
Aramco e-Marketplace,Aramco_4203028686
Aramco e-Marketplace,Aramco_4203029318
Aramco e-Marketplace,Aramco_4203029326
Aramco e-Marketplace,Aramco_4203029308
Aramco e-Marketplace,Aramco_4203028978
Aramco e-Marketplace,Aramco_4203028982
Aramco e-Marketplace,Aramco_4203029875
Aramco e-Marketplace,Aramco_4203027594
Aramco e-Marketplace,Aramco_4203033681
Aramco e-Marketplace,Aramco_4203033655
Aramco e-Marketplace,Aramco_4203033673
Aramco e-Marketplace,Aramco_4203032229
Aramco e-Marketplace,Aramco_4203036442
Aramco e-Marketplace,Aramco_4203036863
Aramco e-Marketplace,Aramco_4203036864
Aramco e-Marketplace,Aramco_4203037249
Aramco e-Marketplace,Aramco_4203031085
Aramco e-Marketplace,Aramco_4203039393
Aramco e-Marketplace,Aramco_4203039392
Aramco e-Marketplace,Aramco_4203039397
Aramco e-Marketplace,Aramco_4203039394
Aramco e-Marketplace,Aramco_4203040301
Aramco e-Marketplace,Aramco_4203040300
Aramco e-Marketplace,Aramco_4203037308
Aramco e-Marketplace,Aramco_4203041080
Aramco e-Marketplace,Aramco_4203039067
Aramco e-Marketplace,Aramco_4203039987
Aramco e-Marketplace,Aramco_4203027387
Aramco e-Marketplace,Aramco_4203034859
Aramco e-Marketplace,Aramco_4203039715
Aramco e-Marketplace,Aramco_4203039411
Aramco e-Marketplace,Aramco_4203032227
Aramco e-Marketplace,Aramco_4203037193
Aramco e-Marketplace,Aramco_4203035346
Aramco e-Marketplace,Aramco_4203035357
Aramco e-Marketplace,Aramco_4203034395
Aramco e-Marketplace,Aramco_4203042961
Aramco e-Marketplace,Aramco_4203045585
Aramco e-Marketplace,Aramco_4203046620
Aramco e-Marketplace,Aramco_4203046780
Aramco e-Marketplace,Aramco_4203047460
Aramco e-Marketplace,Aramco_4203035349
Aramco e-Marketplace,Aramco_4203035348
Aramco e-Marketplace,Aramco_4203046832
Aramco e-Marketplace,Aramco_4203047995
Aramco e-Marketplace,Aramco_4203048130
Aramco e-Marketplace,Aramco_4203032222
Aramco e-Marketplace,Aramco_4203039853
Aramco e-Marketplace,Aramco_4203049292
Aramco e-Marketplace,Aramco_4203050627
Aramco e-Marketplace,Aramco_4203050621
Aramco e-Marketplace,Aramco_4203050613
Aramco e-Marketplace,Aramco_4203051030
Aramco e-Marketplace,Aramco_4203032911
Aramco e-Marketplace,Aramco_4203025721
Aramco e-Marketplace,Aramco_4203052425
Aramco e-Marketplace,Aramco_4203048127
Aramco e-Marketplace,Aramco_4203052607
Aramco e-Marketplace,Aramco_4203027038
Aramco e-Marketplace,Aramco_4203034834
Aramco e-Marketplace,Aramco_4203054052
Aramco e-Marketplace,Aramco_4203055867
Aramco e-Marketplace,Aramco_4203055725
Aramco e-Marketplace,Aramco_4203057908
Aramco e-Marketplace,Aramco_4203055561
Aramco e-Marketplace,Aramco_4203057802
Aramco e-Marketplace,Aramco_4203058775
Aramco e-Marketplace,Aramco_4203058779
Aramco e-Marketplace,Aramco_4203059267
Aramco e-Marketplace,Aramco_4203059434
Aramco e-Marketplace,Aramco_4203059470
Aramco e-Marketplace,Aramco_4203058777
Aramco e-Marketplace,Aramco_4203061174
Aramco e-Marketplace,Aramco_4202993503
Aramco e-Marketplace,Aramco_4203062839
Aramco e-Marketplace,Aramco_4203065770
Aramco e-Marketplace,Aramco_4203066687
Aramco e-Marketplace,Aramco_4203062871
Aramco e-Marketplace,Aramco_4203067907
Aramco e-Marketplace,Aramco_4203068646
Aramco e-Marketplace,Aramco_4203056675
Aramco e-Marketplace,Aramco_4203067881
Aramco e-Marketplace,Aramco_4203066191
Aramco e-Marketplace,Aramco_4203070369
Aramco e-Marketplace,Aramco_4203048820
Aramco e-Marketplace,Aramco_4203070379
Aramco e-Marketplace,Aramco_4203038083
Aramco e-Marketplace,Aramco_4203070448
Aramco e-Marketplace,Aramco_4203070602
Aramco e-Marketplace,Aramco_4203072919
Aramco e-Marketplace,Aramco_4203070374
Aramco e-Marketplace,Aramco_4203071248
Aramco e-Marketplace,Aramco_4203075019
Aramco e-Marketplace,Aramco_4203070438
Aramco e-Marketplace,Aramco_4203059700
Aramco e-Marketplace,Aramco_4203052162
Aramco e-Marketplace,Aramco_4203072378
Aramco e-Marketplace,Aramco_4203070782
Aramco e-Marketplace,Aramco_4203076104
Aramco e-Marketplace,Aramco_4203076097
Aramco e-Marketplace,Aramco_4203065588
Aramco e-Marketplace,Aramco_4203076162
Aramco e-Marketplace,Aramco_4203052150
Aramco e-Marketplace,Aramco_4203078377
Aramco e-Marketplace,Aramco_4203073355
Aramco e-Marketplace,Aramco_4203078943
Aramco e-Marketplace,Aramco_4203079664
Aramco e-Marketplace,Aramco_4203080091
Aramco e-Marketplace,Aramco_4203080034
Aramco e-Marketplace,Aramco_4203080926
Aramco e-Marketplace,Aramco_4203073426
Aramco e-Marketplace,Aramco_4203079899
Aramco e-Marketplace,Aramco_4203033889
Aramco e-Marketplace,Aramco_4203081046
Aramco e-Marketplace,Aramco_4203084259
Aramco e-Marketplace,Aramco_4203073459
Aramco e-Marketplace,Aramco_4203087107
Aramco e-Marketplace,Aramco_4203087463
Aramco e-Marketplace,Aramco_4203091176
Aramco e-Marketplace,Aramco_4203054047
Aramco e-Marketplace,Aramco_4203092714
Aramco e-Marketplace,Aramco RFx 2
Aramco e-Marketplace,Aramco_4203092933
Aramco e-Marketplace,Aramco_4203093289
Aramco e-Marketplace,Aramco_4203058055
Aramco e-Marketplace,Aramco_4203094620
Aramco e-Marketplace,Aramco_4203096021
Aramco e-Marketplace,Aramco_4203072902
Aramco e-Marketplace,Aramco_4203097564
Aramco e-Marketplace,Aramco_4203083998
Aramco e-Marketplace,Aramco_4203101364
Aramco e-Marketplace,Aramco_4203083572
Aramco e-Marketplace,Aramco_4203100558
Aramco e-Marketplace,Aramco_4203102226
Aramco e-Marketplace,Aramco_4203101244
Aramco e-Marketplace,Aramco_4203107472_CABLE INSTRUMENTATION; TYPE TC; 600 VO
Aramco e-Marketplace,Aramco_4203106281
Aramco e-Marketplace,Aramco_4203098985
Aramco e-Marketplace,Aramco_4203109287_CABLE INSTRUMENTATION THERMOCOUPLE
Aramco e-Marketplace,Aramco_4203109272_CABLE INSTRUMENTATION; TYPE TC; 600 VO
Aramco e-Marketplace,Aramco_4203112418_CABLE INSTRUMENTATION THERMOCOUPLE
Aramco e-Marketplace,"Aramco_4203112590_WIRE, ELECTRICAL 4 MM2, 1 CONDUCTOR,"
Aramco e-Marketplace,Aramco_4203113070_CABLE 1KV XLPE PVC 1 C 35MM2 (2 AWG) PV
Aramco e-Marketplace,"Aramco_4203115133_CABLE, POWER, 5KV THROUGH 35 KV"
Aramco e-Marketplace,Aramco_4203121509_CABLE INSTRUMENTATION THERMOCOUPLE
Aramco e-Marketplace,Aramco_4203046210
Aramco e-Marketplace,"Aramco_4203122807_WIRE BUILDING, 600V;"
Aramco e-Marketplace,Aramco_4203037182
Aramco e-Marketplace,Aramco_4203124105_CABLE INSTRUMENTATION THERMOCOUPLE
Aramco e-Marketplace,Aramco_4203126932_CABLE INSTRUMENTATION THERMOCOUPLE
Aramco e-Marketplace,"Aramco_4203128792_RELAY, PROTECTION, SOLID STATE"
Aramco e-Marketplace,Aramco_4203128548_ACCESSORY; CABLE AND WIRE CONNECTION
Aramco e-Marketplace,"Aramco_4203130257_RELAY, PROTECTION, SOLID STATE"
Aramco e-Marketplace,"Aramco_4203123511_CABLE ELECTRICAL LOW VOLTAGE, TC, STRAND"
Aramco e-Marketplace,Aramco_4203128453_CABLE INSTRUMENTATION THERMOCOUPLE
Aramco e-Marketplace,Aramco_4203132536_CABLE INSTRUMENTATION THERMOCOUPLE
Aramco e-Marketplace,Aramco_4203132778_CABLE; ELECTRICAL; LOW VOLTAGE; POWER OR
Aramco e-Marketplace,Aramco_4203131443_CABLE INSTRUMENTATION THERMOCOUPLE
Aramco e-Marketplace,Aramco_4203134291_WIRE 750V NYA 1 C 10MM2 (8 AWG) STR CU
Aramco e-Marketplace,Aramco_4203134424_CABLE INSTRUMENTATION; TYPE TC; 600 VO
Aramco e-Marketplace,"Aramco_4203134305_CABLE EARTHING, 120 SQ MM, 37 S"
Aramco e-Marketplace,"Aramco_4203134331_CABLE, ELECTRICAL, MEDIUM VOLTAGE"
Aramco e-Marketplace,"Aramco_4203134293_WIRE, ELECTRICAL, 526 SQ MM (10 AWG)"
Aramco e-Marketplace,"Aramco_4203135341_CABLE, ELECTRICAL, LOW VOLTAGE TC, 7 S"
Aramco e-Marketplace,Aramco_4203107020_CABLE; ELECTRICAL; LOW VOLTAGE; POWER OR
Aramco e-Marketplace,"Aramco_4203129967_CORD, ELECTRICAL ASSEMBLY 3"
Aramco e-Marketplace,"Aramco_4203134893_CABLE ELECTRICAL LOW VOLTAGE, ARMOURED,"
Aramco e-Marketplace,"Aramco_4203134950_WIRE ELECTRICAL, 2 0 AWG (133 MM2), 1 CO"
Aramco e-Marketplace,"Aramco_4203134297_WIRE BUILDING, 450-750V;"
Aramco e-Marketplace,Aramco_4203135707_9 m (30 ft) H X extensions
Aramco e-Marketplace,Aramco_4203137640_CABLE INSTRUMENTATION; TYPE TC; 600 VO
Aramco e-Marketplace,"Aramco_4203141241_WIRE,ELEC 208MM2 (14 AWG) BROWN - 600V"
Aramco e-Marketplace,"Aramco_4203141248_WIRE,ELEC 208MM2 (14 AWG) BROWN - 600V"
Aramco e-Marketplace,"Aramco_4203141240_WIRE,ELEC 208MM2 (14 AWG) BROWN - 600V"
Aramco e-Marketplace,Aramco_4203134672_WIRE 750V NYA 1 C 6MM2 (10 AWG) STR CU
Aramco e-Marketplace,"Aramco_4203143209_WIRE,ELEC 331MM2 (12 AWG) BLACK - 600V"
Aramco e-Marketplace,"Aramco_4203143906_CABLE, ELECTRICAL, LOW VOLTAGE"
Aramco e-Marketplace,Aramco_4203143894_WIRE 750V NYA 1 C 6MM2 (10 AWG) STR CU
Aramco e-Marketplace,"Aramco_4203143932_CABLE, ELECTRICAL, MEDIUM VOLTAGE"
Aramco e-Marketplace,"Aramco_4203144459_WIRE,ELEC 208MM2 (14 AWG) BROWN - 600V"
Aramco e-Marketplace,"Aramco_4203145558_CABLE ELECTRICAL LOW VOLTAGE, TC, STRAND"
Aramco e-Marketplace,"Aramco_4203145577_CABLE ELECTRICAL LOW VOLTAGE, INSTRUMENT"
Aramco e-Marketplace,"Aramco_4203144609_CABLE POWER,12 20KV,1C,CU400MM2"
Aramco e-Marketplace,"Aramco_4203135730_WIRE, ELECTRICAL 25 MM2, 1"
Aramco e-Marketplace,Aramco_4203146339_CABLE; ELECTRICAL; LOW VOLTAGE; POWER OR
Aramco e-Marketplace,"Aramco_4203148817_TRAY, CABLE, BEND 6096 MM (24 IN)"
Aramco e-Marketplace,Aramco_4203149204_CABLE; ELECTRICAL; LOW VOLTAGE; POWER OR
Aramco e-Marketplace,"Aramco_4203149389_CORD, ELECTRICAL 3 CONDUCTOR, 525"
Aramco e-Marketplace,"Aramco_4203150090_CABLE, ELECTRICAL, LOW VOLTAGE XLPE,"
Aramco e-Marketplace,"Aramco_4203151535_CABLE, POWER, 5KV THROUGH 35 KV"
Aramco e-Marketplace,"Aramco_4203137948_CABLE ACSR, 1072 MM2 (4 0 AWG), 6 S"
Aramco e-Marketplace,"Aramco_4203136870_WIRE,ELEC 208MM2 (14 AWG) BROWN - 600V"
Aramco e-Marketplace,"Aramco_4203154655_CABLE, ELECTRICAL, MEDIUM VOLTAGE"
Aramco e-Marketplace,"Aramco_4203154545_TRAY, CABLE, BEND 1270 MM (5 IN)"
Aramco e-Marketplace,Aramco_4203155026_CABLE INSTRUMENTATION THERMOCOUPLE
Aramco e-Marketplace,"Aramco_4203159626_CABLE, FOUNDATION FIELDBUS"
Aramco e-Marketplace,Aramco_4203149159
Aramco e-Marketplace,"Aramco_4203149017_WIRE,ELEC 834MM2 (8 AWG) BLACK- 600V"
Aramco e-Marketplace,"Aramco_4203160807_WIRE, ELECTRICAL 25 MM2, 1"
Aramco e-Marketplace,"Aramco_4203161611_CABLE, ELECTRICAL, MEDIUM VOLTAGE"
Aramco e-Marketplace,Aramco_4203158646_CABLE INSTRUMENTATION; TYPE TC; 600 VO
Aramco e-Marketplace,Aramco_4203106903_CABLE; ELECTRICAL; LOW VOLTAGE; POWER OR
Aramco e-Marketplace,"Aramco_4203165664_WIRE BUILDING, 450-750V;"
Aramco e-Marketplace,"Aramco_4203165652_CABLE ELECTRICAL LOW VOLTAGE, ARMOURED,"
Aramco e-Marketplace,Aramco_4203167329_CABLE; ELECTRICAL; LOW VOLTAGE; POWER OR
Aramco e-Marketplace,Aramco_4203166798_WIRE 750V NYA 1 C 6MM2 (10 AWG) STR CU
Aramco e-Marketplace,Aramco_4203166430_CABLE ELECTRICAL LOW VOLTAGE 605 MM ELE
Aramco e-Marketplace,Aramco_4203166429_CABLE ELECTRICAL LOW VOLTAGE 605 MM ELE
Aramco e-Marketplace,"Aramco_4203164603_CABLE ELECTRICAL LOW VOLTAGE, ARMOURED,"
Aramco e-Marketplace,"Aramco_4203167478_CABLE, ELECTRICAL, LOW VOLTAGE"
Aramco e-Marketplace,Aramco_4203168775_1 x 120sq mm CU XLPE AWA PVC
Aramco e-Marketplace,"Aramco_4203169528_WIRE,ELEC 331MM2 (12 AWG) BLACK - 600V"
Aramco e-Marketplace,"Aramco_4203169531_CABLE ELECTRICAL LOW VOLTAGE, ARMOURED,"
Aramco e-Marketplace,"Aramco_4203169818_CABLE ELECTRICAL LOW VOLTAGE, INSTRUMENT"
Aramco e-Marketplace,Aramco_4203167817_CABLE INSTRUMENTATION THERMOCOUPLE
Aramco e-Marketplace,"Aramco_4203165311_CABLE, ELECTRICAL, LOW VOLTAGE"
Aramco e-Marketplace,"Aramco_4203170752_CABLE ELECTRICAL LOW VOLTAGE, ARMOURED,"
Aramco e-Marketplace,"Aramco_4203170749_WIRE,ELEC 1303MM2 (6 AWG) WHITE- 600V"
Aramco e-Marketplace,Aramco_4203170634_CABLE TRAY; Aluminum OR STEEL
Aramco e-Marketplace,Aramco_4203171897_ACCESSORY; LIGHTNING GROUNDING
Aramco e-Marketplace,Aramco_4203169227_CABLE; ELECTRICAL; LOW VOLTAGE; POWER OR
Aramco e-Marketplace,"Aramco_4203155980_CABLE, ELECTRICAL, LOW VOLTAGE XLPE,"
Aramco e-Marketplace,Aramco_4203169530_CABLE ELECTRICAL MEDIUM VOLTAGE ROUND AL
Aramco e-Marketplace,Aramco_4203083596
Aramco e-Marketplace,"Aramco_4203173671_WIRE ELECTRICAL; 4 MM2 CONDUCTO,1 CONDUC"
Aramco e-Marketplace,"Aramco_4203174697_CABLE, POWER, 69 KV THROUGH 138 KV"
Aramco e-Marketplace,"Aramco_4203165671_CABLE ACSR, 1072 MM2 (4 0 AWG), 6 S"
Aramco e-Marketplace,Aramco_4203175784_CABLE INSTRUMENTATION THERMOCOUPLE
Aramco e-Marketplace,"Aramco_4203166783_CABLE, ELECTRICAL, LOW VOLTAGE TC, 7 S"
Aramco e-Marketplace,"Aramco_4203176115_m5BLE, ELECTRICAL, LOW VOLTAGE XLPE,"
Aramco e-Marketplace,"Aramco_4203176806_TRAY, CABLE, STRAIGHT 366 M (12 FT)"
Aramco e-Marketplace,"Aramco_4203176250_CABLE ELECTRICAL LOW VOLTAGE, ARMOURED,"
Aramco e-Marketplace,Aramco_4203176995_CABLE 1KV XLPE PVC 1 C 120MM2 (4 0 AWG)
Aramco e-Marketplace,"Aramco_4203158749_CORD, ELECTRICAL ASSEMBLY 3"
Aramco e-Marketplace,"Aramco_4203161607_CABLE, POWER, 69 KV THROUGH 138 KV"
Aramco e-Marketplace,Aramco_4203178864_CABLE 15KV MV 1 C 2 0 AWG (70MM2) PVC E
Aramco e-Marketplace,Aramco_4203179949_CABLE INSTRUMENTATION THERMOCOUPLE
Aramco e-Marketplace,"Aramco_4203179760_WIRE,ELEC 331MM2 (12 AWG) BLACK - 600V"
Aramco e-Marketplace,Aramco_4203179080_CABLE 600V TC 3 C 25MM2 (14 AWG) PVC X
Aramco e-Marketplace,"Aramco_4203176569_CABLE, ELECTRICAL, LOW VOLTAGE 7 S"
Aramco e-Marketplace,"Aramco_4203178858_CABLE, ELECTRICAL, LOW VOLTAGE XLPE,"
Aramco e-Marketplace,"Aramco_4203165689_CABLE, ELECTRICAL, LOW VOLTAGE 19 S"
Aramco e-Marketplace,"Aramco_4203179165_WIRE,ELEC 208MM2 (14 AWG) BROWN - 600V"
Aramco e-Marketplace,"Aramco_4203182143_CABLE, ELECTRICAL, LOW VOLTAGE TC, 7 S"
Aramco e-Marketplace,"Aramco_4203181863_TRANSFORMER, CONTROL POWER 100 VA,"
Aramco e-Marketplace,Aramco_4203182069_CABLE; ELECTRICAL; LOW VOLTAGE; POWER OR
Aramco e-Marketplace,Aramco_4203182658_CLAMP GALVANIZE W BOLT AND NUT
Aramco e-Marketplace,Aramco_4203183830_WIRE 600V THHN THWN 1 C 10 AWG (6MM2) S
Aramco e-Marketplace,"Aramco_4203184727_REDUCER CABLE TRAY, CABLE LADDER"
Aramco e-Marketplace,"Aramco_4203184158_CABLE, ELECTRICAL, LOW VOLTAGE, 6 SQ MM"
Aramco e-Marketplace,Aramco_4203177301_WIRE 600V THHN THWN 1 C 14 AWG (25MM2)
Aramco e-Marketplace,Aramco_4203186615_GROUNDING DEVICE
Aramco e-Marketplace,Aramco_4203187919_CABLE TRAY; Aluminum OR STEEL
Aramco e-Marketplace,Aramco_4203186968_CABLE INSTRUMENTATION THERMOCOUPLE
Aramco e-Marketplace,"Aramco_4203188902_WIRE,ELEC 331MM2 (12 AWG) BLUE- 600V"
Aramco e-Marketplace,"Aramco_4203181230_CABLE, POWER, 69 KV THROUGH 138 KV"
Aramco e-Marketplace,"Aramco_4203188896_CABLE ELECTRICAL LOW VOLTAGE, ARMOURED,"
Aramco e-Marketplace,"Aramco_4203189835_CABLE, POWER, 5KV THROUGH 35 KV"
Aramco e-Marketplace,Aramco_4203188951_BOX; ELECTRICAL; DEVICE; OUTLET OR SWITC
Aramco e-Marketplace,"Aramco_4203189166_CABLE, POWER, 5KV THROUGH 35 KV"
Aramco e-Marketplace,Aramco_4203189640_CABLE; ELECTRICAL; LOW VOLTAGE; POWER OR
Aramco e-Marketplace,Aramco_4203191185_CABLE; ELECTRICAL; LOW VOLTAGE; POWER OR
Aramco e-Marketplace,Aramco_4203189875
Aramco e-Marketplace,"Aramco_4203192379_WIRE,ELEC 331MM2 (12 AWG) BLACK - 600V"
Aramco e-Marketplace,Aramco_4203191094_CABLE INSTRUMENTATION; TYPE TC; 600 VO
Aramco e-Marketplace,"Aramco_4203194180_CABLE, POWER, 5KV THROUGH 35 KV"
Aramco e-Marketplace,"Aramco_4203186662_CABLE, POWER, 69 KV THROUGH 138 KV"
Aramco e-Marketplace,"Aramco_4203182146_WIRE, ELECTRICAL 25 MM2, 1"
Aramco e-Marketplace,"Aramco_4203195288_TRAY, CABLE, STRAIGHT 366 M (12 FT)"
Aramco e-Marketplace,"Aramco_4203188912_CABLE, POWER, 69 KV THROUGH 138 KV"
Aramco e-Marketplace,Aramco_4203174093_CIRCUIT BREAKER; MOLDED CASE; MOLDED CAS
Aramco e-Marketplace,"Aramco_4203194685_CABLE, ELEC, MV POWER CONTROL,"
Aramco e-Marketplace,Aramco_4203196202_CABLE POWER; 600V-1000V;
Aramco e-Marketplace,"Aramco_4203187815_m5BLE, ELECTRICAL, LOW VOLTAGE XLPE,"
Aramco e-Marketplace,"Aramco_4203182332_CABLE, POWER, 5KV THROUGH 35 KV"
Aramco e-Marketplace,"Aramco_4203193017_CABLE, ELECTRICAL, LOW VOLTAGE, 6 SQ MM"
Aramco e-Marketplace,"Aramco_4203194780_WIRE,ELEC 208MM2 (14 AWG) BLACK - 600V"
Aramco e-Marketplace,"Aramco_4203195221_CABLE, ELECTRICAL, LOW VOLTAGE CCV,"
Aramco e-Marketplace,"Aramco_4203194783_CABLE, ELECTRICAL, LOW VOLTAGE TC, 7 S"
Aramco e-Marketplace,Aramco_4203196169_CABLE; ELECTRICAL; LOW VOLTAGE; POWER OR
Aramco e-Marketplace,"Aramco_4203198245_LAMP INCANDESCENT, MINIATURE;"
Aramco e-Marketplace,"Aramco_4203197742_CHANNEL, FRAMING 61 M (20 FT) LG,"
Aramco e-Marketplace,"Aramco_4203192883_CABLE, POWER, 5KV THROUGH 35 KV"
Aramco e-Marketplace,"Aramco_4203189403_WIRE, ELECTRICAL 1072 MM2 (4 0 A"
Aramco e-Marketplace,"Aramco_4203199817_CABLE, ELECTRICAL, LOW VOLTAGE, TC, PVC"
Aramco e-Marketplace,"Aramco_4203194673_PANELBOARD; LOW VOLTAGE, NON-XPROOF"
Aramco e-Marketplace,Aramco_4203196912_CONNECTOR; ELECTRICAL
Aramco e-Marketplace,"Aramco_4203197755_CABLE, POWER, 5KV THROUGH 35 KV"
Aramco e-Marketplace,"Aramco_4203198686_CABLE, POWER, 5KV THROUGH 35 KV"
Aramco e-Marketplace,"Aramco_4203200500_CABLE, POWER, 5KV THROUGH 35 KV"
Aramco e-Marketplace,"Aramco_4203199677_CABLE, FOUNDATION FIELDBUS"
Aramco e-Marketplace,Aramco_4203200549_CABLE INSTRUMENTATION THERMOCOUPLE
Aramco e-Marketplace,"Aramco_4203205908_CABLE, ELEC, MV POWER CONTROL,"
Aramco e-Marketplace,"Aramco_4203206111_CABLE, POWER, 5KV THROUGH 35 KV"
Aramco e-Marketplace,"Aramco_4203206349_CABLE ELECTRICAL MEDIUM VOLTAGE, 15 KV ("
Aramco e-Marketplace,"Aramco_4203206761_TRAY, CABLE, STRAIGHT 366 M (12 FT)"
Aramco e-Marketplace,"Aramco_4203206462_CABLE, FOUNDATION FIELDBUS"
Aramco e-Marketplace,"Aramco_4203194559_CABLE, POWER, 5KV THROUGH 35 KV"
Aramco e-Marketplace,"Aramco_4203202956_CABLE ELECTRICAL MEDIUM VOLTAGE, 15 KV ("
Aramco e-Marketplace,"Aramco_4203207899_CABLE, ELECTRICAL, LOW VOLTAGE"
Aramco e-Marketplace,Aramco_4203207901_WIRE 750V NYA 1 C 25MM2 (14 AWG) STR C
Aramco e-Marketplace,"Aramco_4203204373_CABLE, ELECTRICAL, MEDIUM VOLTAGE P"
Aramco e-Marketplace,Aramco_4203207310_CABLE INSTRUMENTATION THERMOCOUPLE
Aramco e-Marketplace,"Aramco_4203207916_CABLE, ELECTRICAL, MEDIUM VOLTAGE"
Aramco e-Marketplace,"Aramco_4203202346_CABLE, ELECTRICAL, LOW VOLTAGE PVC"
Aramco e-Marketplace,Aramco_4203202965_CABLE 20KV MV 3 C 35MM2 (2 AWG) CU TAPE
Aramco e-Marketplace,"Aramco_4203210533_CABLE, POWER, 5KV THROUGH 35 KV"
Aramco e-Marketplace,Aramco_4203208871_CABLE 1KV XLPE PVC 1 C 120MM2 (4 0 AWG)
Aramco e-Marketplace,"Aramco_4203210856_CABLE, ELECTRICAL, LOW VOLTAGE 19 S"
Aramco e-Marketplace,"Aramco_4203210288_CABLE, POWER, 5KV THROUGH 35 KV"
Aramco e-Marketplace,"Aramco_4203174471_LAMP INCANDESCENT, MINIATURE;"
Aramco e-Marketplace,"Aramco_4203202958_CABLE, ELECTRICAL, MEDIUM VOLTAGE"
Aramco e-Marketplace,"Aramco_4203210590_WIRE,ELEC 526MM2 (10 AWG) BLACK- 600V"
Aramco e-Marketplace,"Aramco_4203210653_CABLE, POWER, 230 KV, 1C, CU 630MM2"
Aramco e-Marketplace,"Aramco_4203210600_CORD, ELECTRICAL 3 CONDUCTOR, 331"
Aramco e-Marketplace,Aramco_4203210519_CABLE INSTRUMENTATION THERMOCOUPLE
Aramco e-Marketplace,Aramco_4203211073_CABLE POWER; 600V-1000V;
Aramco e-Marketplace,"Aramco_4203211268_CABLE, POWER, 69 KV THROUGH 138 KV"
Aramco e-Marketplace,"Aramco_4203211269_CABLE ACSR, 40283 MM2 (795 MCM), 26"
Aramco e-Marketplace,Aramco_4203212546_CABLE POWER AND CONTROL 600V-1000V
Aramco e-Marketplace,"Aramco_4203212379_WIRE, ELECTRICAL 6 MM2, 1 CONDUCTOR,"
Aramco e-Marketplace,"Aramco_4203211831_WIRE, ELECTRICAL 6 MM2, 4 CONDUCTOR"
Aramco e-Marketplace,Aramco_4203212367_CABLE; ELECTRICAL; LOW VOLTAGE; POWER OR
Aramco e-Marketplace,Aramco_4203212341_TIE; CABLE;
Aramco e-Marketplace,"Aramco_4203211845_CABLE, POWER, 69 KV THROUGH 138 KV"
Aramco e-Marketplace,"Aramco_4203212873_CABLE 25 SQ MM, 7 STRANDS, BARE"
Aramco e-Marketplace,Aramco_4203203691_WIRE 600V THHN THWN 1 C 4 0 AWG (120MM2
Aramco e-Marketplace,"Aramco_4203213132_WIRE,ELEC 331MM2 (12 AWG) GREEN- 600V"
Aramco e-Marketplace,Aramco_4203213756_CABLE; ELECTRICAL; LOW VOLTAGE; POWER OR
Aramco e-Marketplace,Aramco_4203213452_CABLE; ELECTRICAL; LOW VOLTAGE; POWER OR
Aramco e-Marketplace,Aramco_4203213138_CABLE; ELECTRICAL; LOW VOLTAGE; POWER OR
Aramco e-Marketplace,"Aramco_4203213183_CABLE ELECTRICAL MEDIUM VOLTAGE, 15 KV ("
Aramco e-Marketplace,"Aramco_4203213443_COVER, CABLE TRAY 7620 MM (30 IN)"
Aramco e-Marketplace,"Aramco_4203212151_CABLE, POWER, 5KV THROUGH 35 KV"
Aramco e-Marketplace,Aramco_4203214381_CABLE 1KV XLPE PVC 1 C 70MM2 (2 0 AWG)
Aramco e-Marketplace,"Aramco_4203214828_CABLE, ELECTRICAL, LOW VOLTAGE"
Aramco e-Marketplace,Aramco_4203161918_110 KV 1x630 280MM2 CU XLPE (2032MM)
Aramco e-Marketplace,"Aramco_4203214611_CABLE ELECTRICAL LOW VOLTAGE, ARMOURED,"
Aramco e-Marketplace,"Aramco_4203214609_WIRE, ELECTRICAL 331 MM2 (12 AWG),BLUE"
Aramco e-Marketplace,Aramco_4203211690_WIRE 750V NYA 1 C 25MM2 (14 AWG) STR C
Aramco e-Marketplace,"Aramco_4203182335_CABLE, POWER, 5KV THROUGH 35 KV"
Aramco e-Marketplace,Aramco_4203216438_CABLE; ELECTRICAL; LOW VOLTAGE; POWER OR
Aramco e-Marketplace,Aramco_4203216499_CABLE; ELECTRICAL; LOW VOLTAGE; POWER OR
Aramco e-Marketplace,"Aramco_4203215769_CABLE, POWER, 5KV THROUGH 35 KV"
Aramco e-Marketplace,"Aramco_4203182340_CABLE, POWER, 5KV THROUGH 35 KV"
Aramco e-Marketplace,"Aramco_4203215668_CABLE, POWER, 5KV THROUGH 35 KV"
Aramco e-Marketplace,"Aramco_4203216255_CABLE, POWER, 5KV THROUGH 35 KV"
Aramco e-Marketplace,"Aramco_4203217907_CABLE, POWER, 5KV THROUGH 35 KV"
Aramco e-Marketplace,"Aramco_4203202975_CABLE, ELECTRICAL, MEDIUM VOLTAGE"
Aramco e-Marketplace,"Aramco_4203217645_WIRE,ELEC 331MM2 (12 AWG) BLUE- 600V"
Aramco e-Marketplace,Aramco_4203212318_CABLE TRAY; Aluminum OR STEEL
Aramco e-Marketplace,Aramco_4203220483_CABLE ELECTRICAL LOW VOLTAGE 605 MM ELE
Aramco e-Marketplace,"Aramco_4203209110_CABLE, POWER, 69 KV THROUGH 138 KV"
Aramco e-Marketplace,Aramco_4203220559_CABLE; ELECTRICAL; LOW VOLTAGE; POWER OR
Aramco e-Marketplace,"Aramco_4203219984_WIRE,ELEC 208MM2 (14 AWG) GREEN - 600V"
Aramco e-Marketplace,"Aramco_4203220843_WIRE, ELECTRICAL 208 MM2 (14 AWG),"
Aramco e-Marketplace,Aramco_4203222594_Fluke 87V TRMS Industrial Multimeter
Aramco e-Marketplace,Aramco_4203223055_CABLE INSTRUMENTATION THERMOCOUPLE
Aramco e-Marketplace,Aramco_4203223737_CABLE INSTRUMENTATION; TYPE TC; 600 VO
Aramco e-Marketplace,Aramco_4203224404_CABLE INSTRUMENTATION THERMOCOUPLE
Aramco e-Marketplace,Aramco_4203224979_CABLE; ELECTRICAL; LOW VOLTAGE; POWER OR
Aramco e-Marketplace,Aramco_4203224936_CABLE INSTRUMENTATION; TYPE TC; 600 VO
Aramco e-Marketplace,"Aramco_4203225162_COVER, CABLE TRAY 3048 MM (12 IN)"
Aramco e-Marketplace,"Aramco_4203220290_CABLE, POWER, 5KV THROUGH 35 KV"
Aramco e-Marketplace,Aramco_4203226013_CABLE WELDING;
Aramco e-Marketplace,Aramco_4203226258_CABLE INSTRUMENTATION; TYPE TC; 600 VO
Aramco e-Marketplace,"Aramco_4203226762_WIRE ELECTRICAL, 2 0 AWG (133 MM2), 1 CO"
Aramco e-Marketplace,"Aramco_4203226706_WIRE, ELECTRICAL 6 MM2, 4 CONDUCTOR"
Aramco e-Marketplace,Aramco_4203227082_CABLE INSTRUMENTATION THERMOCOUPLE
Aramco e-Marketplace,"Aramco_4203227772_CABLE ELECTRICAL LOW VOLTAGE, INSTRUMENT"
Aramco e-Marketplace,"Aramco_4203220873_CABLE, POWER, 5KV THROUGH 35 KV"
Aramco e-Marketplace,"Aramco_4203228335_WIRE,ELEC 208MM2 (14 AWG) RED - 600V"
Aramco e-Marketplace,Aramco_4203224232_CABLE; ELECTRICAL; LOW VOLTAGE; POWER OR
Aramco e-Marketplace,Aramco_4203228229_CABLE INSTRUMENTATION THERMOCOUPLE
Aramco e-Marketplace,"Aramco_4203228749_CABLE, ELECTRICAL, LOW VOLTAGE, TC, 36"
Aramco e-Marketplace,"Aramco_4203228340_CABLE, POWER, 5KV THROUGH 35 KV"
Aramco e-Marketplace,"Aramco_4203228809_CABLE ELECTRICAL MEDIUM VOLTAGE, 15 KV ("
Aramco e-Marketplace,"Aramco_4203228869_CABLE, ELECTRICAL, LOW VOLTAGE TC, 7 S"
Aramco e-Marketplace,"Aramco_4203229584_CABLE, FOUNDATION FIELDBUS"
Aramco e-Marketplace,"Aramco_4203228597_CABLE, POWER, 5KV THROUGH 35 KV"
Aramco e-Marketplace,"Aramco_4203228312_WIRE, ELECTRICAL 10 MM2, 3"
Aramco e-Marketplace,"Aramco_4203229247_CABLE, POWER, 5KV THROUGH 35 KV"
Aramco e-Marketplace,"Aramco_4203229302_CABLE GROUNDING, 35 SQ MM, 7 S"
Aramco e-Marketplace,Aramco_4203230188_WIRE; ELECTRICAL; BUILDING; IEC OR NEC U
Aramco e-Marketplace,Aramco_4203222587_CABLE; ELECTRICAL; LOW VOLTAGE; POWER OR
Aramco e-Marketplace,"Aramco_4203230561_CABLE, POWER, 69 KV THROUGH 138 KV"
Aramco e-Marketplace,"Aramco_4203229047_CABLE, POWER, 5KV THROUGH 35 KV"
Aramco e-Marketplace,"Aramco_4203231603_CABLE, ELECTRICAL, LOW VOLTAGE 19 S"
Aramco e-Marketplace,"Aramco_4203228624_WIRE BUILDING, 450-750V;"
Aramco e-Marketplace,Aramco_4203231713_CABLE TRAY; ALUMINUM OR STEEL
Aramco e-Marketplace,"Aramco_4203232436_CABLE GROUND; 70 SQ MM, 19 STRANDS"
Aramco e-Marketplace,Aramco_4203229309_CABLE; LOW VOL; 7 STR; 600-1000 V
Aramco e-Marketplace,"Aramco_4203228300_WIRE,ELEC 331MM2 (12 AWG) GREEN- 600V"
Aramco e-Marketplace,"Aramco_4203231145_GLAND, CABLE BARRIER, A-7930"
Aramco e-Marketplace,Aramco_4203232760_WIRE 750V NYA 1 C 6MM2 (10 AWG) STR CU
Aramco e-Marketplace,"Aramco_4203232657_CABLE ELECTRICAL LOW VOLTAGE, ARMOURED,"
Aramco e-Marketplace,Aramco_4203229579_CABLE INSTRUMENTATION THERMOCOUPLE
Aramco e-Marketplace,"Aramco_4203229750_CABLE, ELECTRICAL, LOW VOLTAGE XLPE,"
Aramco e-Marketplace,Aramco_4203232451_CABLE INSTRUMENTATION THERMOCOUPLE
Aramco e-Marketplace,"Aramco_4203233137_CORD, ELECTRICAL 3 CONDUCTOR, 35 SQ"
Aramco e-Marketplace,Aramco_4203233226_CABLE; ELECTRICAL; LOW VOLTAGE; POWER OR
Aramco e-Marketplace,"Aramco_4203233223_CABLE, POWER, 5KV THROUGH 35 KV"
Aramco e-Marketplace,"Aramco_4203232766_WIRE,ELEC 208MM2 (14 AWG) BLACK - 600V"
Aramco e-Marketplace,"Aramco_4203232936_CABLE, POWER, 5KV THROUGH 35 KV"
Aramco e-Marketplace,Aramco_4203229662_CABLE; ELECTRICAL; LOW VOLTAGE; POWER OR
Aramco e-Marketplace,"Aramco_4203233122_CABLE, POWER, 5KV THROUGH 35 KV"
Aramco e-Marketplace,Aramco_4203231191_CABLE; ELECTRICAL; LOW VOLTAGE; POWER OR
Aramco e-Marketplace,"Aramco_4203231171_CABLE, POWER, 5KV THROUGH 35 KV"
Aramco e-Marketplace,"Aramco_4203233542_CABLE, POWER, 5KV THROUGH 35 KV"
Aramco e-Marketplace,"Aramco_4203233626_CABLE, POWER, 5KV THROUGH 35 KV"
Aramco e-Marketplace,"Aramco_4203234149_CABLE, ELECTRICAL, LOW VOLTAGE"
Aramco e-Marketplace,"Aramco_4203234152_CABLE, ELECTRICAL, LOW VOLTAGE"
Aramco e-Marketplace,"Aramco_4203234123_CABLE, ELECTRICAL, LOW VOLTAGE 19 S"
Aramco e-Marketplace,Aramco_4203234555_SPLICING KIT; CABLE;
Aramco e-Marketplace,"Aramco_4203231151_CABLE, POWER, 5KV THROUGH 35 KV"
Aramco e-Marketplace,"Aramco_4203234516_CABLE ELECTRICAL LOW VOLTAGE, ITC, INSTR"
Aramco e-Marketplace,"Aramco_4203234495_CABLE ELECTRICAL LOW VOLTAGE, ARMOURED,"
Aramco e-Marketplace,Aramco_4203232707_ACCESSORY; CABLE AND WIRE CONNECTION
Aramco e-Marketplace,Aramco_4203234914_CABLE; ELECTRICAL; LOW VOLTAGE; POWER OR
Aramco e-Marketplace,"Aramco_4203235107_CABLE ELECTRICAL LOW VOLTAGE, ARMOURED,"
Aramco e-Marketplace,"Aramco_4203232229_CORD, ELECTRICAL 74 (37 PAIRS)"
Aramco e-Marketplace,Aramco_4203232857_WIRE; ELECTRICAL; BUILDING; IEC OR NEC U
Aramco e-Marketplace,"Aramco_4203233435_CABLE, POWER, 5KV THROUGH 35 KV"
Aramco e-Marketplace,"Aramco_4203233957_CABLE, POWER, 5KV THROUGH 35 KV"
Aramco e-Marketplace,Aramco_4203233961_CABLE; ELECTRICAL; LOW VOLTAGE; POWER OR
Aramco e-Marketplace,Aramco_4203235722_CIRCUIT BREAKER; MOLDED CASE; MOLDED CAS
Aramco e-Marketplace,Aramco_4203237901_CABLE; ELECTRICAL; LOW VOLTAGE; POWER OR
Aramco e-Marketplace,"Aramco_4203229755_WIRE, ELECTRICAL 208 MM2 (14 AWG),"
Aramco e-Marketplace,"Aramco_4203238271_CABLE POWER, 5000V;"
Aramco e-Marketplace,"Aramco_4203237216_CABLE, ELECTRICAL, MEDIUM VOLTAGE"
Aramco e-Marketplace,"Aramco_4203237219_CABLE, ELECTRICAL, LOW VOLTAGE, 1000 V"
Aramco e-Marketplace,Aramco_4203237731_CABLE 600V TC SPISCO (OS) 1 PR 16 AWG (
Aramco e-Marketplace,"Aramco_4203235438_CABLE, ELEC, MV POWER,"
Aramco e-Marketplace,Aramco_4203238305_CABLE INSTRUMENTATION; TYPE TC; 600 VO
Aramco e-Marketplace,Aramco_4203238415_CABLE INSTRUMENTATION; TYPE TC; 600 VO
Aramco e-Marketplace,"Aramco_4203238554_FUSE, LOW VOLTAGE 3 AMPS"
Aramco e-Marketplace,"Aramco_4203237981_CABLE, POWER, 5KV THROUGH 35 KV"
Aramco e-Marketplace,Aramco_4203238583_CABLE INSTRUMENTATION THERMOCOUPLE
Aramco e-Marketplace,Third Party Cybersecurity Self-Assessment (28)
Aramco e-Marketplace,Aramco_4202839543
Aramco e-Marketplace,Aramco_4202857011
Aramco e-Marketplace,Aramco_4202875540
Aramco e-Marketplace,Aramco_4202883247
Aramco e-Marketplace,Aramco_4202894865
Aramco e-Marketplace,Aramco_4202906816
Aramco e-Marketplace,Aramco_4202873095
Aramco e-Marketplace,Aramco_4202884928
Aramco e-Marketplace,Aramco_4202912846
Aramco e-Marketplace,Aramco_4202913634
Aramco e-Marketplace,Aramco_4202918742
Aramco e-Marketplace,Aramco_4202919457
Aramco e-Marketplace,Aramco_4202921206
Aramco e-Marketplace,Aramco_4202922280
Aramco e-Marketplace,Aramco_4202922616
Aramco e-Marketplace,Aramco_4202925636
Aramco e-Marketplace,Aramco_4202926402
Aramco e-Marketplace,Aramco_4202927588
Aramco e-Marketplace,Aramco_4202928499
Aramco e-Marketplace,Aramco_4202931906
Aramco e-Marketplace,Aramco_4202936077
Aramco e-Marketplace,Aramco_4202938728
Aramco e-Marketplace,Aramco_4202940680
Aramco e-Marketplace,Aramco_4202938599
Aramco e-Marketplace,Aramco_4202939591
Aramco e-Marketplace,Aramco_4202940355
Aramco e-Marketplace,Aramco_4202940386
Aramco e-Marketplace,Aramco_4202941871
Aramco e-Marketplace,Aramco_4202937923
Aramco e-Marketplace,COVID-19 Impact Assessment and Engagement Survey (43)
Aramco e-Marketplace,Aramco_4202947362
Aramco e-Marketplace,Aramco_4202948915
Aramco e-Marketplace,Aramco_4202948917
Aramco e-Marketplace,Aramco_4202952124
Aramco e-Marketplace,Aramco_4202952791
Aramco e-Marketplace,Aramco_4202954471
Aramco e-Marketplace,Aramco_4202955958
Aramco e-Marketplace,Aramco_4202954887
Aramco e-Marketplace,Aramco_4202957844
Aramco e-Marketplace,Aramco_4202957843
Aramco e-Marketplace,Aramco_4202957253
Aramco e-Marketplace,Aramco_4202961412
Aramco e-Marketplace,Third Party Cybersecurity Self-Assessment # 2 (43)
Aramco e-Marketplace,Aramco_4202963516
Aramco e-Marketplace,Aramco_4202963515
Aramco e-Marketplace,Aramco_4202961314
Aramco e-Marketplace,Aramco_4202964091
Aramco e-Marketplace,Aramco_4202965207
Aramco e-Marketplace,Aramco_4202965379
Aramco e-Marketplace,Aramco_4202967470
Aramco e-Marketplace,Aramco_4202960424
Aramco e-Marketplace,Aramco_4202970112
Aramco e-Marketplace,Aramco_4202969844
Aramco e-Marketplace,Aramco_4202946099
Aramco e-Marketplace,Aramco_4202969293
Aramco e-Marketplace,Aramco_4202971199
Aramco e-Marketplace,Aramco_4202981519
Aramco e-Marketplace,Aramco_4202981520
Aramco e-Marketplace,Aramco_4202981958
Aramco e-Marketplace,Aramco_4202981526
Aramco e-Marketplace,Aramco_4202984067
Aramco e-Marketplace,Aramco_4202986932
Aramco e-Marketplace,Aramco_4202987911
Aramco e-Marketplace,Aramco_4202989580
Aramco e-Marketplace,Aramco_4202988855
Aramco e-Marketplace,Aramco_4202992536
Aramco e-Marketplace,Aramco_4202988339
Aramco e-Marketplace,Aramco_4202994194
Aramco e-Marketplace,Aramco_4202994334
Aramco e-Marketplace,Aramco_4202987120
Aramco e-Marketplace,Aramco_4202994163
Aramco e-Marketplace,Aramco_4202996902
Aramco e-Marketplace,Aramco_4202995858
Aramco e-Marketplace,Aramco_4202996690
Aramco e-Marketplace,Aramco_4202997012
Aramco e-Marketplace,Aramco_4202996361
Aramco e-Marketplace,Aramco_4202997176
Aramco e-Marketplace,Aramco_4202999558
Aramco e-Marketplace,Aramco_4202997969
Aramco e-Marketplace,Aramco_4202998863
Aramco e-Marketplace,Aramco_4202999798
Aramco e-Marketplace,Aramco_4202999275
Aramco e-Marketplace,Aramco_4203000853
Aramco e-Marketplace,Aramco_4203002952
Aramco e-Marketplace,Aramco_4203002311
Aramco e-Marketplace,Aramco_4203003005
Aramco e-Marketplace,Aramco_4203001444
Aramco e-Marketplace,Aramco_4202987101
Aramco e-Marketplace,Aramco_4203004425
Aramco e-Marketplace,Aramco_4203006329
Aramco e-Marketplace,Aramco_4203004427
Aramco e-Marketplace,Aramco_4203004168
Aramco e-Marketplace,Aramco_4203006472
Aramco e-Marketplace,Aramco_4203006197
Aramco e-Marketplace,Aramco_4203002166
Aramco e-Marketplace,Aramco_4203007292
Aramco e-Marketplace,Aramco_4203005771
Aramco e-Marketplace,Aramco_4202997149
Aramco e-Marketplace,Aramco_4203006872
Aramco e-Marketplace,Aramco_4203007840
Aramco e-Marketplace,Aramco_4203008471
Aramco e-Marketplace,Aramco_4203001494
Aramco e-Marketplace,Aramco_4203010044
Aramco e-Marketplace,Aramco_4203010150
Aramco e-Marketplace,Aramco_4203007931
Aramco e-Marketplace,Aramco_4203007123
Aramco e-Marketplace,Aramco_4203010676
Aramco e-Marketplace,Aramco_4203002370
Aramco e-Marketplace,Aramco_4203011361
Aramco e-Marketplace,Aramco_4203010713
Aramco e-Marketplace,Aramco_4203013645
Aramco e-Marketplace,Aramco_4203002299
Aramco e-Marketplace,Aramco_4203013981
Aramco e-Marketplace,Aramco_4203016773
Aramco e-Marketplace,Aramco_4203011477
Aramco e-Marketplace,Aramco_4203018011
Aramco e-Marketplace,Aramco_4203019222
Aramco e-Marketplace,Aramco_4203019034
Aramco e-Marketplace,Aramco_4203021153
Aramco e-Marketplace,Aramco_4203021845
Aramco e-Marketplace,Aramco_4203021885
Aramco e-Marketplace,Aramco_4203022423
Aramco e-Marketplace,Aramco_4203022492
Aramco e-Marketplace,Aramco_4203022541
Aramco e-Marketplace,Aramco_4203018775
Aramco e-Marketplace,Aramco_4203011458
Aramco e-Marketplace,Aramco_4203022899
Aramco e-Marketplace,Aramco_4203023482
Aramco e-Marketplace,Aramco_4203024028
Aramco e-Marketplace,Aramco_4203023484
Aramco e-Marketplace,Aramco_4203027040
Aramco e-Marketplace,Aramco_4203028758
Aramco e-Marketplace,Aramco_4203029056
Aramco e-Marketplace,Supplier Satisfaction Survey-23
Aramco e-Marketplace,Aramco_4203028331
Aramco e-Marketplace,Aramco_4203030302
Aramco e-Marketplace,Aramco_4203031770
Aramco e-Marketplace,Aramco_4203033671
Aramco e-Marketplace,Aramco_4203033650
Aramco e-Marketplace,Aramco_4203032606
Aramco e-Marketplace,Aramco_4203034714
Aramco e-Marketplace,Aramco_4203030855
Aramco e-Marketplace,Aramco_4203035871
Aramco e-Marketplace,Aramco_4203027589
Aramco e-Marketplace,Aramco_4203039348
Aramco e-Marketplace,Aramco_4203042666
Aramco e-Marketplace,Aramco_4203039245
Aramco e-Marketplace,Aramco_4203048799
Aramco e-Marketplace,Aramco_4203044478
Aramco e-Marketplace,Aramco_4203050295
Aramco e-Marketplace,Aramco_4203043165
Aramco e-Marketplace,Aramco_4203056399
Aramco e-Marketplace,Aramco_4203055736
Aramco e-Marketplace,Aramco_4203055907
Aramco e-Marketplace,Aramco_4203060035
Aramco e-Marketplace,Aramco_4203062836
Aramco e-Marketplace,Aramco_4203066412
Aramco e-Marketplace,Aramco_4203069055
Aramco e-Marketplace,Aramco_4203047583
Aramco e-Marketplace,Aramco_4203074338
Aramco e-Marketplace,Aramco_4203075384
Aramco e-Marketplace,Aramco_4203078440
Aramco e-Marketplace,Aramco_4203079662
Aramco e-Marketplace,Aramco_4203079942
Aramco e-Marketplace,Aramco_4203088480
Aramco e-Marketplace,Aramco_4203072380
Aramco e-Marketplace,Aramco_4203092620
Aramco e-Marketplace,Aramco_4203056167
Aramco e-Marketplace,Aramco_4203095344
Aramco e-Marketplace,Aramco_4203065026
Aramco e-Marketplace,Aramco_4203097570
Aramco e-Marketplace,Aramco_4203075077
Aramco e-Marketplace,Aramco_4203102362
Aramco e-Marketplace,Aramco_4203105468
Aramco e-Marketplace,Aramco_4203054598
Aramco e-Marketplace,Aramco_4203109669_CABLE INSTRUMENTATION; TYPE TC; 600 VO
Aramco e-Marketplace,Aramco_4203111211_CABLE; ELECTRICAL; LOW VOLTAGE; POWER OR
Aramco e-Marketplace,Aramco_4203111783_ACCESSORY; LIGHTNING GROUNDING
Aramco e-Marketplace,Aramco_4203112654_CABLE; ELECTRICAL; WEATHER-RESISTANT; CO
Aramco e-Marketplace,Aramco_4203112619_CABLE INSTRUMENTATION THERMOCOUPLE
Aramco e-Marketplace,Aramco_4203101167
Aramco e-Marketplace,"Aramco_4203113103_CABLE, ELECTRICAL, MEDIUM VOLTAGE"
Aramco e-Marketplace,Aramco_4203111781_CABLE INSTRUMENTATION THERMOCOUPLE
Aramco e-Marketplace,Aramco_4203122872_ACCESSORY; LIGHTNING GROUNDING
Aramco e-Marketplace,Aramco_4203123711_CABLE INSTRUMENTATION THERMOCOUPLE
Aramco e-Marketplace,Aramco_4203127953_1 x 120sq mm CU XLPE AWA PVC
Aramco e-Marketplace,Aramco_4203128541_ACCESSORY; CABLE AND WIRE CONNECTION
Aramco e-Marketplace,Aramco_4203128549_ACCESSORY; CABLE AND WIRE CONNECTION
Aramco e-Marketplace,Aramco_4203124495_1 x 120sq mm CU XLPE AWA PVC
Aramco e-Marketplace,"Aramco_4203120135_CABLE, FOUNDATION FIELDBUS"
Aramco e-Marketplace,Aramco_4203133619_WIRE 750V NYA 1 C 16MM2 (6 AWG) STR CU
Aramco e-Marketplace,"Aramco_4203133613_CABLE, ELECTRICAL, LOW VOLTAGE 7 S"
Aramco e-Marketplace,Aramco_4203132948_ACCESSORY; CABLE AND WIRE CONNECTION
Aramco e-Marketplace,Aramco_4203131707_CABLE INSTRUMENTATION; TYPE TC; 600 VO
Aramco e-Marketplace,Aramco_4203108914_CABLE INSTRUMENTATION THERMOCOUPLE
Aramco e-Marketplace,Aramco_4203122798_CABLE 1KV XLPE PVC 1 C 120MM2 (4 0 AWG)
Aramco e-Marketplace,Aramco_4203134913_WIRE; ELECTRICAL; BUILDING; IEC OR NEC U
Aramco e-Marketplace,"Aramco_4203132833_CABLE ELECTRICAL MEDIUM VOLTAGE, ELECTRI"
Aramco e-Marketplace,"Aramco_4203136486_CABLE, ELECTRICAL, LOW VOLTAGE 19 S"
Aramco e-Marketplace,"Aramco_4203136941_CABLE, FOUNDATION FIELDBUS"
Aramco e-Marketplace,Aramco_4203137988_CABLE INSTRUMENTATION; TYPE TC; 600 VO
Aramco e-Marketplace,Aramco_4203139426_CABLE; ELECTRICAL; LOW VOLTAGE; POWER OR
Aramco e-Marketplace,"Aramco_4203143232_CABLE ELECTRICAL, 300 500V, 16A, 12 X 1"
Aramco e-Marketplace,"Aramco_4203143206_CABLE EARTHING, 120 SQ MM, 37 S"
Aramco e-Marketplace,Aramco_4203136833_CABLE TRAY; Aluminum OR STEEL
Aramco e-Marketplace,"Aramco_4203115857_CABLE, FOUNDATION FIELDBUS"
Aramco e-Marketplace,Aramco_4203066134
Aramco e-Marketplace,"Aramco_4203144566_m5BLE, ELECTRICAL, LOW VOLTAGE XLPE,"
Aramco e-Marketplace,Aramco_4203142548_CABLE; ELECTRICAL; LOW VOLTAGE; POWER OR
Aramco e-Marketplace,Aramco_4203149782_CABLE INSTRUMENTATION THERMOCOUPLE
Aramco e-Marketplace,Aramco_4203146798_CABLE POWER; 600V-1000V;
Aramco e-Marketplace,"Aramco_4203157152_CABLE, ELECTRICAL, MEDIUM VOLTAGE"
Aramco e-Marketplace,Aramco_4203151642_CABLE INSTRUMENTATION THERMOCOUPLE
Aramco e-Marketplace,"Aramco_4203161931_CABLE, POWER, 5KV THROUGH 35 KV"
Aramco e-Marketplace,"Aramco_4203163258_CABLE, ELECTRICAL, MEDIUM VOLTAGE"
Aramco e-Marketplace,"Aramco_4203164314_CABLE, POWER, 5KV THROUGH 35 KV"
Aramco e-Marketplace,Aramco_4203165787_CLAMP GALVANIZE W BOLT AND NUT
Aramco e-Marketplace,"Aramco_4203165649_CABLE, ELECTRICAL, LOW VOLTAGE XLPE,"
Aramco e-Marketplace,Aramco_4203165669_CABLE POWER; 600V-1000V;
Aramco e-Marketplace,"Aramco_4203165692_CABLE, ELECTRICAL, LOW VOLTAGE 19 S"
Aramco e-Marketplace,"Aramco_4203168777_CABLE ELECTRICAL, 300 500V, 16A, 12 X 1"
Aramco e-Marketplace,Aramco_4203158050_1 x 400sq mm CU XLPE AWA PVC
Aramco e-Marketplace,"Aramco_4203169533_CABLE ELECTRICAL LOW VOLTAGE, ARMOURED,"
Aramco e-Marketplace,"Aramco_4203169069_CABLE, POWER, 5KV THROUGH 35 KV"
Aramco e-Marketplace,"Aramco_4203169993_COVER, CABLE TRAY 2286 MM (9 IN)"
Aramco e-Marketplace,"Aramco_4203149890_CABLE ELECTRICAL, 300 500V, 16A, 12 X 1"
Aramco e-Marketplace,"Aramco_4203169895_WIRE, ELECTRICAL 6 MM2, 4 CONDUCTOR,"
Aramco e-Marketplace,"Aramco_4203172505_CABLE ELECTRICAL LOW VOLTAGE, ARMOURED,"
Aramco e-Marketplace,"Aramco_4203167244_CABLE, POWER, 69 KV THROUGH 138 KV"
Aramco e-Marketplace,Aramco_4203176061_CABLE ELECTRICAL MEDIUM VOLTAGE ROUND AL
Aramco e-Marketplace,"Aramco_4203176712_CABLE, ELECTRICAL, LOW VOLTAGE"
Aramco e-Marketplace,"Aramco_4203176624_CABLE ELECTRICAL, 300 500V, 16A, 12 X 1"
Aramco e-Marketplace,Aramco_4203176542_CABLE; ELECTRICAL; LOW VOLTAGE; POWER OR
Aramco e-Marketplace,Aramco_4203179326_CABLE ELECTRICAL MEDIUM VOLTAGE ROUND AL
Aramco e-Marketplace,Aramco_4203181744_CABLE INSTRUMENTATION THERMOCOUPLE
Aramco e-Marketplace,"Aramco_4203179263_CABLE, ELECTRICAL, LOW VOLTAGE"
Aramco e-Marketplace,Aramco_4203182958_CABLE INSTRUMENTATION THERMOCOUPLE
Aramco e-Marketplace,"Aramco_4203183251_m5BLE, ELECTRICAL, LOW VOLTAGE XLPE,"
Aramco e-Marketplace,"Aramco_4203184028_COVER, CABLE TRAY 2286 MM (9 IN)"
Aramco e-Marketplace,Aramco_4203177431_CABLE; ELECTRICAL; LOW VOLTAGE; POWER OR
Aramco e-Marketplace,"Aramco_4203179965_CABLE ELECTRICAL LOW VOLTAGE, ITC, STRAN"
Aramco e-Marketplace,"Aramco_4203186368_CABLE, POWER, 5KV THROUGH 35 KV"
Aramco e-Marketplace,"Aramco_4203187450_COVER, CABLE TRAY 6096 MM (24 IN)"
Aramco e-Marketplace,"Aramco_4203189876_CABLE, ELECTRICAL, LOW VOLTAGE, TC, PVC"
Aramco e-Marketplace,Aramco_4203189954_CABLE INSTRUMENTATION 300V
Aramco e-Marketplace,Aramco_4203190364_CABLE 600V TC SPISCO (OS) 1 PR 16 AWG (
Aramco e-Marketplace,"Aramco_4203190239_CABLE INSTRUMENTATION, 600V;"
Aramco e-Marketplace,"Aramco_4203190795_CABLE ELECTRICAL LOW VOLTAGE, ITC, STRAN"
Aramco e-Marketplace,"Aramco_4203191225_CABLE ELECTRICAL LOW VOLTAGE, 260 KG KM,"
Aramco e-Marketplace,"Aramco_4203187662_CABLE, ELECTRICAL, LOW VOLTAGE TC, 7 S"
Aramco e-Marketplace,"Aramco_4203191339_HEAD, THERMOCOUPLE WEATHERPROOF,"
Aramco e-Marketplace,Aramco_4203191449_CABLE 600V TC SPISCO (OS) 1 PR 16 AWG (
Aramco e-Marketplace,"Aramco_4203191482_CABLE ELECTRICAL LOW VOLTAGE, ITC, STRAN"
Aramco e-Marketplace,Aramco_4203189877_CABLE INSTRUMENTATION THERMOCOUPLE
Aramco e-Marketplace,Aramco_4203192000_CABLE INSTRUMENTATION THERMOCOUPLE
Aramco e-Marketplace,"Aramco_4203191977_CABLE E I, LOW VOLTAGE 300V; 16 AWG"
Aramco e-Marketplace,Aramco_4203192389_CABLE 300V PLTC 1 PR 16 AWG (131MM2) O
Aramco e-Marketplace,"Aramco_4203192988_CABLE, POWER, 5KV THROUGH 35 KV"
Aramco e-Marketplace,Aramco_4203188955_CABLE; ELECTRICAL; LOW VOLTAGE; POWER OR
Aramco e-Marketplace,"Aramco_4203193713_CABLE, POWER, 5KV THROUGH 35 KV"
Aramco e-Marketplace,Aramco_4203197667_CABLE INSTRUMENTATION THERMOCOUPLE
Aramco e-Marketplace,"Aramco_4203161280_CABLE, POWER, 5KV THROUGH 35 KV"
Aramco e-Marketplace,"Aramco_4203198519_CABLE ACSR, 40283 MM2 (795 MCM), 26"
Aramco e-Marketplace,"Aramco_4203194772_CABLE ELECTRICAL LOW VOLTAGE, ARMOURED,"
Aramco e-Marketplace,Aramco_4203199397_CABLE INSTRUMENTATION THERMOCOUPLE
Aramco e-Marketplace,Aramco_4203198429_CABLE INSTRUMENTATION THERMOCOUPLE
Aramco e-Marketplace,"Aramco_4203167241_CABLE, POWER, 5KV THROUGH 35 KV"
Aramco e-Marketplace,"Aramco_4203196818_CABLE POWER, 20KV,1C, CU 185MM2"
Aramco e-Marketplace,Aramco_4203202278_CABLE; ELECTRICAL; LOW VOLTAGE; POWER OR
Aramco e-Marketplace,"Aramco_4203202754_CABLE, POWER, 5KV THROUGH 35 KV"
Aramco e-Marketplace,"Aramco_4203202748_CABLE, ELECTRICAL, LOW VOLTAGE 61"
Aramco e-Marketplace,"Aramco_4203205712_CABLE, POWER, 5KV THROUGH 35 KV"
Aramco e-Marketplace,"Aramco_4203206143_CABLE, POWER, 5KV THROUGH 35 KV"
Aramco e-Marketplace,Aramco_4203205488_CABLE INSTRUMENTATION THERMOCOUPLE
Aramco e-Marketplace,Aramco_4203204018_CABLE; ELECTRICAL; LOW VOLTAGE; POWER OR
Aramco e-Marketplace,Aramco_4203206348_CABLE TRAY; Aluminum OR STEEL
Aramco e-Marketplace,"Aramco_4203206573_CABLE, ELECTRICAL, LOW VOLTAGE, TC, PVC"
Aramco e-Marketplace,Aramco_4203206815_CABLE POWER; 600V-1000V;
Aramco e-Marketplace,"Aramco_4203206563_m5BLE, ELECTRICAL, LOW VOLTAGE XLPE,"
Aramco e-Marketplace,Aramco_4203208370_CABLE; ELECTRICAL; LOW VOLTAGE; POWER OR
Aramco e-Marketplace,"Aramco_4203207873_CABLE, ELECTRICAL, LOW VOLTAGE TC, 7 S"
Aramco e-Marketplace,Aramco_4203202889_CABLE; ELECTRICAL; LOW VOLTAGE; POWER OR
Aramco e-Marketplace,"Aramco_4203209998_CABLE, POWER, 69 KV THROUGH 138 KV"
Aramco e-Marketplace,Aramco_4203210005_CABLE POWER AND CONTROL; 600V-1000V;
Aramco e-Marketplace,Aramco_4203209643_CABLE TRAY; Aluminum OR STEEL
Aramco e-Marketplace,Aramco_4203210389_CABLE; ELECTRICAL; LOW VOLTAGE; POWER OR
Aramco e-Marketplace,Aramco_4203210094_CABLE; ELECTRICAL; LOW VOLTAGE; POWER OR
Aramco e-Marketplace,Aramco_4203209839_WIRE; ELECTRICAL; BUILDING; IEC OR NEC U
Aramco e-Marketplace,"Aramco_4203207498_CABLE, POWER, 5KV THROUGH 35 KV"
Aramco e-Marketplace,"Aramco_4203212161_CABLE, POWER, 5KV THROUGH 35 KV"
Aramco e-Marketplace,"Aramco_4203203997_CABLE, POWER, 5KV THROUGH 35 KV"
Aramco e-Marketplace,"Aramco_4203203996_CABLE, POWER, 5KV THROUGH 35 KV"
Aramco e-Marketplace,"Aramco_4203214706_CABLE, ELECTRICAL, MEDIUM VOLTAGE"
Aramco e-Marketplace,Aramco_4203210647_WIRE; ELECTRICAL; BUILDING; IEC OR NEC U
Aramco e-Marketplace,Aramco_4203203287_CABLE 1KV XLPE PVC 1 C 50MM2 (1 0 AWG)
Aramco e-Marketplace,"Aramco_4203219457_CABLE, POWER, 5KV THROUGH 35 KV"
Aramco e-Marketplace,"Aramco_4203219829_CABLE ELECTRICAL LOW VOLTAGE, INSTRUMENT"
Aramco e-Marketplace,Aramco_4203220394_CABLE; ELECTRICAL; LOW VOLTAGE; POWER OR
Aramco e-Marketplace,"Aramco_4203222493_CABLE, ELECTRICAL, LOW VOLTAGE"
Aramco e-Marketplace,Aramco_4203222770_CABLE INSTRUMENTATION THERMOCOUPLE
Aramco e-Marketplace,"Aramco_4203221143_CABLE, POWER, 69 KV THROUGH 138 KV"
Aramco e-Marketplace,Aramco_4203224398_CABLE; ELECTRICAL; MOTOR AND TRANSFORMER
Aramco e-Marketplace,Aramco_4203226823_CABLE INSTRUMENTATION THERMOCOUPLE
Aramco e-Marketplace,"Aramco_4203227124_CABLE, ELECTRICAL, LOW VOLTAGE, TC, PVC"
Aramco e-Marketplace,"Aramco_4203225471_CABLE, POWER, 5KV THROUGH 35 KV"
Aramco e-Marketplace,"Aramco_4203228296_WIRE,ELEC 331MM2 (12 AWG) RED - 600V"
Aramco e-Marketplace,"Aramco_4203229012_WIRE, THERMOCOUPLE JX, 131 MM2 (16"
Aramco e-Marketplace,"Aramco_4203228813_CABLE, ELECTRICAL, LOW VOLTAGE TC, 7 S"
Aramco e-Marketplace,Aramco_4203228987_ACCESSORIES CABLE TRAYS
Aramco e-Marketplace,Aramco_4203226624_CABLE TRAY; ALUMINUM OR STEEL
Aramco e-Marketplace,Aramco_4203230074_CABLE 1KV XLPE PVC 1 C 185MM2 (365MCM)
Aramco e-Marketplace,"Aramco_4203229996_CABLE, FOUNDATION FIELDBUS"
Aramco e-Marketplace,Aramco_4203228066_CABLE INSTRUMENTATION THERMOCOUPLE
Aramco e-Marketplace,"Aramco_4203229044_CABLE, POWER, 5KV THROUGH 35 KV"
Aramco e-Marketplace,"Aramco_4203228307_WIRE,ELEC 1303MM2 (6 AWG) WHITE- 600V"
Aramco e-Marketplace,Aramco_4203232300_CABLE INSTRUMENTATION THERMOCOUPLE
Aramco e-Marketplace,"Aramco_4203229038_CABLE, POWER, 5KV THROUGH 35 KV"
Aramco e-Marketplace,Aramco_4203231894_CABLE ELECTRICAL MEDIUM VOLTAGE ROUND AL
Aramco e-Marketplace,Aramco_4203232447_CABLE INSTRUMENTATION THERMOCOUPLE
Aramco e-Marketplace,"Aramco_4203233210_CABLE, POWER, 5KV THROUGH 35 KV"
Aramco e-Marketplace,"Aramco_4203233775_CABLE ELECTRICAL LOW VOLTAGE, ITC, STRAN"
Aramco e-Marketplace,Aramco_4203233573_CABLE ELECTRICAL MEDIUM VOLTAGE ROUND AL
Aramco e-Marketplace,"Aramco_4203232974_WIRE,ELEC 208MM2 (14 AWG) GREEN - 600V"
Aramco e-Marketplace,"Aramco_4203233623_CABLE, ELECTRICAL, LOW VOLTAGE"
Aramco e-Marketplace,"Aramco_4203233143_CABLE, POWER, 69 KV THROUGH 138 KV"
Saudi Electricity Company,SEC RFP-C001744022 - 6001744022
Saudi Electricity Company,SEC RFP-C00143716
Saudi Electricity Company,SEC RFP - C001409429
Aramco e-Marketplace,Aramco_4203224941_CABLE INSTRUMENTATION THERMOCOUPLE
Saudi Electricity Company,SEC RFP-C001681652
Saudi Electricity Company,SEC RFP-C001683753
Saudi Electricity Company,SEC RFP-C001691162
Saudi Electricity Company,SEC RFP - C001699852
Saudi Electricity Company,SEC RFP-C001705504
Saudi Electricity Company,SEC RFP-C001699297
Saudi Electricity Company,SEC RFP- C001701612
Saudi Electricity Company,SEC RFP- C001704404
Saudi Electricity Company,SEC RFP-C001720144
Saudi Electricity Company,SEC RFP C001689152
Saudi Electricity Company,SEC RFP-C001721788 - 6001721788
Saudi Electricity Company,SEC RFP-C001718936 - 6001718936
Saudi Electricity Company,SEC RFP-C001724607
Saudi Electricity Company,SEC RFP-C001735092
Saudi Electricity Company,SEC RFP-C001718256
Saudi Electricity Company,SEC RFP-C001707777
Saudi Electricity Company,SEC RFP C001718190
Saudi Electricity Company,SEC RFP-C001724601
Saudi Electricity Company,SEC RFP-C001709655
Saudi Electricity Company,SEC RFP-C001724044
Saudi Electricity Company,SEC RFP-C001717658
Saudi Electricity Company,RFQ - C001730018
Saudi Electricity Company,SEC RFP-C001679872
Saudi Electricity Company,SEC RFP-C001675795
Saudi Electricity Company,SEC RFP-C001681002
Saudi Electricity Company,SEC RFP-C001681003
Saudi Electricity Company,SEC RFP-C001680971
Saudi Electricity Company,SEC RFP-C001681005
Saudi Electricity Company,SEC RFP-C001677511
Saudi Electricity Company,SEC RFP-C001681613 - 6001681613
Saudi Electricity Company,SEC RFP- C001681610 - 6001681610
Saudi Electricity Company,SEC RFP-C001683105
Saudi Electricity Company,SEC RFP - C001685439
Saudi Electricity Company,SEC RFP-C001685034
Saudi Electricity Company,SEC RFP-C001687692
Saudi Electricity Company,SEC RFP C001688172
Saudi Electricity Company,SEC RFP-C001683084
Saudi Electricity Company,SEC RFP-C001688701
Saudi Electricity Company,SEC RFPC001690810
Saudi Electricity Company,SEC RFPC001693421
Saudi Electricity Company,SEC RFP-C001692298
Saudi Electricity Company,SEC RFP-C001693422
Saudi Electricity Company,SEC RFP-C001691163
Saudi Electricity Company,SEC RFP-C001689843
Saudi Electricity Company,SEC RFP-C001689846
Saudi Electricity Company,SEC RFP- C001691810 - 6001691810
Saudi Electricity Company,SEC RFP-C001698502
Saudi Electricity Company,SEC RFP-C001696228
Saudi Electricity Company,SEC RFP-C001696271
Saudi Electricity Company,SEC RFP-C001699358
Saudi Electricity Company,SEC RFP C001689105
Saudi Electricity Company,SEC RFP-C001692314 - 6001692314
Saudi Electricity Company,SEC RFP-C001696296
Saudi Electricity Company,SEC RFP- C001699870
Saudi Electricity Company,SEC RFP-C001699846
Saudi Electricity Company,SEC RFP - C001701644
Saudi Electricity Company,SEC RFP - C001690366
Saudi Electricity Company,SEC RFP-C001700395
Saudi Electricity Company,SEC RFP-C001701672
Saudi Electricity Company,SEC RFP-C001705330
Saudi Electricity Company,SEC RFP-C001704363
Saudi Electricity Company,SEC RFP-C001701688
Saudi Electricity Company,SEC RFP C001701153
Saudi Electricity Company,SEC RFP C001701142
Saudi Electricity Company,SEC RFP-C001707299
Saudi Electricity Company,SEC RFP-C001708957
Saudi Electricity Company,SEC RFPC001701163
Saudi Electricity Company,SEC RFP-C001698569 - 6001698569
Saudi Electricity Company,SEC RFP-C001707490
Saudi Electricity Company,SEC RFP-C001707491
Saudi Electricity Company,SEC RFP-C001707774
Saudi Electricity Company,SEC RFP-C001712510
Saudi Electricity Company,SEC RFPC001712540
Saudi Electricity Company,SEC RFP-C001714828
Saudi Electricity Company,SEC RFP- C001705343
Saudi Electricity Company,SEC RFP- C001709647
Saudi Electricity Company,SEC RFP - C001712845
Saudi Electricity Company,SEC RFP-C001713726
Saudi Electricity Company,SEC RFP-C001711543
Saudi Electricity Company,SEC RFP - C001707368
Saudi Electricity Company,SEC RFP-C001715122
Saudi Electricity Company,SEC RFP-C001713766
Saudi Electricity Company,SEC RFP-C001717691
Saudi Electricity Company,SEC RFP-C001715604 - 6001715604
Saudi Electricity Company,SEC RFP - C001722826
Saudi Electricity Company,SEC RFP-C001715067
Saudi Electricity Company,SEC RFP- C001726491
Saudi Electricity Company,SEC RFP-C001712586
Saudi Electricity Company,SEC RFP - C001725057
Saudi Electricity Company,SEC RFP - C001725054
Saudi Electricity Company,SEC RFP-C001720361
Saudi Electricity Company,SEC RFP-C001728053
Saudi Electricity Company,SEC RFP-C001726485
Saudi Electricity Company,SEC RFP-C001735069
Saudi Electricity Company,SEC RFP-C001734602
Saudi Electricity Company,SEC RFP-C001735097 - 6001735097
Saudi Electricity Company,SEC RFP-C001735132
Saudi Electricity Company,SEC RFP-C001729202
Saudi Electricity Company,SEC RFP-C001737468
Saudi Electricity Company,SEC RFP- C001733709
Saudi Electricity Company,SEC RFPC001740962
Saudi Electricity Company,SEC RFP-C001739762
Saudi Electricity Company,SEC RFP-C001732146
Saudi Electricity Company,SEC  RFP - C001405508
Saudi Electricity Company,SEC  RFPC001417946
Saudi Electricity Company,SEC  RFP-C001423635
Saudi Electricity Company,SEC  RFP- C001423234
Saudi Electricity Company,SEC  RFP-C001427098
Saudi Electricity Company,SEC  RFP-C001427011
Saudi Electricity Company,SEC  RFP-C001431628
Saudi Electricity Company,SEC  RFP-C001433816
Saudi Electricity Company,SEC  RFP - C001434805
Saudi Electricity Company,SEC  RFP - C001434715
Saudi Electricity Company,C001433055
Saudi Electricity Company,SEC  RFP- C001437300
Saudi Electricity Company,SEC  RFPC001436240
Saudi Electricity Company,SEC  RFP-C001438590
Saudi Electricity Company,SEC  RFP - C001437739
Saudi Electricity Company,SEC  RFP-C001437520
Saudi Electricity Company,SEC  RFPC001436728
Saudi Electricity Company,SEC  RFPC001436731
Saudi Electricity Company,SEC  RFP-C001435105
Saudi Electricity Company,SEC  RFP-C001435302
Saudi Electricity Company,SEC RFP-C001438635
Saudi Electricity Company,SEC  RFP - C001436663
Saudi Electricity Company,SEC  RFP - C001440370
Saudi Electricity Company,SEC  RFP-C001440403
Saudi Electricity Company,SEC  RFP-C001438640
Saudi Electricity Company,SEC  RFP-C001438628
Saudi Electricity Company,SEC  RFP-C001438644
Saudi Electricity Company,SEC  RFP - C001443090
Saudi Electricity Company,SEC  RFPC001442254
Saudi Electricity Company,SEC  RFP-C001442398
Saudi Electricity Company,SEC  RFP -C001442403
Saudi Electricity Company,SEC  RFP-C001442426
Saudi Electricity Company,SEC  RFP-C001444740
Saudi Electricity Company,SEC  RFP-C001445276
Saudi Electricity Company,SEC  RFP-C001433167
Saudi Electricity Company,SEC  RFP - C001441261
Saudi Electricity Company,SEC  RFPC001446398
Saudi Electricity Company,SEC  RFP-C001446255
Saudi Electricity Company,SEC  RFP-C001446454
Saudi Electricity Company,SEC  RFP - C001448224
Saudi Electricity Company,SEC  RFP-C001446252
Saudi Electricity Company,SEC  RFP-C001458262
Saudi Electricity Company,SEC  RFP-C001459312-6001459312
Saudi Electricity Company,SEC  RFP-C001457715
Saudi Electricity Company,SEC  RFP - C001456957
Saudi Electricity Company,SEC  RFP-C001457519-6001457519
Saudi Electricity Company,SEC  RFP C001458453
Saudi Electricity Company,SEC  RFP-C001458440 - 6001458440
Saudi Electricity Company,SEC  RFP-C001459954
Saudi Electricity Company,SEC  RFP-C001433173
Saudi Electricity Company,SEC  RFP-C001459800-6001459800
Saudi Electricity Company,SEC  RFP- C001457753
Saudi Electricity Company,SEC  RFP-C001457748
Saudi Electricity Company,SEC  RFPC001459538
Saudi Electricity Company,SEC  RFP-C001462123
Saudi Electricity Company,SEC  RFP-C001459057
Saudi Electricity Company,SEC  RFP C001463065 - 6001463065
Saudi Electricity Company,SEC  RFPC001461510
Saudi Electricity Company,SEC  RFP - C001463537
Saudi Electricity Company,SEC  RFP-C001459571
Saudi Electricity Company,SEC  RFP-C001459593
Saudi Electricity Company,SEC  RFP- C001464924 - 6001464924
Saudi Electricity Company,SEC  RFP C001467363 - 6001467363
Saudi Electricity Company,SEC  RFP-C001462674
Saudi Electricity Company,SEC  RFP-C001467311
Saudi Electricity Company,SEC  RFP- C001468179 - 6001468179
Saudi Electricity Company,SEC  RFP-C001466367
Saudi Electricity Company,SEC  RFP - C001449067
Saudi Electricity Company,SEC  RFP-C001449622
Saudi Electricity Company,SEC  RFP-C001446715
Saudi Electricity Company,SEC  RFP - C001446090
Saudi Electricity Company,SEC  RFP-C001452278
Saudi Electricity Company,SEC  RFP-C001450305
Saudi Electricity Company,SEC  RFP-C001447424
Saudi Electricity Company,SEC  RFP C001449676
Saudi Electricity Company,SEC  RFP C001449677
Saudi Electricity Company,C001452534
Saudi Electricity Company,SEC  RFP-C001449814
Saudi Electricity Company,SEC  RFP C001449678
Saudi Electricity Company,C001456304-6001456304
Saudi Electricity Company,C001454007 -6001454007
Saudi Electricity Company,SEC  RFP-C001451783
Saudi Electricity Company,SEC  RFP - C001455886
Saudi Electricity Company,SEC  RFP C001451489
Saudi Electricity Company,SEC  RFP-C001455446
Saudi Electricity Company,SEC  RFP - C001456756
Saudi Electricity Company,SEC  RFP-C001454582
Saudi Electricity Company,SEC  RFP - C001456667
Saudi Electricity Company,SEC  RFP-C001458260
Saudi Electricity Company,SEC  RFPC001442256
Saudi Electricity Company,SEC  RFP- C001479786 - 6001479786
Saudi Electricity Company,SEC  RFP-C001477976
Saudi Electricity Company,SEC  RFP-C001472711
Saudi Electricity Company,SEC  RFP-C001481260
Saudi Electricity Company,SEC  RFPC001481265
Saudi Electricity Company,SEC  RFP-C001481688
Saudi Electricity Company,SEC  RFP-C001478056
Saudi Electricity Company,SEC  RFP C001479785
Saudi Electricity Company,SEC  RFP-C001480508
Saudi Electricity Company,SEC  RFP-C001482827
Saudi Electricity Company,SEC  RFP-C001482614
Saudi Electricity Company,SEC  RFP-C001482102
Saudi Electricity Company,SEC  RFP-C001483834 - 6001483834
Saudi Electricity Company,SEC  RFP-C001483718
Saudi Electricity Company,SEC  RFP-C001483415 - 6001483415
Saudi Electricity Company,SEC  RFP-C001483000
Saudi Electricity Company,SEC  RFP-C001478687
Saudi Electricity Company,SEC  RFP-C001484520
Saudi Electricity Company,SEC  RFP C001485690
Saudi Electricity Company,SEC  RFP- C001485606
Saudi Electricity Company,SEC  RFP-C001483935
Saudi Electricity Company,SEC  RFP-C001485579 - 6001485579
Saudi Electricity Company,SEC  RFPC001485908
Saudi Electricity Company,SEC  RFP- C001485625
Saudi Electricity Company,SEC  RFP C001483729
Saudi Electricity Company,SEC  RFP- C001506871
Saudi Electricity Company,SEC  RFP-C001509114
Saudi Electricity Company,SEC  RFP-C001509024 - 6001509024
Saudi Electricity Company,SEC  RFP-C001509011 - 6001509011
Saudi Electricity Company,SEC  RFP- C001509862 - 6001509862
Saudi Electricity Company,SEC  RFP-C001510112 - 6001510112
Saudi Electricity Company,SEC  RFP-C001510631 - 6001510631
Saudi Electricity Company,SEC  RFP-C001510661
Saudi Electricity Company,SEC  RFP-C001510919 - 6001510919
Saudi Electricity Company,SEC  RFP-C001512003
Saudi Electricity Company,SEC  RFP - C001511670
Saudi Electricity Company,SEC  RFP-C001504184
Saudi Electricity Company,SEC  RFP - C001505885
Saudi Electricity Company,SEC  RFPC001511409
Saudi Electricity Company,SEC  RFP-C001511666 - 6001511666
Saudi Electricity Company,SEC  RFPc001506925
Saudi Electricity Company,SEC  RFP-C001512051
Saudi Electricity Company,SEC  RFP C001513701
Saudi Electricity Company,SEC  RFP-C001510943
Saudi Electricity Company,SEC  RFP-C001513922 - 6001513922
Saudi Electricity Company,SEC  RFP-C001513890
Saudi Electricity Company,SEC  RFP-C001505350
Saudi Electricity Company,SEC  RFP-C001513925 - 6001513925
Saudi Electricity Company,SEC  RFP-C001516214
Saudi Electricity Company,SEC  RFP-C001513924 - 6001513924
Saudi Electricity Company,SEC  RFP-C001515794 - 6001515794
Saudi Electricity Company,SEC  RFP-C001516771
Saudi Electricity Company,SEC  RFP- C001516181 - 6001516181
Saudi Electricity Company,SEC  RFP-C001515580
Saudi Electricity Company,SEC  RFP C001517252
Saudi Electricity Company,SEC  RFP C001527352
Saudi Electricity Company,SEC  RFP-C001527471 - 6001527471
Saudi Electricity Company,SEC  RFPC001527894
Saudi Electricity Company,SEC  RFP- C001527934 - 6001527934
Saudi Electricity Company,SEC  RFP-C001527931 - 6001527931
Saudi Electricity Company,SEC  RFP-C001527808
Saudi Electricity Company,SEC  RFQ - C001532871
Saudi Electricity Company,SEC  RFP-C001527822
Saudi Electricity Company,SEC  RFP-C001528235 - 6001528235
Saudi Electricity Company,SEC  RFP-C001528250 - 6001528250
Saudi Electricity Company,SEC  RFP-C001528245 - 6001528245
Saudi Electricity Company,SEC  RFP-C001528252 - 6001528252
Saudi Electricity Company,RFQ - C001528996
Saudi Electricity Company,SEC  RFP C001528227
Saudi Electricity Company,SEC  RFP-C001529563 - 6001529563
Saudi Electricity Company,SEC  RFP-C001531484
Saudi Electricity Company,SEC  RFP C001531439
Saudi Electricity Company,SEC  RFP-C001531022 - 6001531022
Saudi Electricity Company,SEC  RFP-C001531023 - 6001531023
Saudi Electricity Company,SEC  RFP-C001531478 - 6001531478
Saudi Electricity Company,SEC  RFP-C001532019 - 6001532019
Saudi Electricity Company,SEC  RFP-C001533463 - 6001533463
Saudi Electricity Company,SEC  RFP-C001532902 - 6001532902
Saudi Electricity Company,SEC  RFP-C001533510
Saudi Electricity Company,SEC  RFP-C001533871
Saudi Electricity Company,SEC  RFP-C001533889 - 6001533889
Saudi Electricity Company,SEC  RFP-C001534259 - 6001534259
Saudi Electricity Company,SEC  RFP C001534890
Saudi Electricity Company,SEC  RFP- C001535676
Saudi Electricity Company,SEC  RFP-C001534907 - 6001534907
Saudi Electricity Company,SEC  RFP-C001538393
Saudi Electricity Company,SEC  RFP C001537575
Saudi Electricity Company,SEC  RFP-C001538407
Saudi Electricity Company,SEC  RFP-C001538336 - 6001538336
Saudi Electricity Company,SEC  RFP- C001538345
Saudi Electricity Company,SEC  RFP-C001538947
Saudi Electricity Company,SEC  RFP-C001538945 - 6001538945
Saudi Electricity Company,SEC  RFP- C001538363
Saudi Electricity Company,SEC  RFP- C001540262 - 6001540262
Saudi Electricity Company,SEC  RFP-C001539920
Saudi Electricity Company,SEC  RFP - C001552728
Saudi Electricity Company,SEC  RFP C001549747
Saudi Electricity Company,SEC  RFP-C001563836
Saudi Electricity Company,SEC  RFP-C001548705
Saudi Electricity Company,SEC  RFP-C001564597
Saudi Electricity Company,SEC  RFPC001553971
Saudi Electricity Company,SEC  RFPC001555394
Saudi Electricity Company,SEC  RFP-C001558708
Saudi Electricity Company,SEC  RFP-C001588130
Saudi Electricity Company,SEC  RFP - C001593154
Saudi Electricity Company,SEC  RFP-C001587815
Saudi Electricity Company,SEC  RFP-C001587816
Saudi Electricity Company,SEC  RFP - C001577978
Saudi Electricity Company,SEC  RFP-C001591285
Saudi Electricity Company,SEC  RFP-C001593750
Saudi Electricity Company,SEC  RFP-6001596836
Saudi Electricity Company,SEC  RFP - C001589521
Saudi Electricity Company,SEC  RFP-C001591095
Saudi Electricity Company,SEC  RFPC001593749
Saudi Electricity Company,SEC  RFP-C001598673
Saudi Electricity Company,SEC  RFP-C001601536 - 6001601536
Saudi Electricity Company,SEC  RFP-C001601539 - 6001601539
Saudi Electricity Company,SEC  RFP-C001597754
Saudi Electricity Company,SEC  RFP - C001600623
Saudi Electricity Company,SEC  RFP-C001600096
Saudi Electricity Company,SEC  RFP - C001600628
Saudi Electricity Company,SEC  RFP-C001599675
Saudi Electricity Company,SEC  RFP-C001604513 - 6001604513
Saudi Electricity Company,SEC  RFP-C001604484
Saudi Electricity Company,SEC  RFP-C001604558
Saudi Electricity Company,SEC  RFP-C001606460
Saudi Electricity Company,SEC  RFP - C001595983
Saudi Electricity Company,SEC  RFP- C001607347
Saudi Electricity Company,SEC  RFP - C001607388
Saudi Electricity Company,SEC  RFP-C001605352
Saudi Electricity Company,SEC  RFP-C001631179
Saudi Electricity Company,SEC  RFP-C001630042
Saudi Electricity Company,SEC  RFP-C001627072
Saudi Electricity Company,SEC  RFP-C001629202
Saudi Electricity Company,SEC  RFP-C001629200
Saudi Electricity Company,SEC  RFP-C001632406 - 6001632406
Saudi Electricity Company,SEC  RFP-C001631186 - 6001631186
Saudi Electricity Company,SEC  RFP-C001628893
Saudi Electricity Company,SEC  RFP-C001628412
Saudi Electricity Company,SEC  RFP-C001631188 - 6001631188
Saudi Electricity Company,SEC  RFP- C001633255 - 6001633255
Saudi Electricity Company,SEC  RFP - C001628378
Saudi Electricity Company,SEC  RFP - C001630570
Saudi Electricity Company,SEC  RFP - C001633715
Saudi Electricity Company,SEC  RFP C001632466
Saudi Electricity Company,SEC  RFP-C001633260
Saudi Electricity Company,SEC  RFP-C001634307
Saudi Electricity Company,SEC  RFP-C001631184
Saudi Electricity Company,SEC  RFP-C001618252
Saudi Electricity Company,SEC  RFP C001617310
Saudi Electricity Company,SEC  RFP-C001617296
Saudi Electricity Company,SEC  RFP-C001620701 - 6001620701
Saudi Electricity Company,SEC  RFP-C001641840
Saudi Electricity Company,SEC  RFP-C001651215 - 6001651215
Saudi Electricity Company,SEC  RFP-C001647941
Saudi Electricity Company,SEC  RFP-C001650103 - 6001650103
Saudi Electricity Company,SEC  RFP-C001641843
Saudi Electricity Company,SEC  RFP - C001651259
Saudi Electricity Company,SEC  RFP-C001651908
Saudi Electricity Company,SEC  RFP- C001651887 - 6001651887
Saudi Electricity Company,SEC  RFP- C001651895 - 6001651895
Saudi Electricity Company,SEC  RFP-C001651286
Saudi Electricity Company,SEC  RFP-C001648732
Saudi Electricity Company,SEC  RFP - C001647963
Saudi Electricity Company,SEC  RFP - C001640433
Saudi Electricity Company,SEC  RFP- C001647953
Saudi Electricity Company,SEC  RFP- C001647945
Saudi Electricity Company,SEC  RFP-C001651352
Saudi Electricity Company,SEC  RFP-C001647138
Saudi Electricity Company,SEC  RFPC001647897
Saudi Electricity Company,SEC  RFP- C001649567 - 6001649567
Saudi Electricity Company,SEC  RFP-C001647140
Saudi Electricity Company,SEC  RFP-C001651891 - 6001651891
Saudi Electricity Company,SEC  RFP-C001648777
Saudi Electricity Company,SEC  RFP-C001648739
Saudi Electricity Company,SEC  RFP-C001651463
Saudi Electricity Company,SEC  RFP-C001651924
Saudi Electricity Company,SEC  RFP-C001656736
Saudi Electricity Company,SEC  RFP-C001653303
Saudi Electricity Company,SEC  RFPC001656718
Saudi Electricity Company,SEC  RFP-C001656737
Saudi Electricity Company,SEC  RFP C001654225
Saudi Electricity Company,SEC  RFP-C001656716
Saudi Electricity Company,SEC  RFP C001652739
Saudi Electricity Company,SEC  RFP C001654162
Saudi Electricity Company,SEC  RFP C001654158
Saudi Electricity Company,SEC  RFP- C001658084 - 6001658084
Saudi Electricity Company,SEC  RFP-C001655819
Saudi Electricity Company,SEC  RFP-C001656748
Saudi Electricity Company,SEC  RFP-C001656747
Saudi Electricity Company,SEC  RFP-C001658083
Saudi Electricity Company,SEC  RFP-C001659156
Saudi Electricity Company,SEC  RFP - C001661326
Saudi Electricity Company,SEC  RFP- C001657527
Saudi Electricity Company,SEC  RFP-C001660323
Saudi Electricity Company,SEC  RFP-C001662073
Saudi Electricity Company,SEC  RFP-C001658036
Saudi Electricity Company,SEC  RFPC001662910
Saudi Electricity Company,SEC  RFP_C001665256
Saudi Electricity Company,SEC  RFP-C001657586
Saudi Electricity Company,SEC  RFP- C001660330
Saudi Electricity Company,SEC  RFP-C001665268
Saudi Electricity Company,SEC  RFP-C001669010
Saudi Electricity Company,SEC  RFP-C001674796
Saudi Electricity Company,SEC  RFP-C001669018
Saudi Electricity Company,SEC  RFP-C001680971
Saudi Electricity Company,SEC  RFP-C001681002
Saudi Electricity Company,SEC  RFP-C001681005
Saudi Electricity Company,SEC  RFP-C001681652
Saudi Electricity Company,SEC  RFP-C001681003
Saudi Electricity Company,SEC  RFP-C001677511
Saudi Electricity Company,SEC  RFP- C001677295
Saudi Electricity Company,SEC  RFP-C001674288
Saudi Electricity Company,SEC  RFP-C001681613 - 6001681613
Saudi Electricity Company,SEC  RFP C001678225
Saudi Electricity Company,SEC  RFP- C001681610 - 6001681610
Saudi Electricity Company,SEC RFP-C001681009
Saudi Electricity Company,SEC  RFP C001678885
Saudi Electricity Company,SEC  RFP - C001683688
Saudi Electricity Company,SEC  RFP-C001683105
Saudi Electricity Company,SEC  RFPC001685037
Saudi Electricity Company,SEC  RFP-C001683753
Saudi Electricity Company,SEC  RFP - C001685439
Saudi Electricity Company,SEC  RFP - C001687717
Aramco e-Marketplace,Aramco_4203191746_TRAY STRAIGHT; AL 6 WD X 12' LG X 6 L
Saudi Electricity Company,SEC  RFP-C001687692
Saudi Electricity Company,SEC  RFP-C001686708
Saudi Electricity Company,SEC  RFP- C001681592
Saudi Electricity Company,SEC  RFP- C001682340
Saudi Electricity Company,SEC  RFP-C001685428 - 6001685428
Saudi Electricity Company,SEC  RFP-C001684465 - 6001684465
Saudi Electricity Company,SEC  RFP-C001684463 - 6001684463
Saudi Electricity Company,SEC  RFP-C001683084
HADEED - RAJHI STEEL,9900004882 1539653 Fiber Optic Cable
HADEED - RAJHI STEEL,1723077 952308 298602 298605 1732440 430554 744346 300343 504984 520499 Communication Cable
HADEED - RAJHI STEEL,9900003635 - 295341
HADEED - RAJHI STEEL,9900000334 730882 HV Shielded CABLE
HADEED - RAJHI STEEL,1001867 801335 567424 1037721 1042597 Cables
HADEED - RAJHI STEEL,9900003750 390835
HADEED - RAJHI STEEL,346015 339998 330222 322479 319146 333215 Cables
HADEED - RAJHI STEEL,6600000035
Saudi Electricity Company,SEC  RFP-C00143716
Saudi Electricity Company,SEC  RFP - C001409429
Saudi Electricity Company,SEC  RFP - C001404601
Saudi Electricity Company,SEC  RFP - C001678139
Saudi Electricity Company,SEC  RFP-C001686172
Saudi Electricity Company,SEC  RFP-C001685034
Saudi Electricity Company,SEC  RFPC001685038
Saudi Electricity Company,SEC  RFPC001685042
Saudi Electricity Company,SEC  RFP-C001679872
Saudi Electricity Company,SEC  RFP-C001681039 - 6001681039
Saudi Electricity Company,SEC  RFP-C001678948
Saudi Electricity Company,SEC  RFP- C001678253
Saudi Electricity Company,SEC  RFP-C001677268
Saudi Electricity Company,SEC  RFP-C00167634
Saudi Electricity Company,SEC  RFP-C001670562
Saudi Electricity Company,SEC  RFP-C001670564
Saudi Electricity Company,SEC  RFP-C001676354
Saudi Electricity Company,SEC  RFP-C001675391 - 6001675391
Saudi Electricity Company,SEC  RFP- C001675392 - 6001675392
Saudi Electricity Company,SEC  RFP-C001676358
Saudi Electricity Company,SEC  RFP-C001675795
Saudi Electricity Company,SEC  RFP - C001659822
Saudi Electricity Company,SEC  RFP-C001674832
Saudi Electricity Company,SEC  RFP-C001675410
Saudi Electricity Company,SEC  RFP- C001672882 - 6001672882
Saudi Electricity Company,SEC  RFP-C001675367
Saudi Electricity Company,SEC  RFP-C001672888 - 6001672888
Saudi Electricity Company,SEC  RFP-C001671222
Saudi Electricity Company,SEC  RFPC001669579
Saudi Electricity Company,SEC  RFP - C001671242
Saudi Electricity Company,SEC  RFP-6001676365
Saudi Electricity Company,SEC RFP-C001669563
Saudi Electricity Company,SEC  RFP-C001666477
Saudi Electricity Company,SEC  RFP-C001669001
Saudi Electricity Company,SEC  RFP-C001669576
Saudi Electricity Company,SEC  RFP C001666464
Saudi Electricity Company,SEC  RFP-C001666475
Saudi Electricity Company,SEC RFP - C001672885
Saudi Electricity Company,SEC  RFP-C001666476
Saudi Electricity Company,SEC  RFP- C001667493
Saudi Electricity Company,SEC  RFP-C001669052 - 6001669052
Saudi Electricity Company,SEC  RFP-C001665266
Saudi Electricity Company,SEC  RFP-C001663438
Saudi Electricity Company,SEC  RFP-C001666385
Saudi Electricity Company,SEC  RFP-C001663504
Saudi Electricity Company,SEC  RFP-C001673566
Saudi Electricity Company,SEC  RFP C001665255
Saudi Electricity Company,SEC  RFP-C001669607 - 6001669607
Saudi Electricity Company,SEC  RFP-C001663389
Saudi Electricity Company,SEC  RFP-C001660884
Saudi Electricity Company,SEC  RFP-C001665625
Saudi Electricity Company,SEC  RFP-C001665985
Saudi Electricity Company,SEC  RFP-C001648033
Saudi Electricity Company,SEC  RFP-C001661956
Saudi Electricity Company,SEC  RFPC001670637
Saudi Electricity Company,SEC  RFP-C001664769
Saudi Electricity Company,SEC  RFP- C001664725 - 6001664725
Saudi Electricity Company,SEC  RFP-C001657554
Saudi Electricity Company,SEC  RFP-C001666473
Saudi Electricity Company,SEC  RFP-C001665277
Saudi Electricity Company,SEC  RFP-C001669626
Saudi Electricity Company,SEC  RFP-C001664683 - 6001664683
Saudi Electricity Company,SEC  RFP-C001662309 - 6001662309
Saudi Electricity Company,SEC  RFP-C001671196
Saudi Electricity Company,SEC  RFP- C001668204 - 6001668204
Saudi Electricity Company,SEC  RFP- C001647829
Saudi Electricity Company,SEC  RFP-C001666474
Saudi Electricity Company,SEC  RFP-C001650097
Saudi Electricity Company,SEC  RFP-C001658039
Saudi Electricity Company,SEC  RFP-C001650684
Saudi Electricity Company,SEC  RFP C001645590
Saudi Electricity Company,SEC  RFP- C001647869
Saudi Electricity Company,SEC  RFP-C001654187 - 6001654187
Saudi Electricity Company,SEC  RFPC001649540
Saudi Electricity Company,SEC  RFP-C001653323 - 6001653323
Saudi Electricity Company,SEC  RFP - C001660908
Saudi Electricity Company,SEC  RFP-C001651314
Saudi Electricity Company,SEC  RFP C001661962
Saudi Electricity Company,SEC  RFP-C001661989
Saudi Electricity Company,SEC  RFP-C001659145
Saudi Electricity Company,SEC  RFP-C001662000
Saudi Electricity Company,SEC  RFP-C001659050
Saudi Electricity Company,SEC  RFP-C001662899
Saudi Electricity Company,SEC  RFPC001656722
Saudi Electricity Company,RFQ - C001652754
Saudi Electricity Company,SEC  RFP-C001660866 - 6001660866
Saudi Electricity Company,SEC  RFP-C001661314
Saudi Electricity Company,SEC  RFP-C001657539
Saudi Electricity Company,SEC  RFP-C001633704
Saudi Electricity Company,SEC  RFP-C001650065
Saudi Electricity Company,SEC  RFP-C001647936 - 6001647936
Saudi Electricity Company,SEC  RFP-C001647938 - 6001647938
Saudi Electricity Company,SEC  RFP - C001624126
Saudi Electricity Company,SEC  RFP C001642772
Saudi Electricity Company,SEC  RFP-C001642265
Saudi Electricity Company,SEC  RFP- C001634264
Saudi Electricity Company,SEC  RFPC001634696
Saudi Electricity Company,SEC  RFP - C001622685
Saudi Electricity Company,SEC  RFP - C001647202
Saudi Electricity Company,SEC  RFP-C001646725
Saudi Electricity Company,SEC  RFP C001632483
Saudi Electricity Company,SEC  RFP- C001643822
Saudi Electricity Company,SEC  RFP-C001635311
Saudi Electricity Company,SEC  RFP- C001639019
Saudi Electricity Company,SEC  RFP-C001634255
Saudi Electricity Company,SEC  RFP-C001645514
Saudi Electricity Company,SEC  RFP-C001646189
Saudi Electricity Company,SEC  RFP-C001635956
Saudi Electricity Company,SEC  RFP-C001643439
Saudi Electricity Company,SEC  RFP-C001643806
Saudi Electricity Company,SEC  RFP - C001635260
Saudi Electricity Company,SEC  RFP-C001650126
Saudi Electricity Company,SEC  RFP- C001643738 - 6001643738
Saudi Electricity Company,SEC  RFP-C001634678 - 6001634678
Saudi Electricity Company,SEC  RFP-C001641817
Saudi Electricity Company,SEC  RFP-C001648746 - 6001648746
Saudi Electricity Company,SEC  RFP-C001641774
Saudi Electricity Company,SEC  RFP-C001642287 - 6001642287
Saudi Electricity Company,SEC  RFP C001640346
Saudi Electricity Company,SEC  RFP-C001640325
Saudi Electricity Company,SEC  RFP-C001640376
Saudi Electricity Company,SEC  RFP-C001641239 - 6001641239
Saudi Electricity Company,SEC  RFP-C001639673
Saudi Electricity Company,SEC  RFP - C001640862
Saudi Electricity Company,SEC  RFPC001640915
Saudi Electricity Company,SEC  RFP-C001640350-SV
Saudi Electricity Company,SEC  RFP - C001634318
Saudi Electricity Company,SEC  RFP - C001638366
Saudi Electricity Company,SEC  RFP-C001640389
Saudi Electricity Company,SEC  RFP-C001635342
Saudi Electricity Company,SEC  RFP-C001635291
Saudi Electricity Company,SEC  RFP-C001628871
Saudi Electricity Company,SEC  RFP - C001640925
Saudi Electricity Company,SEC  RFP C001616758
Saudi Electricity Company,SEC  RFP-C001614944 - 6001614944
Saudi Electricity Company,SEC  RFP-C001612094
Saudi Electricity Company,SEC  RFP-C001625825
Saudi Electricity Company,SEC  RFP C001611616
Saudi Electricity Company,SEC  RFP-C001625276 - 6001625276
Saudi Electricity Company,SEC  RFP- C001625277 - 6001625277
Saudi Electricity Company,SEC  RFP-C001625275 - 6001625275
Saudi Electricity Company,SEC  RFP-C001626976
Saudi Electricity Company,SEC  RFP-6001624708
Saudi Electricity Company,SEC  RFP-C001623944
Saudi Electricity Company,SEC  RFP-C001612906
Saudi Electricity Company,SEC  RFP-C001628395
Saudi Electricity Company,SEC  RFP-C001623966 - 6001623966
Saudi Electricity Company,SEC  RFP - C001620627
Saudi Electricity Company,SEC  RFP C001622710
Saudi Electricity Company,SEC  RFP - C001622756
Saudi Electricity Company,SEC  RFP-C001629201 - 6001629201
Saudi Electricity Company,SEC  RFP-C001630032
Saudi Electricity Company,SEC  RFP-C001621302
Saudi Electricity Company,SEC  RFP-C001628361
Saudi Electricity Company,SEC  RFP-C001620076
Saudi Electricity Company,SEC  RFP-C001618299
Saudi Electricity Company,SEC  RFP-C001627823
Saudi Electricity Company,SEC  RFP-6001621274
Saudi Electricity Company,SEC  RFP C001624659
Saudi Electricity Company,SEC  RFP- C001613813
Saudi Electricity Company,SEC  RFP - C001627041
Saudi Electricity Company,SEC  RFP-C001624773
Saudi Electricity Company,SEC  RFP-C001625253
Saudi Electricity Company,SEC  RFP-6001621290
Saudi Electricity Company,SEC  RFP-C001616700 - 6001616700
Saudi Electricity Company,SEC  RFP-C001625211
Saudi Electricity Company,SEC  RFP-C001628379
Saudi Electricity Company,SEC  RFP-C001617273
Saudi Electricity Company,SEC  RFP-C001609256
Saudi Electricity Company,SEC  RFP- C001626273 - 6001626273
Saudi Electricity Company,SEC  RFP-C001627004
Saudi Electricity Company,SEC  RFP-C001625827
Saudi Electricity Company,SEC  RFP-C001625826
Saudi Electricity Company,SEC  RFP-C001614537
Saudi Electricity Company,SEC  RFP-C001610247
Saudi Electricity Company,SEC  RFP-C001610799
Saudi Electricity Company,SEC  RFP- C001609586
Saudi Electricity Company,SEC  RFP- C001610259
Saudi Electricity Company,SEC  RFP-C001609520
Saudi Electricity Company,SEC  RFP - C001605342
Saudi Electricity Company,SEC  RFP-C001609524 - 6001609524
Saudi Electricity Company,SEC  RFP- C001609247 - 6001609247
Saudi Electricity Company,SEC  RFP-C001605333 - 6001605333
Saudi Electricity Company,SEC  RFP-C001588173
Saudi Electricity Company,SEC  RFP-C001588162
Saudi Electricity Company,SEC  RFP-C001598603
Saudi Electricity Company,SEC  RFPC001588798
Saudi Electricity Company,SEC  RFP-C001599648
Saudi Electricity Company,SEC  RFP-C001594779
Saudi Electricity Company,SEC  RFP-C001588858 - 6001588858
Saudi Electricity Company,SEC  RFP- C001589477 - 6001589477
Saudi Electricity Company,SEC  RFP-C001586862 - 6001586862
Saudi Electricity Company,SEC  RFP-C001583450 - 6001583450
Saudi Electricity Company,SEC  RFP-C001584648
Saudi Electricity Company,SEC  RFP-C001585674 - 6001585674
Saudi Electricity Company,SEC  RFP-C001585618 - 6001585618
Saudi Electricity Company,SEC  RFP 6001586250
Saudi Electricity Company,SEC  RFP-C001585640 - 6001585640
Saudi Electricity Company,SEC  RFP C001586820
Saudi Electricity Company,SEC  RFP-C001596839 - 6001596839
Saudi Electricity Company,SEC  RFP-C001582099 - 6001582099
Saudi Electricity Company,RFQ - C001596029
Saudi Electricity Company,SEC  RFPC001585087
Saudi Electricity Company,SEC  RFP-C001575882
Saudi Electricity Company,SEC  RFP-C001596933 - 6001596933
Saudi Electricity Company,SEC  RFP 6001597806
Saudi Electricity Company,SEC  RFPC001599642
Saudi Electricity Company,SEC  RFP-C001597774
Saudi Electricity Company,SEC  RFP - C001601580
Saudi Electricity Company,SEC  RFP-C001587504
Saudi Electricity Company,SEC  RFP-C001575888
Saudi Electricity Company,SEC  RFP-C001599728
Saudi Electricity Company,SEC  RFP-C001575801
Saudi Electricity Company,SEC  RFPC001556906
Saudi Electricity Company,SEC  RFP - C001574605
Saudi Electricity Company,SEC  RFP-C001561740
Saudi Electricity Company,SEC  RFP - C001569847
Saudi Electricity Company,SEC  RFP - C001553309
Saudi Electricity Company,SEC  RFP-C001577979
Saudi Electricity Company,SEC  RFP 6001580627
Saudi Electricity Company,SEC  RFP-C001578534 - 6001578534
Saudi Electricity Company,SEC  RFP 6001580620
Saudi Electricity Company,SEC  RFP 6001579583
Saudi Electricity Company,SEC  RFP-C001577913
Saudi Electricity Company,SEC  RFP - C001553306
Saudi Electricity Company,SEC  RFP - C001571455
Saudi Electricity Company,SEC  RFP - C001552719
Saudi Electricity Company,SEC  RFPC001556883
Saudi Electricity Company,SEC  RFP 6001569889
Saudi Electricity Company,SEC  RFP-C001582094 - 6001582094
Saudi Electricity Company,SEC  RFP-C001540509
Saudi Electricity Company,SEC  RFP-c001523651
Saudi Electricity Company,SEC  RFP-C001544951 - 6001544951
Saudi Electricity Company,SEC  RFP-C001521679 - 6001521679
Saudi Electricity Company,SEC  RFP- C001542952
Saudi Electricity Company,SEC  RFP - C001544932
Saudi Electricity Company,SEC  RFP-C001524507
Saudi Electricity Company,SEC-RFQ C001546509
Saudi Electricity Company,SEC  RFP-C001544246
Saudi Electricity Company,SEC  RFP-C001544229
Saudi Electricity Company,SEC  RFP - C001519967
Saudi Electricity Company,SEC  RFP - C001537134
Saudi Electricity Company,SEC  RFP - C001536821
Saudi Electricity Company,SEC  RFP - C001517361
Saudi Electricity Company,SEC RFQ - C001544935
Saudi Electricity Company,SEC  RFP-C001521550 - 6001521550
Saudi Electricity Company,SEC  RFP- C001539276
Saudi Electricity Company,SEC  RFP-C001539628
Saudi Electricity Company,SEC  RFP - 6001539274
Saudi Electricity Company,SEC  RFP-C001538717
Saudi Electricity Company,SEC  RFP-C001539622 - 6001539622
Saudi Electricity Company,SEC  RFP C001527378
Saudi Electricity Company,SEC-RFQ - C001528269
Saudi Electricity Company,SEC  RFP - C001546529
Saudi Electricity Company,SEC  RFPC001525433
Saudi Electricity Company,SEC  RFP-C001544277
Saudi Electricity Company,SEC  RFP-C001547512
Saudi Electricity Company,SEC  RFP-C001525628
Saudi Electricity Company,SEC  RFP-C001524409
Saudi Electricity Company,SEC  RFP C001542228
Saudi Electricity Company,SEC  RFP - C001538996
Saudi Electricity Company,SEC  RFP-C001524448
Saudi Electricity Company,SEC  RFP-C001524424
Saudi Electricity Company,SEC  RFP C001521911
Saudi Electricity Company,SEC  RFP-C001521072 - 6001521072
Saudi Electricity Company,SEC  RFP C001521061
Saudi Electricity Company,SEC  RFP - C001513820
Saudi Electricity Company,SEC  RFP-C001520148
Saudi Electricity Company,SEC  RFP- C001520314
Saudi Electricity Company,SEC  RFP- C001519643
Saudi Electricity Company,SEC  RFP-C001521129
Saudi Electricity Company,SEC  RFP-C001518011
Saudi Electricity Company,SEC  RFP-C001519337 - 6001519337
Saudi Electricity Company,SEC  RFP-C001518461 - 6001518461
Saudi Electricity Company,SEC  RFP-C001518477 - 6001518477
Saudi Electricity Company,SEC  RFP - C001517376
Saudi Electricity Company,SEC  RFP-C001520038
Saudi Electricity Company,SEC  RFP-C001518077
Saudi Electricity Company,SEC  RFP-C001556024 - 6001556024
Saudi Electricity Company,SEC  RFP-C001556044 - 6001556044
Saudi Electricity Company,SEC  RFQ - C001521324
Saudi Electricity Company,SEC RFP - C001478760
Saudi Electricity Company,SEC  RFP- C001556939 - 6001556939
Saudi Electricity Company,SEC  RFP-C001556941 - 6001556941
Saudi Electricity Company,SEC  RFP C001507615
Saudi Electricity Company,SEC  RFP-C001556035
Saudi Electricity Company,SEC  RFP -C001506377
Saudi Electricity Company,SEC  RFP-C001504997
Saudi Electricity Company,SEC  RFP-C001556499
Saudi Electricity Company,SEC  RFP C001507026
Saudi Electricity Company,SEC  RFP C001492114
Saudi Electricity Company,SEC  RFP-C001556902
Saudi Electricity Company,SEC  RFP-C001494571
Saudi Electricity Company,SEC  RFP-C001556943
Saudi Electricity Company,SEC  RFP-C001502653 - 6001502653
Saudi Electricity Company,SEC  RFP-C001492269
Saudi Electricity Company,SEC  RFP-C001503952 - 6001503952
Saudi Electricity Company,SEC  RFP-C001490473
Saudi Electricity Company,SEC  RFP-C001540502
Saudi Electricity Company,SEC  RFP-C001503128 - 6001503128
Saudi Electricity Company,SEC  RFP- C001518405 - 6001518405
Saudi Electricity Company,SEC  RFP-C001490841
Saudi Electricity Company,SEC  RFP-C001499317
Saudi Electricity Company,RFQ - C001491702 - 6001491702
Saudi Electricity Company,SEC  RFP-C001538357
Saudi Electricity Company,SEC  RFP-C001504531 - 6001504531
Saudi Electricity Company,SEC  RFP-C001491263 - 6001491263
Saudi Electricity Company,SEC  RFPC001501435
Saudi Electricity Company,SEC  RFP C001553285
Saudi Electricity Company,SEC  RFP-C001491261 - 6001491261
Saudi Electricity Company,SEC  RFP-C001553242
Saudi Electricity Company,SEC  RFPC001554401
Saudi Electricity Company,SEC  RFP-C001489687
Saudi Electricity Company,SEC  RFPC001499873
Saudi Electricity Company,SEC  RFPC001488706
Saudi Electricity Company,SEC  RFP-C001553287 - 6001553287
Saudi Electricity Company,SEC  RFP-C001553211
Saudi Electricity Company,SEC  RFP - C001486844
Saudi Electricity Company,SEC  RFP-C001502269
Saudi Electricity Company,SEC  RFP-C001502253
Saudi Electricity Company,SEC  RFP-C001488770
Saudi Electricity Company,SEC  RFP-C001553911
Saudi Electricity Company,SEC  RFP-C001552216 - 6001552216
Saudi Electricity Company,SEC  RFP-C001490332
Saudi Electricity Company,SEC  RFP-C001519753
Saudi Electricity Company,SEC  RFP - C001536261
Saudi Electricity Company,SEC  RFP-C001489965
Saudi Electricity Company,SEC  RFP-C001488752
Saudi Electricity Company,SEC  RFP- C001519012
Saudi Electricity Company,SEC  RFP-C001500408
Saudi Electricity Company,SEC  RFP C001519976
Saudi Electricity Company,SEC  RFP- C001501548 - 6001501548
Saudi Electricity Company,SEC  RFP C001516851
Saudi Electricity Company,SEC  RFP-C001500401 - 6001500401
Saudi Electricity Company,SEC  RFP-C001488771
Saudi Electricity Company,SEC  RFP-C001500639 - 6001500639
Saudi Electricity Company,SEC  RFP-C001486163
Saudi Electricity Company,SEC  RFP - C001496892
Saudi Electricity Company,SEC  RFP-C001486165
Saudi Electricity Company,SEC  RFP-C001560382
Saudi Electricity Company,SEC  RFP- C001484136
Saudi Electricity Company,SEC  RFP-C001552303
Saudi Electricity Company,SEC  RFP- C001500352
Saudi Electricity Company,SEC  RFP-C001560378 - 6001560378
Saudi Electricity Company,SEC  RFP C001494431
Saudi Electricity Company,SEC  RFP-C001488343 - 6001488343
Saudi Electricity Company,SEC  RFP-C001550922 - 6001550922
Saudi Electricity Company,SEC  RFP-C001560398 - 6001560398
Saudi Electricity Company,SEC  RFP-C001495071 - 6001495071
Saudi Electricity Company,SEC  RFP-C00155130
Saudi Electricity Company,SEC  RFP-C001553964
Saudi Electricity Company,SEC  RFP- C001557637 - 6001557637
Saudi Electricity Company,SEC  RFP - C001496386
Saudi Electricity Company,SEC  RFP C001542253
Saudi Electricity Company,SEC  RFP 6001561755
Saudi Electricity Company,SEC  RFP-C001496196
Saudi Electricity Company,SEC  RFP-C001556925
Saudi Electricity Company,SEC  RFP-C001509037 - 6001509037
Saudi Electricity Company,SEC  RFP-C001503913
Saudi Electricity Company,SEC  RFPC001495063
Saudi Electricity Company,SEC  RFP-C001555405
Saudi Electricity Company,SEC  RFP- C001499205
Saudi Electricity Company,SEC  RFP-C001497763
Saudi Electricity Company,SEC  RFP-C001494645
Saudi Electricity Company,SEC  RFP C001492636
Saudi Electricity Company,SEC  RFP C001494635
Saudi Electricity Company,SEC  RFP-C001494641
Saudi Electricity Company,SEC  RFP C001509969
Saudi Electricity Company,SEC  RFP-C001494385
Saudi Electricity Company,SEC  RFP-C001507288
Saudi Electricity Company,SEC  RFP-C001507876
Saudi Electricity Company,SEC  RFP-C001549642
Saudi Electricity Company,SEC  RFP C001507603
Saudi Electricity Company,SEC  RFP C001507616
Saudi Electricity Company,SEC  RFP-C001505674
Saudi Electricity Company,SEC  RFP-C001477318
Saudi Electricity Company,SEC  RFP-C001476517
Saudi Electricity Company,SEC  RFP-C001477872
Saudi Electricity Company,SEC  RFP-C001476118
Saudi Electricity Company,SEC  RFP-C001476117
Saudi Electricity Company,SEC  RFP - C001475945
Saudi Electricity Company,SEC  RFP- C001475098 - 6001475098
Saudi Electricity Company,SEC  RFP-C001476359
Saudi Electricity Company,SEC  RFP-C001472727
Saudi Electricity Company,SEC  RFP C001472180
Saudi Electricity Company,SEC  RFP-C001473418 - 6001473418
Saudi Electricity Company,SEC  RFP-C001472913
Saudi Electricity Company,SEC  RFPC001473270
Saudi Electricity Company,SEC  RFP-C001472362 - 6001472362
Saudi Electricity Company,SEC  RFP- C001472373 - 6001472373
Saudi Electricity Company,SEC  RFP C001471172
Saudi Electricity Company,SEC  RFP-C001471266
Saudi Electricity Company,SEC  RFPC001473002
Saudi Electricity Company,SEC  RFPC001473352
Saudi Electricity Company,SEC  RFP-C001471384
Saudi Electricity Company,SEC  RFP-C001469705
Saudi Electricity Company,SEC  RFP-C001470148
Saudi Electricity Company,SEC  RFP-C001470761
Saudi Electricity Company,SEC  RFP - C001475785
Saudi Electricity Company,SEC  RFP-C001476074
Saudi Electricity Company,SEC RFP - C001404601
Saudi Electricity Company,SEC RFP- C001677295
Saudi Electricity Company,SEC RFP-C001674288
Saudi Electricity Company,SEC RFP C001678885
Saudi Electricity Company,SEC RFP C001678225
Saudi Electricity Company,SEC RFP - C001683688
Saudi Electricity Company,SEC RFPC001685037
Saudi Electricity Company,SEC RFPC001685042
Saudi Electricity Company,SEC RFPC001685038
Saudi Electricity Company,SEC RFP - C001687717
Saudi Electricity Company,SEC RFP-C001684463 - 6001684463
Saudi Electricity Company,SEC RFP-C001684465 - 6001684465
Saudi Electricity Company,SEC RFP-C001685428 - 6001685428
Saudi Electricity Company,SEC RFP- C001681592
Saudi Electricity Company,SEC RFP-C001686708
Saudi Electricity Company,SEC RFP- C001682340
Saudi Electricity Company,SEC RFP-C001686172
Saudi Electricity Company,SEC RFP-C001690836
Saudi Electricity Company,SEC RFP-C001690335 - 6001690335
Saudi Electricity Company,SEC RFP - C001692790
Saudi Electricity Company,SEC RFP-C001695709
Saudi Electricity Company,SEC RFP - C001695848
Saudi Electricity Company,SEC RFP-C001691866
Saudi Electricity Company,SEC RFP-C001685402
Saudi Electricity Company,RFQ - C001694784
Saudi Electricity Company,SEC RFP-C001690829 - 6001690829
Saudi Electricity Company,SEC RFPC001697854
Saudi Electricity Company,SEC RFP - C001678139
Saudi Electricity Company,SEC RFP - C001697262
Saudi Electricity Company,SEC RFP-C001694726
Saudi Electricity Company,SEC RFPC001698588
Saudi Electricity Company,SEC RFP - C001699355
Saudi Electricity Company,SEC RFP-C001700386
Saudi Electricity Company,SEC RFP-C001700406
Saudi Electricity Company,SEC RFP-C001701695
Saudi Electricity Company,RFQ - C001700405
Saudi Electricity Company,SEC RFP-C001698609
Saudi Electricity Company,SEC RFP-C001702533
Saudi Electricity Company,SEC RFP- C001699850 - 6001699850
Saudi Electricity Company,SEC RFP-C001699381
Saudi Electricity Company,SEC RFP-C001701723
Saudi Electricity Company,SEC RFP-C001701719
Saudi Electricity Company,RFQ - C001703754
Saudi Electricity Company,SEC RFP-C001701082
Saudi Electricity Company,SEC RFP- C001692848
Saudi Electricity Company,SEC RFP-C001701641
Saudi Electricity Company,SEC RFP C001704350
Saudi Electricity Company,SEC RFPC001701138
Saudi Electricity Company,SEC RFP-C001706557
Saudi Electricity Company,SEC RFP-C001699303 - 6001699303
Saudi Electricity Company,SEC RFP- C001713109
Saudi Electricity Company,SEC RFP-C001710260
Saudi Electricity Company,SEC RFP-C001714250
Saudi Electricity Company,SEC RFP-C001707367
Saudi Electricity Company,SEC RFP-C001711561
Saudi Electricity Company,RFQ - C001718221
Saudi Electricity Company,SEC RFP-C001713774
Saudi Electricity Company,SEC RFP-C001718306
Saudi Electricity Company,SEC RFPC001718238
Saudi Electricity Company,SEC RFP C001689401
Saudi Electricity Company,SEC RFP-C001720931
Saudi Electricity Company,SEC RFP- C001721458
Saudi Electricity Company,SEC RFP-C001722740
Saudi Electricity Company,SEC RFP C001718188
Saudi Electricity Company,SEC RFPC001724003
Saudi Electricity Company,SEC RFP-C001727095
Saudi Electricity Company,SEC RFP - C001725055
Saudi Electricity Company,SEC RFP-C001726037
Saudi Electricity Company,SEC RFP-C001732692
Saudi Electricity Company,SEC RFP-C001723233
Saudi Electricity Company,SEC RFP-C001732177
Saudi Electricity Company,SEC RFP-C001737528
Saudi Electricity Company,SEC RFP- C001733710
Saudi Electricity Company,SEC RFP-C001733719
Saudi Electricity Company,SEC RFP-C001739771
Saudi Electricity Company,SEC RFP-C001729969
Saudi Electricity Company,SEC RFP-C001733699
Saudi Electricity Company,RFQ - C001738232
Saudi Electricity Company,RFQ - C001738317
Saudi Electricity Company,SEC RFP-C001738938
Saudi Electricity Company,SEC RFP- C001736630
Saudi Electricity Company,SEC RFP- C001733670
Saudi Electricity Company,SEC RFP-C001718279
