timestamp,rfp_id,company_name,record_id,current_value,normalized_value,status,user_approve,notes
2026-05-13 22:22:41,SEC RFP-C001745931,Saudi Energy,7d2a924c-dd28-f111-88b4-6045bd13d56f,2/23/2026 5:40 PM,2/23/2026 5:40 PM,OK,,already canonical
2026-05-13 22:22:41,SEC RFP-C001751775 - 6001751775,Saudi Energy,27ed8c52-dd28-f111-88b4-6045bd13d56f,3/2/2026 2:56 PM,3/2/2026 2:56 PM,OK,,already canonical
2026-05-13 22:22:41,SEC RFP-C001751750,Saudi Energy,35ed8c52-dd28-f111-88b4-6045bd13d56f,3/2/2026 2:26 PM,3/2/2026 2:26 PM,OK,,already canonical
2026-05-13 22:22:41,SEC RFP-C001748304,Saudi Energy,7aed8c52-dd28-f111-88b4-6045bd13d56f,3/5/2026 8:17 PM,3/5/2026 8:17 PM,OK,,already canonical
2026-05-13 22:22:41,SEC RFP C001751043,Saudi Energy,96ed8c52-dd28-f111-88b4-6045bd13d56f,3/7/2026 9:28 PM,3/7/2026 9:28 PM,OK,,already canonical
2026-05-13 22:22:41,SEC RFP-C001754751,Saudi Energy,e71ee758-dd28-f111-88b4-6045bd13d56f,2026-03-10T13:39:00Z,3/10/2026 4:39 PM,WILL_FIX,,
2026-05-13 22:22:41,SEC RFP- C001733670,Saudi Energy,211fe758-dd28-f111-88b4-6045bd13d56f,2026-01-27T02:25:00Z,1/27/2026 5:25 AM,WILL_FIX,,
2026-05-13 22:22:41,RFQ - C001738232,Saudi Energy,621fe758-dd28-f111-88b4-6045bd13d56f,2026-01-31T23:39:00Z,2/1/2026 2:39 AM,WILL_FIX,,
2026-05-13 22:22:41,SEC RFP-C00143716,Saudi Energy,7d1fe758-dd28-f111-88b4-6045bd13d56f,2019-05-06T14:45:00Z,5/6/2019 5:45 PM,WILL_FIX,,
2026-05-13 22:22:41,SEC RFP - C001404601,Saudi Energy,cf46e95e-dd28-f111-88b4-6045bd13d56f,2023-11-13T05:16:00Z,11/13/2023 8:16 AM,WILL_FIX,,
2026-05-13 22:22:41,SEC RFP - C001687717,Saudi Energy,98184e01-de28-f111-88b4-6045bd13d56f,10/6/2025 4:33 AM,10/6/2025 4:33 AM,OK,,already canonical
2026-05-13 22:22:41,SEC RFP - C001683688,Saudi Energy,f5184e01-de28-f111-88b4-6045bd13d56f,9/25/2025 2:30 AM,9/25/2025 2:30 AM,OK,,already canonical
2026-05-13 22:22:41,SEC RFP-C001681009,Saudi Energy,0a194e01-de28-f111-88b4-6045bd13d56f,2025-09-25T02:30:00Z,9/25/2025 5:30 AM,WILL_FIX,,
2026-05-13 22:22:41,SEC RFP- C001681610 - 6001681610,Saudi Energy,21194e01-de28-f111-88b4-6045bd13d56f,9/21/2025 1:24 AM,9/21/2025 1:24 AM,OK,,already canonical
2026-05-13 22:22:41,SEC RFP C001678225,Saudi Energy,fc205007-de28-f111-88b4-6045bd13d56f,9/24/2025 11:16 PM,9/24/2025 11:16 PM,OK,,already canonical
2026-05-13 22:22:41,SEC RFP-C001681613 - 6001681613,Saudi Energy,0e215007-de28-f111-88b4-6045bd13d56f,9/21/2025 1:29 AM,9/21/2025 1:29 AM,OK,,already canonical
2026-05-13 22:22:41,SEC RFP-C001674288,Saudi Energy,17215007-de28-f111-88b4-6045bd13d56f,9/7/2025 9:20 PM,9/7/2025 9:20 PM,OK,,already canonical
2026-05-13 22:22:41,SEC RFP-C001681003,Saudi Energy,45215007-de28-f111-88b4-6045bd13d56f,9/21/2025 4:19 AM,9/21/2025 4:19 AM,OK,,already canonical
2026-05-13 22:22:41,SEC RFP-C001669010,Saudi Energy,a7215007-de28-f111-88b4-6045bd13d56f,8/28/2025 3:53 AM,8/28/2025 3:53 AM,OK,,already canonical
2026-05-13 22:22:41,SEC RFP_C001665256,Saudi Energy,1507570d-de28-f111-88b4-6045bd13d56f,8/17/2025 1:53 AM,8/17/2025 1:53 AM,OK,,already canonical
2026-05-13 22:22:41,SEC RFPC001662910,Saudi Energy,2b07570d-de28-f111-88b4-6045bd13d56f,8/11/2025 5:37 AM,8/11/2025 5:37 AM,OK,,already canonical
2026-05-13 22:22:41,SEC RFP-C001658036,Saudi Energy,4a07570d-de28-f111-88b4-6045bd13d56f,7/30/2025 11:39 PM,7/30/2025 11:39 PM,OK,,already canonical
2026-05-13 22:22:41,SEC RFP - C001661326,Saudi Energy,a307570d-de28-f111-88b4-6045bd13d56f,8/8/2025 9:58 AM,8/8/2025 9:58 AM,OK,,already canonical
2026-05-13 22:22:41,SEC RFP-C001659156,Saudi Energy,bd07570d-de28-f111-88b4-6045bd13d56f,7/31/2025 4:16 AM,7/31/2025 4:16 AM,OK,,already canonical
2026-05-13 22:22:41,SEC RFP-C001658083,Saudi Energy,d107570d-de28-f111-88b4-6045bd13d56f,7/30/2025 2:02 AM,7/30/2025 2:02 AM,OK,,already canonical
2026-05-13 22:22:41,SEC RFP C001654158,Saudi Energy,ee7e4f13-de28-f111-88b4-6045bd13d56f,7/27/2025 1:02 AM,7/27/2025 1:02 AM,OK,,already canonical
2026-05-13 22:22:41,SEC RFP C001654162,Saudi Energy,ef7e4f13-de28-f111-88b4-6045bd13d56f,7/27/2025 1:15 AM,7/27/2025 1:15 AM,OK,,already canonical
2026-05-13 22:22:41,SEC RFP C001652739,Saudi Energy,f17e4f13-de28-f111-88b4-6045bd13d56f,7/22/2025 2:18 AM,7/22/2025 2:18 AM,OK,,already canonical
2026-05-13 22:22:41,SEC RFP-C001656716,Saudi Energy,f27e4f13-de28-f111-88b4-6045bd13d56f,7/28/2025 2:22 AM,7/28/2025 2:22 AM,OK,,already canonical
2026-05-13 22:22:41,SEC RFP C001654225,Saudi Energy,f67e4f13-de28-f111-88b4-6045bd13d56f,7/26/2025 5:04 AM,7/26/2025 5:04 AM,OK,,already canonical
2026-05-13 22:22:41,SEC RFPC001656718,Saudi Energy,f77e4f13-de28-f111-88b4-6045bd13d56f,7/28/2025 11:51 PM,7/28/2025 11:51 PM,OK,,already canonical
2026-05-13 22:22:41,SEC RFP-C001656736,Saudi Energy,f97e4f13-de28-f111-88b4-6045bd13d56f,7/28/2025 5:04 AM,7/28/2025 5:04 AM,OK,,already canonical
2026-05-13 22:22:41,SEC RFP-C001651463,Saudi Energy,fb7e4f13-de28-f111-88b4-6045bd13d56f,7/18/2025 10:24 AM,7/18/2025 10:24 AM,OK,,already canonical
2026-05-13 22:22:41,SEC RFP-C001648739,Saudi Energy,fc7e4f13-de28-f111-88b4-6045bd13d56f,7/13/2025 12:22 AM,7/13/2025 12:22 AM,OK,,already canonical
2026-05-13 22:22:41,SEC RFP- C001647945,Saudi Energy,0f825119-de28-f111-88b4-6045bd13d56f,7/15/2025 1:35 AM,7/15/2025 1:35 AM,OK,,already canonical
2026-05-13 22:22:41,SEC RFP- C001647953,Saudi Energy,14825119-de28-f111-88b4-6045bd13d56f,7/13/2025 4:59 AM,7/13/2025 4:59 AM,OK,,already canonical
2026-05-13 22:22:41,SEC RFP - C001647963,Saudi Energy,17825119-de28-f111-88b4-6045bd13d56f,7/12/2025 5:50 AM,7/12/2025 5:50 AM,OK,,already canonical
2026-05-13 22:22:41,SEC RFP-C001648732,Saudi Energy,18825119-de28-f111-88b4-6045bd13d56f,7/13/2025 3:47 AM,7/13/2025 3:47 AM,OK,,already canonical
2026-05-13 22:22:41,SEC RFP- C001651895 - 6001651895,Saudi Energy,19825119-de28-f111-88b4-6045bd13d56f,7/19/2025 11:02 PM,7/19/2025 11:02 PM,OK,,already canonical
2026-05-13 22:22:41,SEC RFP- C001651887 - 6001651887,Saudi Energy,656b4c1f-de28-f111-88b4-6045bd13d56f,7/19/2025 10:42 PM,7/19/2025 10:42 PM,OK,,already canonical
2026-05-13 22:22:41,SEC RFP-C001651908,Saudi Energy,676b4c1f-de28-f111-88b4-6045bd13d56f,7/19/2025 11:59 PM,7/19/2025 11:59 PM,OK,,already canonical
2026-05-13 22:22:41,SEC RFP - C001651259,Saudi Energy,686b4c1f-de28-f111-88b4-6045bd13d56f,7/17/2025 1:58 AM,7/17/2025 1:58 AM,OK,,already canonical
2026-05-13 22:22:41,SEC RFP-C001617296,Saudi Energy,796b4c1f-de28-f111-88b4-6045bd13d56f,4/22/2025 2:37 AM,4/22/2025 2:37 AM,OK,,already canonical
2026-05-13 22:22:41,SEC RFP C001617310,Saudi Energy,7a6b4c1f-de28-f111-88b4-6045bd13d56f,4/27/2025 4:13 AM,4/27/2025 4:13 AM,OK,,already canonical
2026-05-13 22:22:41,SEC RFP-C001634307,Saudi Energy,5ed25025-de28-f111-88b4-6045bd13d56f,6/2/2025 4:44 AM,6/2/2025 4:44 AM,OK,,already canonical
2026-05-13 22:22:41,SEC RFP - C001633715,Saudi Energy,61d25025-de28-f111-88b4-6045bd13d56f,6/1/2025 9:22 PM,6/1/2025 9:22 PM,OK,,already canonical
2026-05-13 22:22:41,SEC RFP - C001630570,Saudi Energy,64d25025-de28-f111-88b4-6045bd13d56f,5/25/2025 4:35 AM,5/25/2025 4:35 AM,OK,,already canonical
2026-05-13 22:22:41,SEC RFP- C001633255 - 6001633255,Saudi Energy,6cd25025-de28-f111-88b4-6045bd13d56f,5/29/2025 12:08 AM,5/29/2025 12:08 AM,OK,,already canonical
2026-05-13 22:22:41,SEC RFP-C001631188 - 6001631188,Saudi Energy,6fd25025-de28-f111-88b4-6045bd13d56f,5/25/2025 11:37 PM,5/25/2025 11:37 PM,OK,,already canonical
2026-05-13 22:22:41,SEC RFP-C001628893,Saudi Energy,7cd25025-de28-f111-88b4-6045bd13d56f,5/20/2025 4:51 AM,5/20/2025 4:51 AM,OK,,already canonical
2026-05-13 22:22:41,SEC RFP-C001631186 - 6001631186,Saudi Energy,7ed25025-de28-f111-88b4-6045bd13d56f,5/25/2025 11:29 PM,5/25/2025 11:29 PM,OK,,already canonical
2026-05-13 22:22:41,SEC RFP-C001627072,Saudi Energy,f9baad2b-de28-f111-88b4-6045bd13d56f,5/20/2025 11:25 PM,5/20/2025 11:25 PM,OK,,already canonical
2026-05-13 22:22:41,SEC RFP-C001630042,Saudi Energy,fdbaad2b-de28-f111-88b4-6045bd13d56f,5/22/2025 3:36 AM,5/22/2025 3:36 AM,OK,,already canonical
2026-05-13 22:22:41,SEC RFP- C001607347,Saudi Energy,0fbbad2b-de28-f111-88b4-6045bd13d56f,3/19/2025 12:02 AM,3/19/2025 12:02 AM,OK,,already canonical
2026-05-13 22:22:41,SEC RFP - C001595983,Saudi Energy,19bbad2b-de28-f111-88b4-6045bd13d56f,3/10/2025 4:38 AM,3/10/2025 4:38 AM,OK,,already canonical
2026-05-13 22:22:41,SEC RFP-C001606460,Saudi Energy,26bbad2b-de28-f111-88b4-6045bd13d56f,3/17/2025 5:18 AM,3/17/2025 5:18 AM,OK,,already canonical
2026-05-13 22:22:41,SEC RFP-C001604558,Saudi Energy,31bbad2b-de28-f111-88b4-6045bd13d56f,3/16/2025 1:08 AM,3/16/2025 1:08 AM,OK,,already canonical
2026-05-13 22:22:41,SEC RFP-C001604484,Saudi Energy,36bbad2b-de28-f111-88b4-6045bd13d56f,3/13/2025 12:39 AM,3/13/2025 12:39 AM,OK,,already canonical
2026-05-13 22:22:41,SEC RFP - C001600628,Saudi Energy,40bbad2b-de28-f111-88b4-6045bd13d56f,3/6/2025 12:14 AM,3/6/2025 12:14 AM,OK,,already canonical
2026-05-13 22:22:41,SEC RFP-C001600096,Saudi Energy,43bbad2b-de28-f111-88b4-6045bd13d56f,3/3/2025 11:30 PM,3/3/2025 11:30 PM,OK,,already canonical
2026-05-13 22:22:41,SEC RFPC001593749,Saudi Energy,4a51a631-de28-f111-88b4-6045bd13d56f,3/6/2025 1:06 AM,3/6/2025 1:06 AM,OK,,already canonical
2026-05-13 22:22:41,SEC RFP-C001591095,Saudi Energy,4b51a631-de28-f111-88b4-6045bd13d56f,2/13/2025 12:32 AM,2/13/2025 12:32 AM,OK,,already canonical
2026-05-13 22:22:41,SEC RFP - C001589521,Saudi Energy,4c51a631-de28-f111-88b4-6045bd13d56f,2/13/2025 4:01 AM,2/13/2025 4:01 AM,OK,,already canonical
2026-05-13 22:22:41,SEC RFP-C001587816,Saudi Energy,5551a631-de28-f111-88b4-6045bd13d56f,2/9/2025 9:06 PM,2/9/2025 9:06 PM,OK,,already canonical
2026-05-13 22:22:41,SEC RFPC001555394,Saudi Energy,e9681039-de28-f111-88b4-6045bd13d56f,12/14/2024 11:24 PM,12/14/2024 11:24 PM,OK,,already canonical
2026-05-13 22:22:41,SEC RFP-C001552679,Saudi Energy,ea681039-de28-f111-88b4-6045bd13d56f,2024-12-19T09:05:00Z,12/19/2024 12:05 PM,WILL_FIX,,
2026-05-13 22:22:41,SEC RFP-C001564597,Saudi Energy,ed681039-de28-f111-88b4-6045bd13d56f,12/30/2024 9:51 PM,12/30/2024 9:51 PM,OK,,already canonical
2026-05-13 22:22:41,SEC RFP- C001538363,Saudi Energy,01691039-de28-f111-88b4-6045bd13d56f,11/3/2024 3:38 AM,11/3/2024 3:38 AM,OK,,already canonical
2026-05-13 22:22:41,SEC RFP-C001538945 - 6001538945,Saudi Energy,04691039-de28-f111-88b4-6045bd13d56f,11/2/2024 10:40 PM,11/2/2024 10:40 PM,OK,,already canonical
2026-05-13 22:22:41,SEC RFP- C001538345,Saudi Energy,05691039-de28-f111-88b4-6045bd13d56f,11/3/2024 1:01 AM,11/3/2024 1:01 AM,OK,,already canonical
2026-05-13 22:22:41,SEC RFP-C001538407,Saudi Energy,30430b3f-de28-f111-88b4-6045bd13d56f,11/3/2024 1:40 AM,11/3/2024 1:40 AM,OK,,already canonical
2026-05-13 22:22:41,SEC RFP- C001535676,Saudi Energy,3d430b3f-de28-f111-88b4-6045bd13d56f,10/24/2024 1:46 AM,10/24/2024 1:46 AM,OK,,already canonical
2026-05-13 22:22:41,SEC RFP-C001534259 - 6001534259,Saudi Energy,3e430b3f-de28-f111-88b4-6045bd13d56f,10/22/2024 3:48 AM,10/22/2024 3:48 AM,OK,,already canonical
2026-05-13 22:22:41,SEC RFP-C001533889 - 6001533889,Saudi Energy,3f430b3f-de28-f111-88b4-6045bd13d56f,10/21/2024 3:09 AM,10/21/2024 3:09 AM,OK,,already canonical
2026-05-13 22:22:41,SEC RFP-C001533510,Saudi Energy,40430b3f-de28-f111-88b4-6045bd13d56f,10/20/2024 4:53 AM,10/20/2024 4:53 AM,OK,,already canonical
2026-05-13 22:22:41,SEC RFP-C001533463 - 6001533463,Saudi Energy,41430b3f-de28-f111-88b4-6045bd13d56f,10/19/2024 10:52 PM,10/19/2024 10:52 PM,OK,,already canonical
2026-05-13 22:22:41,SEC RFP-C001531478 - 6001531478,Saudi Energy,4a430b3f-de28-f111-88b4-6045bd13d56f,10/15/2024 4:28 AM,10/15/2024 4:28 AM,OK,,already canonical
2026-05-13 22:22:41,SEC RFP-C001531023 - 6001531023,Saudi Energy,4e430b3f-de28-f111-88b4-6045bd13d56f,10/14/2024 4:16 AM,10/14/2024 4:16 AM,OK,,already canonical
2026-05-13 22:22:41,SEC RFP C001531439,Saudi Energy,673d7e45-de28-f111-88b4-6045bd13d56f,10/16/2024 1:43 AM,10/16/2024 1:43 AM,OK,,already canonical
2026-05-13 22:22:41,SEC RFP-C001531484,Saudi Energy,6e3d7e45-de28-f111-88b4-6045bd13d56f,10/15/2024 5:24 AM,10/15/2024 5:24 AM,OK,,already canonical
2026-05-13 22:22:41,RFQ - C001528996,Saudi Energy,6f3d7e45-de28-f111-88b4-6045bd13d56f,10/9/2024 5:46 AM,10/9/2024 5:46 AM,OK,,already canonical
2026-05-13 22:22:41,SEC RFP-C001528250 - 6001528250,Saudi Energy,713d7e45-de28-f111-88b4-6045bd13d56f,10/8/2024 1:12 AM,10/8/2024 1:12 AM,OK,,already canonical
2026-05-13 22:22:41,SEC RFP-C001528235 - 6001528235,Saudi Energy,723d7e45-de28-f111-88b4-6045bd13d56f,10/8/2024 12:49 AM,10/8/2024 12:49 AM,OK,,already canonical
2026-05-13 22:22:41,SEC RFP-C001527822,Saudi Energy,743d7e45-de28-f111-88b4-6045bd13d56f,10/9/2024 10:35 PM,10/9/2024 10:35 PM,OK,,already canonical
2026-05-13 22:22:41,SEC RFQ - C001532871,Saudi Energy,753d7e45-de28-f111-88b4-6045bd13d56f,10/16/2024 10:25 PM,10/16/2024 10:25 PM,OK,,already canonical
2026-05-13 22:22:41,SEC RFP-C001527931 - 6001527931,Saudi Energy,763d7e45-de28-f111-88b4-6045bd13d56f,10/7/2024 5:11 AM,10/7/2024 5:11 AM,OK,,already canonical
2026-05-13 22:22:41,SEC RFP- C001516181 - 6001516181,Saudi Energy,beb28d4b-de28-f111-88b4-6045bd13d56f,9/4/2024 4:28 AM,9/4/2024 4:28 AM,OK,,already canonical
2026-05-13 22:22:41,SEC RFP-C001516771,Saudi Energy,bfb28d4b-de28-f111-88b4-6045bd13d56f,9/5/2024 1:13 PM,9/5/2024 1:13 PM,OK,,already canonical
2026-05-13 22:22:41,SEC RFP-C001513925 - 6001513925,Saudi Energy,c2b28d4b-de28-f111-88b4-6045bd13d56f,8/29/2024 6:24 AM,8/29/2024 6:24 AM,OK,,already canonical
2026-05-13 22:22:41,SEC RFP-C001513922 - 6001513922,Saudi Energy,d1b28d4b-de28-f111-88b4-6045bd13d56f,8/29/2024 6:06 AM,8/29/2024 6:06 AM,OK,,already canonical
2026-05-13 22:22:41,SEC RFP-C001510943,Saudi Energy,d2b28d4b-de28-f111-88b4-6045bd13d56f,8/25/2024 1:02 AM,8/25/2024 1:02 AM,OK,,already canonical
2026-05-13 22:22:41,SEC RFP C001513701,Saudi Energy,d3b28d4b-de28-f111-88b4-6045bd13d56f,8/29/2024 12:31 AM,8/29/2024 12:31 AM,OK,,already canonical
2026-05-13 22:22:41,SEC RFP-C001511666 - 6001511666,Saudi Energy,6e290652-de28-f111-88b4-6045bd13d56f,8/25/2024 4:35 AM,8/25/2024 4:35 AM,OK,,already canonical
2026-05-13 22:22:41,SEC RFPC001511409,Saudi Energy,71290652-de28-f111-88b4-6045bd13d56f,8/26/2024 1:17 AM,8/26/2024 1:17 AM,OK,,already canonical
2026-05-13 22:22:41,SEC RFP - C001505885,Saudi Energy,7b290652-de28-f111-88b4-6045bd13d56f,8/21/2024 4:40 AM,8/21/2024 4:40 AM,OK,,already canonical
2026-05-13 22:22:41,SEC RFP-C001504184,Saudi Energy,7f290652-de28-f111-88b4-6045bd13d56f,8/29/2024 12:41 AM,8/29/2024 12:41 AM,OK,,already canonical
2026-05-13 22:22:41,SEC RFP-C001510919 - 6001510919,Saudi Energy,94290652-de28-f111-88b4-6045bd13d56f,8/22/2024 5:11 AM,8/22/2024 5:11 AM,OK,,already canonical
2026-05-13 22:22:41,SEC RFP-C001510661,Saudi Energy,9b290652-de28-f111-88b4-6045bd13d56f,8/22/2024 12:51 AM,8/22/2024 12:51 AM,OK,,already canonical
2026-05-13 22:22:41,SEC RFP-C001510631 - 6001510631,Saudi Energy,9c290652-de28-f111-88b4-6045bd13d56f,8/21/2024 11:44 PM,8/21/2024 11:44 PM,OK,,already canonical
2026-05-13 22:22:41,SEC RFP- C001509862 - 6001509862,Saudi Energy,9d290652-de28-f111-88b4-6045bd13d56f,8/20/2024 11:36 PM,8/20/2024 11:36 PM,OK,,already canonical
2026-05-13 22:22:41,SEC RFP-C001509011 - 6001509011,Saudi Energy,9f290652-de28-f111-88b4-6045bd13d56f,8/19/2024 12:33 AM,8/19/2024 12:33 AM,OK,,already canonical
2026-05-13 22:22:41,SEC RFP-C001509024 - 6001509024,Saudi Energy,d0274158-de28-f111-88b4-6045bd13d56f,8/19/2024 12:53 AM,8/19/2024 12:53 AM,OK,,already canonical
2026-05-13 22:22:41,SEC RFP-C001509114,Saudi Energy,db274158-de28-f111-88b4-6045bd13d56f,8/19/2024 4:35 AM,8/19/2024 4:35 AM,OK,,already canonical
2026-05-13 22:22:41,C001456304-6001456304,Saudi Energy,a9830b65-de28-f111-88b4-6045bd13d56f,2024-03-12T07:32:00Z,3/12/2024 10:32 AM,WILL_FIX,,
2026-05-13 22:22:41,C001452534,Saudi Energy,ab830b65-de28-f111-88b4-6045bd13d56f,2024-03-03T00:41:00Z,3/3/2024 3:41 AM,WILL_FIX,,
2026-05-13 22:22:41,SEC RFPC001740962,Saudi Energy,c6eee983-de28-f111-88b4-6045bd13d56f,2026-02-04T22:05:00Z,2/5/2026 1:05 AM,WILL_FIX,,
2026-05-13 22:22:41,SEC RFP- C001733709,Saudi Energy,c7eee983-de28-f111-88b4-6045bd13d56f,2026-02-02T21:35:00Z,2/3/2026 12:35 AM,WILL_FIX,,
2026-05-13 22:22:41,SEC RFP-C001735132,Saudi Energy,39f6fe89-de28-f111-88b4-6045bd13d56f,2026-01-28T00:07:00Z,1/28/2026 3:07 AM,WILL_FIX,,
2026-05-13 22:22:41,SEC RFP-C001735069,Saudi Energy,3cf6fe89-de28-f111-88b4-6045bd13d56f,2026-01-28T22:57:00Z,1/29/2026 1:57 AM,WILL_FIX,,
2026-05-13 22:22:41,SEC RFP-C001726485,Saudi Energy,3df6fe89-de28-f111-88b4-6045bd13d56f,2026-01-29T01:36:00Z,1/29/2026 4:36 AM,WILL_FIX,,
2026-05-13 22:22:41,SEC RFP-C001720361,Saudi Energy,40f6fe89-de28-f111-88b4-6045bd13d56f,2026-01-14T23:47:00Z,1/15/2026 2:47 AM,WILL_FIX,,
2026-05-13 22:22:41,SEC RFP - C001725054,Saudi Energy,43f6fe89-de28-f111-88b4-6045bd13d56f,2026-01-13T23:57:00Z,1/14/2026 2:57 AM,WILL_FIX,,
2026-05-13 22:22:41,SEC RFP - C001725057,Saudi Energy,4cf6fe89-de28-f111-88b4-6045bd13d56f,2026-01-12T20:32:00Z,1/12/2026 11:32 PM,WILL_FIX,,
2026-05-13 22:22:41,SEC RFP - C001722826,Saudi Energy,4ef6fe89-de28-f111-88b4-6045bd13d56f,2025-12-29T23:27:00Z,12/30/2025 2:27 AM,WILL_FIX,,
2026-05-13 22:22:41,SEC RFP-C001715604 - 6001715604,Saudi Energy,4ff6fe89-de28-f111-88b4-6045bd13d56f,2025-12-22T23:54:00Z,12/23/2025 2:54 AM,WILL_FIX,,
2026-05-13 22:22:41,SEC RFP-C001715122,Saudi Energy,b99b2990-de28-f111-88b4-6045bd13d56f,2025-12-01T21:35:00Z,12/2/2025 12:35 AM,WILL_FIX,,
2026-05-13 22:22:41,SEC RFP - C001707368,Saudi Energy,bb9b2990-de28-f111-88b4-6045bd13d56f,2025-12-09T15:59:00Z,12/9/2025 6:59 PM,WILL_FIX,,
2026-05-13 22:22:41,SEC RFP-C001711543,Saudi Energy,bc9b2990-de28-f111-88b4-6045bd13d56f,2025-12-07T21:35:00Z,12/8/2025 12:35 AM,WILL_FIX,,
2026-05-13 22:22:41,SEC RFP - C001712845,Saudi Energy,bd9b2990-de28-f111-88b4-6045bd13d56f,2025-11-29T21:49:00Z,11/30/2025 12:49 AM,WILL_FIX,,
2026-05-13 22:22:41,SEC RFP- C001705343,Saudi Energy,be9b2990-de28-f111-88b4-6045bd13d56f,2025-11-29T22:03:00Z,11/30/2025 1:03 AM,WILL_FIX,,
2026-05-13 22:22:41,SEC RFP-C001714828,Saudi Energy,bf9b2990-de28-f111-88b4-6045bd13d56f,2025-12-08T22:14:00Z,12/9/2025 1:14 AM,WILL_FIX,,
2026-05-13 22:22:41,SEC RFP-C001712510,Saudi Energy,c19b2990-de28-f111-88b4-6045bd13d56f,2025-12-04T02:54:00Z,12/4/2025 5:54 AM,WILL_FIX,,
2026-05-13 22:22:41,SEC RFP-C001707774,Saudi Energy,c39b2990-de28-f111-88b4-6045bd13d56f,2025-12-04T00:08:00Z,12/4/2025 3:08 AM,WILL_FIX,,
2026-05-13 22:22:41,SEC RFP-C001707299,Saudi Energy,238cde96-de28-f111-88b4-6045bd13d56f,2025-11-19T02:23:00Z,11/19/2025 5:23 AM,WILL_FIX,,
2026-05-13 22:22:41,SEC RFP-C001700395,Saudi Energy,508cde96-de28-f111-88b4-6045bd13d56f,2025-11-17T21:17:00Z,11/18/2025 12:17 AM,WILL_FIX,,
2026-05-13 22:22:41,SEC RFP-C001699846,Saudi Energy,548cde96-de28-f111-88b4-6045bd13d56f,2025-11-06T02:59:00Z,11/6/2025 5:59 AM,WILL_FIX,,
2026-05-13 22:22:41,SEC RFP- C001699870,Saudi Energy,558cde96-de28-f111-88b4-6045bd13d56f,2025-11-03T23:52:00Z,11/4/2025 2:52 AM,WILL_FIX,,
2026-05-13 22:22:41,SEC RFP C001689105,Saudi Energy,5d8cde96-de28-f111-88b4-6045bd13d56f,2025-11-02T02:29:00Z,11/2/2025 5:29 AM,WILL_FIX,,
2026-05-13 22:22:41,SEC RFP-C001699358,Saudi Energy,b143de9c-de28-f111-88b4-6045bd13d56f,2025-10-29T05:02:00Z,10/29/2025 8:02 AM,WILL_FIX,,
2026-05-13 22:22:41,SEC RFP-C001696271,Saudi Energy,b643de9c-de28-f111-88b4-6045bd13d56f,2025-10-04T06:12:00Z,10/4/2025 9:12 AM,WILL_FIX,,
2026-05-13 22:22:41,SEC RFP-C001696228,Saudi Energy,bb43de9c-de28-f111-88b4-6045bd13d56f,2025-10-29T00:20:00Z,10/29/2025 3:20 AM,WILL_FIX,,
2026-05-13 22:22:41,SEC RFP- C001691810 - 6001691810,Saudi Energy,c243de9c-de28-f111-88b4-6045bd13d56f,2025-10-13T22:58:00Z,10/14/2025 1:58 AM,WILL_FIX,,
2026-05-13 22:22:41,SEC RFP-C001689843,Saudi Energy,cc43de9c-de28-f111-88b4-6045bd13d56f,2025-10-25T23:22:00Z,10/26/2025 2:22 AM,WILL_FIX,,
2026-05-13 22:22:41,SEC RFP-C001691163,Saudi Energy,d243de9c-de28-f111-88b4-6045bd13d56f,2025-10-21T04:27:00Z,10/21/2025 7:27 AM,WILL_FIX,,
2026-05-13 22:22:41,SEC RFP-C001692298,Saudi Energy,da43de9c-de28-f111-88b4-6045bd13d56f,2025-10-14T23:41:00Z,10/15/2025 2:41 AM,WILL_FIX,,
2026-05-13 22:22:41,SEC RFPC001690810,Saudi Energy,e343de9c-de28-f111-88b4-6045bd13d56f,2025-10-14T04:29:00Z,10/14/2025 7:29 AM,WILL_FIX,,
2026-05-13 22:22:41,SEC RFP C001688172,Saudi Energy,fc43de9c-de28-f111-88b4-6045bd13d56f,2025-09-24T04:52:00Z,9/24/2025 7:52 AM,WILL_FIX,,
2026-05-13 22:22:41,SEC RFP-C001685034,Saudi Energy,4b13eca2-de28-f111-88b4-6045bd13d56f,2025-10-06T04:33:00Z,10/6/2025 7:33 AM,WILL_FIX,,
2026-05-13 22:22:41,SEC RFP - C001685439,Saudi Energy,4e13eca2-de28-f111-88b4-6045bd13d56f,2025-09-29T00:12:00Z,9/29/2025 3:12 AM,WILL_FIX,,
2026-05-13 22:22:41,SEC RFP-C001683105,Saudi Energy,5113eca2-de28-f111-88b4-6045bd13d56f,2025-09-28T23:09:00Z,9/29/2025 2:09 AM,WILL_FIX,,
2026-05-13 22:22:41,SEC RFP-C001681613 - 6001681613,Saudi Energy,5913eca2-de28-f111-88b4-6045bd13d56f,2025-09-24T23:16:00Z,9/25/2025 2:16 AM,WILL_FIX,,
2026-05-13 22:22:41,SEC RFP-C001680971,Saudi Energy,6213eca2-de28-f111-88b4-6045bd13d56f,2025-09-21T04:12:00Z,9/21/2025 7:12 AM,WILL_FIX,,
2026-05-13 22:22:41,SEC RFP-C001681003,Saudi Energy,6813eca2-de28-f111-88b4-6045bd13d56f,2025-09-22T03:52:00Z,9/22/2025 6:52 AM,WILL_FIX,,
2026-05-13 22:22:41,SEC RFP-C001679872,Saudi Energy,7613eca2-de28-f111-88b4-6045bd13d56f,2025-09-16T21:49:00Z,9/17/2025 12:49 AM,WILL_FIX,,
2026-05-13 22:22:41,SEC RFP-C001744022 - 6001744022,Saudi Energy,54c1e4a8-de28-f111-88b4-6045bd13d56f,2026-02-19T01:47:00Z,2/19/2026 4:47 AM,WILL_FIX,,
2026-05-13 22:22:41,SEC RFP C001738905,Saudi Energy,49091ab6-de28-f111-88b4-6045bd13d56f,2026-02-16T01:59:00Z,2/16/2026 4:59 AM,WILL_FIX,,
2026-05-13 22:22:41,SEC RFP-C001744675,Saudi Energy,4d091ab6-de28-f111-88b4-6045bd13d56f,2026-02-16T21:25:00Z,2/17/2026 12:25 AM,WILL_FIX,,
2026-05-13 22:22:41,SEC RFP-C001669607 - 6001669607,Saudi Energy,4e091ab6-de28-f111-88b4-6045bd13d56f,2025-08-25T00:02:00Z,8/25/2025 3:02 AM,WILL_FIX,,
2026-05-13 22:22:41,SEC RFP-C001664769,Saudi Energy,50091ab6-de28-f111-88b4-6045bd13d56f,2025-08-19T01:26:00Z,8/19/2025 4:26 AM,WILL_FIX,,
2026-05-13 22:22:41,SEC RFP-C001665985,Saudi Energy,39612ebd-de28-f111-88b4-6045bd13d56f,2025-08-21T03:45:00Z,8/21/2025 6:45 AM,WILL_FIX,,
2026-05-13 22:22:41,SEC RFP-C001693420,Saudi Energy,3a612ebd-de28-f111-88b4-6045bd13d56f,2025-10-21T04:34:00Z,10/21/2025 7:34 AM,WILL_FIX,,
2026-05-13 22:22:41,SEC RFP- C001664725 - 6001664725,Saudi Energy,3e612ebd-de28-f111-88b4-6045bd13d56f,2025-08-14T03:50:00Z,8/14/2025 6:50 AM,WILL_FIX,,
2026-05-13 22:22:41,SEC RFP- C001672882 - 6001672882,Saudi Energy,49612ebd-de28-f111-88b4-6045bd13d56f,2025-09-08T21:45:00Z,9/9/2025 12:45 AM,WILL_FIX,,
2026-05-13 22:22:41,SEC RFP C001665255,Saudi Energy,4b612ebd-de28-f111-88b4-6045bd13d56f,2025-08-12T23:48:00Z,8/13/2025 2:48 AM,WILL_FIX,,
2026-05-13 22:22:41,SEC RFP C001726433,Saudi Energy,03c132c3-de28-f111-88b4-6045bd13d56f,2026-01-11T21:51:00Z,1/12/2026 12:51 AM,WILL_FIX,,
2026-05-13 22:22:41,SEC RFP-C001513922 - 6001513922,Saudi Energy,14c132c3-de28-f111-88b4-6045bd13d56f,2024-08-29T06:24:00Z,8/29/2024 9:24 AM,WILL_FIX,,
2026-05-13 22:22:41,SEC RFP-C001630042,Saudi Energy,24c132c3-de28-f111-88b4-6045bd13d56f,2025-05-21T01:37:00Z,5/21/2025 4:37 AM,WILL_FIX,,
2026-05-13 22:22:41,SEC RFP - C001519967,Saudi Energy,b8d914ca-de28-f111-88b4-6045bd13d56f,2024-09-18T00:02:00Z,9/18/2024 3:02 AM,WILL_FIX,,
2026-05-13 22:22:41,SEC RFP-C001544229,Saudi Energy,d1d914ca-de28-f111-88b4-6045bd13d56f,2024-11-18T23:30:00Z,11/19/2024 2:30 AM,WILL_FIX,,
2026-05-13 22:22:41,SEC RFP-C001641817,Saudi Energy,e0d914ca-de28-f111-88b4-6045bd13d56f,2025-07-02T00:45:00Z,7/2/2025 3:45 AM,WILL_FIX,,
2026-05-13 22:22:41,SEC RFP-C001575882,Saudi Energy,5cee86d0-de28-f111-88b4-6045bd13d56f,2025-01-12T00:44:00Z,1/12/2025 3:44 AM,WILL_FIX,,
2026-05-13 22:22:41,SEC RFP-C001531023 - 6001531023,Saudi Energy,5fee86d0-de28-f111-88b4-6045bd13d56f,2024-10-14T04:10:00Z,10/14/2024 7:10 AM,WILL_FIX,,
2026-05-13 22:22:41,SEC RFP-C001651924,Saudi Energy,6aee86d0-de28-f111-88b4-6045bd13d56f,2025-07-10T09:19:00Z,7/10/2025 12:19 PM,WILL_FIX,,
2026-05-13 22:22:41,SEC RFP-C001458260,Saudi Energy,7aee86d0-de28-f111-88b4-6045bd13d56f,2024-03-21T05:33:00Z,3/21/2024 8:33 AM,WILL_FIX,,
2026-05-13 22:22:41,SEC RFP-C001635956,Saudi Energy,81ee86d0-de28-f111-88b4-6045bd13d56f,2025-06-16T23:48:00Z,6/17/2025 2:48 AM,WILL_FIX,,
2026-05-13 22:22:41,SEC RFP-C001641239 - 6001641239,Saudi Energy,92ee86d0-de28-f111-88b4-6045bd13d56f,2025-06-26T01:57:00Z,6/26/2025 4:57 AM,WILL_FIX,,
2026-05-13 22:22:41,SEC RFP C001616758,Saudi Energy,a1ee86d0-de28-f111-88b4-6045bd13d56f,2025-04-20T23:33:00Z,4/21/2025 2:33 AM,WILL_FIX,,
2026-05-13 22:22:41,SEC RFP- C001538345,Saudi Energy,aaee86d0-de28-f111-88b4-6045bd13d56f,2024-11-04T00:16:00Z,11/4/2024 3:16 AM,WILL_FIX,,
2026-05-13 22:22:41,SEC RFP-C001659145,Saudi Energy,81a784d6-de28-f111-88b4-6045bd13d56f,2025-08-07T00:28:00Z,8/7/2025 3:28 AM,WILL_FIX,,
2026-05-13 22:22:41,SEC RFP-C001575888,Saudi Energy,8ea784d6-de28-f111-88b4-6045bd13d56f,2025-01-14T02:52:00Z,1/14/2025 5:52 AM,WILL_FIX,,
2026-05-13 22:22:41,SEC RFPC001436240,Saudi Energy,c7a784d6-de28-f111-88b4-6045bd13d56f,2024-01-24T03:00:00Z,1/24/2024 6:00 AM,WILL_FIX,,
2026-05-13 22:22:41,SEC RFP-C001627004,Saudi Energy,cca784d6-de28-f111-88b4-6045bd13d56f,2025-05-13T22:48:00Z,5/14/2025 1:48 AM,WILL_FIX,,
2026-05-13 22:22:41,SEC RFP C001479785,Saudi Energy,d87484dc-de28-f111-88b4-6045bd13d56f,2024-05-29T00:53:00Z,5/29/2024 3:53 AM,WILL_FIX,,
2026-05-13 22:22:41,SEC RFP-C001449622,Saudi Energy,dd7484dc-de28-f111-88b4-6045bd13d56f,2024-02-22T06:29:00Z,2/22/2024 9:29 AM,WILL_FIX,,
2026-05-13 22:22:41,SEC RFP - C001622685,Saudi Energy,f37484dc-de28-f111-88b4-6045bd13d56f,2025-06-02T23:26:00Z,6/3/2025 2:26 AM,WILL_FIX,,
2026-05-13 22:22:41,SEC RFP-C001512051,Saudi Energy,067584dc-de28-f111-88b4-6045bd13d56f,2024-08-29T00:31:00Z,8/29/2024 3:31 AM,WILL_FIX,,
2026-05-13 22:22:41,SEC RFP-C001588858 - 6001588858,Saudi Energy,0b7584dc-de28-f111-88b4-6045bd13d56f,2025-02-10T00:27:00Z,2/10/2025 3:27 AM,WILL_FIX,,
2026-05-13 22:22:41,SEC RFP-C001477976,Saudi Energy,257584dc-de28-f111-88b4-6045bd13d56f,2024-05-30T01:38:00Z,5/30/2024 4:38 AM,WILL_FIX,,
2026-05-13 22:22:41,SEC RFP- C001651895 - 6001651895,Saudi Energy,83bc81e2-de28-f111-88b4-6045bd13d56f,2025-07-19T22:53:00Z,7/20/2025 1:53 AM,WILL_FIX,,
2026-05-13 22:22:41,SEC RFP-C001635311,Saudi Energy,88bc81e2-de28-f111-88b4-6045bd13d56f,2025-06-02T00:52:00Z,6/2/2025 3:52 AM,WILL_FIX,,
2026-05-13 22:22:41,SEC RFP-C001528235 - 6001528235,Saudi Energy,92bc81e2-de28-f111-88b4-6045bd13d56f,2024-10-08T01:17:00Z,10/8/2024 4:17 AM,WILL_FIX,,
2026-05-13 22:22:41,SEC RFP - C001537134,Saudi Energy,a4bc81e2-de28-f111-88b4-6045bd13d56f,2024-11-18T21:30:00Z,11/19/2024 12:30 AM,WILL_FIX,,
2026-05-13 22:22:41,SEC RFP - C001607388,Saudi Energy,c3bc81e2-de28-f111-88b4-6045bd13d56f,2025-03-16T06:34:00Z,3/16/2025 9:34 AM,WILL_FIX,,
2026-05-13 22:22:41,SEC RFP-C001648732,Saudi Energy,c6bc81e2-de28-f111-88b4-6045bd13d56f,2025-07-13T01:19:00Z,7/13/2025 4:19 AM,WILL_FIX,,
2026-05-13 22:22:41,SEC RFP- C001506871,Saudi Energy,d1bc81e2-de28-f111-88b4-6045bd13d56f,2024-08-19T04:35:00Z,8/19/2024 7:35 AM,WILL_FIX,,
2026-05-13 22:22:41,SEC RFP-C001438628,Saudi Energy,d2bc81e2-de28-f111-88b4-6045bd13d56f,2024-02-14T03:51:00Z,2/14/2024 6:51 AM,WILL_FIX,,
2026-05-13 22:22:41,SEC RFP - C001456667,Saudi Energy,391d7fe8-de28-f111-88b4-6045bd13d56f,2024-03-12T01:24:00Z,3/12/2024 4:24 AM,WILL_FIX,,
2026-05-13 22:22:41,SEC RFP-C001457748,Saudi Energy,3a1d7fe8-de28-f111-88b4-6045bd13d56f,2024-03-21T03:33:00Z,3/21/2024 6:33 AM,WILL_FIX,,
2026-05-13 22:22:41,SEC RFP- C001509862 - 6001509862,Saudi Energy,3e1d7fe8-de28-f111-88b4-6045bd13d56f,2024-08-19T00:33:00Z,8/19/2024 3:33 AM,WILL_FIX,,
2026-05-13 22:22:41,SEC RFP-C001660323,Saudi Energy,411d7fe8-de28-f111-88b4-6045bd13d56f,2025-08-11T02:09:00Z,8/11/2025 5:09 AM,WILL_FIX,,
2026-05-13 22:22:41,SEC RFP C001449678,Saudi Energy,421d7fe8-de28-f111-88b4-6045bd13d56f,2024-03-10T03:17:00Z,3/10/2024 6:17 AM,WILL_FIX,,
2026-05-13 22:22:41,SEC RFP-C001533463 - 6001533463,Saudi Energy,431d7fe8-de28-f111-88b4-6045bd13d56f,2024-10-15T04:28:00Z,10/15/2024 7:28 AM,WILL_FIX,,
2026-05-13 22:22:41,SEC RFP-C001512003,Saudi Energy,1e18d0ee-de28-f111-88b4-6045bd13d56f,2024-08-25T05:51:00Z,8/25/2024 8:51 AM,WILL_FIX,,
2026-05-13 22:22:41,SEC RFP-C001650065,Saudi Energy,2218d0ee-de28-f111-88b4-6045bd13d56f,2025-07-11T06:30:00Z,7/11/2025 9:30 AM,WILL_FIX,,
2026-05-13 22:22:41,SEC RFP-c001523651,Saudi Energy,2418d0ee-de28-f111-88b4-6045bd13d56f,2024-09-29T04:39:00Z,9/29/2024 7:39 AM,WILL_FIX,,
2026-05-13 22:22:41,SEC RFP-C001629201 - 6001629201,Saudi Energy,3218d0ee-de28-f111-88b4-6045bd13d56f,2025-05-25T03:19:00Z,5/25/2025 6:19 AM,WILL_FIX,,
2026-05-13 22:22:41,SEC RFP-C001527471 - 6001527471,Saudi Energy,4018d0ee-de28-f111-88b4-6045bd13d56f,2024-10-08T00:36:00Z,10/8/2024 3:36 AM,WILL_FIX,,
2026-05-13 22:22:41,SEC RFP-C001631184,Saudi Energy,8f5bfff4-de28-f111-88b4-6045bd13d56f,2025-06-02T23:16:00Z,6/3/2025 2:16 AM,WILL_FIX,,
2026-05-13 22:22:41,SEC RFP C001517252,Saudi Energy,915bfff4-de28-f111-88b4-6045bd13d56f,2024-09-07T22:58:00Z,9/8/2024 1:58 AM,WILL_FIX,,
2026-05-13 22:22:41,SEC RFP- C001527934 - 6001527934,Saudi Energy,925bfff4-de28-f111-88b4-6045bd13d56f,2024-10-16T22:25:00Z,10/17/2024 1:25 AM,WILL_FIX,,
2026-05-13 22:22:41,SEC RFP-C001462123,Saudi Energy,935bfff4-de28-f111-88b4-6045bd13d56f,2024-04-01T00:40:00Z,4/1/2024 3:40 AM,WILL_FIX,,
2026-05-13 22:22:41,SEC RFP-6001624708,Saudi Energy,945bfff4-de28-f111-88b4-6045bd13d56f,2025-05-14T22:11:00Z,5/15/2025 1:11 AM,WILL_FIX,,
2026-05-13 22:22:41,SEC RFP-C001527808,Saudi Energy,955bfff4-de28-f111-88b4-6045bd13d56f,2024-10-08T00:49:00Z,10/8/2024 3:49 AM,WILL_FIX,,
2026-05-13 22:22:41,SEC RFP-C001433816,Saudi Energy,915452fb-de28-f111-88b4-6045bd13d56f,2024-01-23T04:01:00Z,1/23/2024 7:01 AM,WILL_FIX,,
2026-05-13 22:22:41,SEC RFP- C001464924 - 6001464924,Saudi Energy,955452fb-de28-f111-88b4-6045bd13d56f,2024-03-31T05:53:00Z,3/31/2024 8:53 AM,WILL_FIX,,
2026-05-13 22:22:41,SEC RFP- C001610259,Saudi Energy,965452fb-de28-f111-88b4-6045bd13d56f,2025-03-26T16:51:00Z,3/26/2025 7:51 PM,WILL_FIX,,
2026-05-13 22:22:41,SEC RFP-C001597754,Saudi Energy,985452fb-de28-f111-88b4-6045bd13d56f,2025-02-27T03:47:00Z,2/27/2025 6:47 AM,WILL_FIX,,
2026-05-13 22:22:41,SEC RFP - C001443090,Saudi Energy,9c5452fb-de28-f111-88b4-6045bd13d56f,2024-02-17T20:52:00Z,2/17/2024 11:52 PM,WILL_FIX,,
2026-05-13 22:22:41,SEC RFP-C001620701 - 6001620701,Saudi Energy,6bbf7a01-df28-f111-88b4-6045bd13d56f,2025-04-28T23:38:00Z,4/29/2025 2:38 AM,WILL_FIX,,
2026-05-13 22:22:41,SEC RFP-C001509114,Saudi Energy,6fbf7a01-df28-f111-88b4-6045bd13d56f,2024-08-27T00:36:00Z,8/27/2024 3:36 AM,WILL_FIX,,
2026-05-13 22:22:41,SEC RFP 6001579583,Saudi Energy,8bbf7a01-df28-f111-88b4-6045bd13d56f,2025-01-19T00:06:00Z,1/19/2025 3:06 AM,WILL_FIX,,
2026-05-13 22:22:41,SEC RFP-C001656736,Saudi Energy,98bf7a01-df28-f111-88b4-6045bd13d56f,2025-07-28T23:51:00Z,7/29/2025 2:51 AM,WILL_FIX,,
2026-05-13 22:22:41,SEC RFP- C001516181 - 6001516181,Saudi Energy,99bf7a01-df28-f111-88b4-6045bd13d56f,2024-09-08T01:06:00Z,9/8/2024 4:06 AM,WILL_FIX,,
2026-05-13 22:22:41,SEC RFP C001451489,Saudi Energy,9abf7a01-df28-f111-88b4-6045bd13d56f,2024-03-05T04:37:00Z,3/5/2024 7:37 AM,WILL_FIX,,
2026-05-13 22:22:41,SEC RFP- C001613813,Saudi Energy,9cbf7a01-df28-f111-88b4-6045bd13d56f,2025-04-12T10:28:00Z,4/12/2025 1:28 PM,WILL_FIX,,
2026-05-13 22:22:41,SEC RFP-C001591285,Saudi Energy,8a767307-df28-f111-88b4-6045bd13d56f,2025-02-13T04:01:00Z,2/13/2025 7:01 AM,WILL_FIX,,
2026-05-13 22:22:41,SEC RFP-C001656748,Saudi Energy,8e767307-df28-f111-88b4-6045bd13d56f,2025-08-08T09:58:00Z,8/8/2025 12:58 PM,WILL_FIX,,
2026-05-13 22:22:41,SEC RFP-C001533510,Saudi Energy,99767307-df28-f111-88b4-6045bd13d56f,2024-10-17T01:23:00Z,10/17/2024 4:23 AM,WILL_FIX,,
2026-05-13 22:22:41,SEC RFP-C001540509,Saudi Energy,9a767307-df28-f111-88b4-6045bd13d56f,2024-11-17T04:02:00Z,11/17/2024 7:02 AM,WILL_FIX,,
2026-05-13 22:22:41,SEC RFP-C001528250 - 6001528250,Saudi Energy,a6767307-df28-f111-88b4-6045bd13d56f,2024-10-10T03:21:00Z,10/10/2024 6:21 AM,WILL_FIX,,
2026-05-13 22:22:41,SEC RFP- C001500352,Saudi Energy,ac767307-df28-f111-88b4-6045bd13d56f,2024-07-23T00:05:00Z,7/23/2024 3:05 AM,WILL_FIX,,
2026-05-13 22:22:41,SEC RFP-C001555405,Saudi Energy,ae767307-df28-f111-88b4-6045bd13d56f,2024-11-30T23:29:00Z,12/1/2024 2:29 AM,WILL_FIX,,
2026-05-13 22:22:41,SEC RFP-C001538717,Saudi Energy,34e4c80d-df28-f111-88b4-6045bd13d56f,2024-11-05T03:03:00Z,11/5/2024 6:03 AM,WILL_FIX,,
2026-05-13 22:22:41,SEC RFPC001499873,Saudi Energy,39e4c80d-df28-f111-88b4-6045bd13d56f,2024-08-01T02:19:00Z,8/1/2024 5:19 AM,WILL_FIX,,
2026-05-13 22:22:41,SEC RFP-C001486163,Saudi Energy,3be4c80d-df28-f111-88b4-6045bd13d56f,2024-06-12T03:09:00Z,6/12/2024 6:09 AM,WILL_FIX,,
2026-05-13 22:22:41,SEC RFP-C001477318,Saudi Energy,3fe4c80d-df28-f111-88b4-6045bd13d56f,2024-05-20T02:08:00Z,5/20/2024 5:08 AM,WILL_FIX,,
2026-05-13 22:22:41,SEC RFP-C001489965,Saudi Energy,48e4c80d-df28-f111-88b4-6045bd13d56f,2024-06-26T11:25:00Z,6/26/2024 2:25 PM,WILL_FIX,,
2026-05-13 22:22:41,SEC RFP C001553285,Saudi Energy,49e4c80d-df28-f111-88b4-6045bd13d56f,2024-11-05T21:55:00Z,11/6/2024 12:55 AM,WILL_FIX,,
2026-05-13 22:22:41,SEC RFP-C001544277,Saudi Energy,5f46d213-df28-f111-88b4-6045bd13d56f,2024-11-26T03:45:00Z,11/26/2024 6:45 AM,WILL_FIX,,
2026-05-13 22:22:41,SEC RFP-C001539622 - 6001539622,Saudi Energy,6846d213-df28-f111-88b4-6045bd13d56f,2024-11-09T21:34:00Z,11/10/2024 12:34 AM,WILL_FIX,,
2026-05-13 22:22:41,SEC RFPC001554401,Saudi Energy,6c46d213-df28-f111-88b4-6045bd13d56f,2024-12-09T21:55:00Z,12/10/2024 12:55 AM,WILL_FIX,,
2026-05-13 22:22:41,SEC RFP-C001500639 - 6001500639,Saudi Energy,6f46d213-df28-f111-88b4-6045bd13d56f,2024-07-30T03:25:00Z,7/30/2024 6:25 AM,WILL_FIX,,
2026-05-13 22:22:41,SEC RFP- C001499205,Saudi Energy,7546d213-df28-f111-88b4-6045bd13d56f,2024-08-21T01:33:00Z,8/21/2024 4:33 AM,WILL_FIX,,
2026-05-13 22:22:41,SEC RFP - C001517376,Saudi Energy,7746d213-df28-f111-88b4-6045bd13d56f,2024-09-10T00:27:00Z,9/10/2024 3:27 AM,WILL_FIX,,
2026-05-13 22:22:41,SEC RFP-C001553911,Saudi Energy,d821361a-df28-f111-88b4-6045bd13d56f,2024-12-09T03:13:00Z,12/9/2024 6:13 AM,WILL_FIX,,
2026-05-13 22:22:41,SEC RFP C001471172,Saudi Energy,dd21361a-df28-f111-88b4-6045bd13d56f,2024-05-05T04:39:00Z,5/5/2024 7:39 AM,WILL_FIX,,
2026-05-13 22:22:41,SEC RFPC001495063,Saudi Energy,de21361a-df28-f111-88b4-6045bd13d56f,2024-07-17T00:07:00Z,7/17/2024 3:07 AM,WILL_FIX,,
2026-05-13 22:22:41,SEC RFP- C001556939 - 6001556939,Saudi Energy,df21361a-df28-f111-88b4-6045bd13d56f,2024-12-17T03:14:00Z,12/17/2024 6:14 AM,WILL_FIX,,
2026-05-13 22:22:41,SEC RFP-C001524409,Saudi Energy,cff74620-df28-f111-88b4-6045bd13d56f,2024-09-30T04:50:00Z,9/30/2024 7:50 AM,WILL_FIX,,
2026-05-13 22:22:41,SEC RFP-C001494645,Saudi Energy,d0f74620-df28-f111-88b4-6045bd13d56f,2024-07-13T22:31:00Z,7/14/2024 1:31 AM,WILL_FIX,,
2026-05-13 22:22:41,SEC RFP-C001520038,Saudi Energy,d1f74620-df28-f111-88b4-6045bd13d56f,2024-09-17T03:49:00Z,9/17/2024 6:49 AM,WILL_FIX,,
2026-05-13 22:22:41,SEC RFP-C001717658,Saudi Energy,54574426-df28-f111-88b4-6045bd13d56f,2026-01-08T08:50:00Z,1/8/2026 11:50 AM,WILL_FIX,,
2026-05-13 22:22:41,SEC RFP- C001738316 - 6001738316,Saudi Energy,55574426-df28-f111-88b4-6045bd13d56f,2026-02-19T23:55:00Z,2/20/2026 2:55 AM,WILL_FIX,,
2026-05-13 22:22:41,SEC RFP-C001709655,Saudi Energy,5b574426-df28-f111-88b4-6045bd13d56f,2026-01-14T03:11:00Z,1/14/2026 6:11 AM,WILL_FIX,,
2026-05-13 22:22:41,SEC RFP C001718190,Saudi Energy,5c574426-df28-f111-88b4-6045bd13d56f,2026-01-04T00:17:00Z,1/4/2026 3:17 AM,WILL_FIX,,
2026-05-13 22:22:41,SEC RFP-C001718256,Saudi Energy,5f574426-df28-f111-88b4-6045bd13d56f,2026-01-10T22:36:00Z,1/11/2026 1:36 AM,WILL_FIX,,
2026-05-13 22:22:41,SEC RFP- C001744617,Saudi Energy,60574426-df28-f111-88b4-6045bd13d56f,2023-06-22T04:35:00Z,6/22/2023 7:35 AM,WILL_FIX,,
2026-05-13 22:22:41,SEC RFP-C001743191,Saudi Energy,0aff752c-df28-f111-88b4-6045bd13d56f,2026-02-24T10:40:00Z,2/24/2026 1:40 PM,WILL_FIX,,
2026-05-13 22:22:41,SEC RFP-C001749832,Saudi Energy,0bff752c-df28-f111-88b4-6045bd13d56f,2026-02-25T14:47:00Z,2/25/2026 5:47 PM,WILL_FIX,,
2026-05-13 22:22:41,SEC RFP- C001754738,Saudi Energy,12ff752c-df28-f111-88b4-6045bd13d56f,2026-03-10T12:02:00Z,3/10/2026 3:02 PM,WILL_FIX,,
2026-05-13 22:22:41,SEC RFP-C001752902,Saudi Energy,16ff752c-df28-f111-88b4-6045bd13d56f,2026-03-11T00:32:00Z,3/11/2026 3:32 AM,WILL_FIX,,
2026-05-13 22:22:41,SEC RFP-C001718936 - 6001718936,Saudi Energy,25db9432-df28-f111-88b4-6045bd13d56f,2025-12-30T00:50:00Z,12/30/2025 3:50 AM,WILL_FIX,,
2026-05-13 22:22:41,SEC RFP-C001721788 - 6001721788,Saudi Energy,28db9432-df28-f111-88b4-6045bd13d56f,2026-01-01T00:51:00Z,1/1/2026 3:51 AM,WILL_FIX,,
2026-05-13 22:22:41,SEC RFP- C001704404,Saudi Energy,2adb9432-df28-f111-88b4-6045bd13d56f,2025-11-23T00:34:00Z,11/23/2025 3:34 AM,WILL_FIX,,
2026-05-13 22:22:41,SEC RFP-C001699297,Saudi Energy,2ddb9432-df28-f111-88b4-6045bd13d56f,2025-11-17T02:06:00Z,11/17/2025 5:06 AM,WILL_FIX,,
2026-05-13 22:22:41,SEC RFP-C001533871,Saudi Energy,505eac38-df28-f111-88b4-6045bd13d56f,2024-10-22T03:48:00Z,10/22/2024 6:48 AM,WILL_FIX,,
2026-05-13 22:22:41,SEC RFP- C001660330,Saudi Energy,535eac38-df28-f111-88b4-6045bd13d56f,2025-08-10T23:14:00Z,8/11/2025 2:14 AM,WILL_FIX,,
2026-05-13 22:22:41,SEC RFP- C001539276,Saudi Energy,5a5eac38-df28-f111-88b4-6045bd13d56f,2024-11-12T21:09:00Z,11/13/2024 12:09 AM,WILL_FIX,,
2026-05-13 22:22:41,SEC RFP-C001510919 - 6001510919,Saudi Energy,5c5eac38-df28-f111-88b4-6045bd13d56f,2024-08-26T01:27:00Z,8/26/2024 4:27 AM,WILL_FIX,,
2026-05-13 22:22:41,SEC RFP-C001585618 - 6001585618,Saudi Energy,5d5eac38-df28-f111-88b4-6045bd13d56f,2025-02-05T23:03:00Z,2/6/2025 2:03 AM,WILL_FIX,,
2026-05-13 22:22:41,SEC RFP - C001627041,Saudi Energy,5f5eac38-df28-f111-88b4-6045bd13d56f,2025-05-19T01:28:00Z,5/19/2025 4:28 AM,WILL_FIX,,
2026-05-13 22:22:41,SEC RFP C001640346,Saudi Energy,625eac38-df28-f111-88b4-6045bd13d56f,2025-06-26T00:21:00Z,6/26/2025 3:21 AM,WILL_FIX,,
2026-05-13 22:22:41,SEC RFP-C001445276,Saudi Energy,6d8f063f-df28-f111-88b4-6045bd13d56f,2024-02-21T03:15:00Z,2/21/2024 6:15 AM,WILL_FIX,,
2026-05-13 22:22:41,SEC RFP 6001586250,Saudi Energy,6e8f063f-df28-f111-88b4-6045bd13d56f,2025-02-03T03:11:00Z,2/3/2025 6:11 AM,WILL_FIX,,
2026-05-13 22:22:41,SEC RFP-C001480508,Saudi Energy,858f063f-df28-f111-88b4-6045bd13d56f,2024-05-26T04:59:00Z,5/26/2024 7:59 AM,WILL_FIX,,
2026-05-13 22:22:41,SEC RFP-C001513890,Saudi Energy,888f063f-df28-f111-88b4-6045bd13d56f,2024-09-03T05:38:00Z,9/3/2024 8:38 AM,WILL_FIX,,
2026-05-13 22:22:41,SEC RFP-C001628395,Saudi Energy,898f063f-df28-f111-88b4-6045bd13d56f,2025-05-20T23:35:00Z,5/21/2025 2:35 AM,WILL_FIX,,
2026-05-13 22:22:41,SEC RFP-C001444740,Saudi Energy,8b8f063f-df28-f111-88b4-6045bd13d56f,2024-02-19T03:31:00Z,2/19/2024 6:31 AM,WILL_FIX,,
2026-05-13 22:22:41,SEC RFP-C001521550 - 6001521550,Saudi Energy,8e8f063f-df28-f111-88b4-6045bd13d56f,2024-09-08T04:32:00Z,9/8/2024 7:32 AM,WILL_FIX,,
2026-05-13 22:22:41,SEC RFP C001513701,Saudi Energy,6ede4845-df28-f111-88b4-6045bd13d56f,2024-08-25T01:02:00Z,8/25/2024 4:02 AM,WILL_FIX,,
2026-05-13 22:22:41,SEC RFP-C001669018,Saudi Energy,70de4845-df28-f111-88b4-6045bd13d56f,2025-08-26T04:34:00Z,8/26/2025 7:34 AM,WILL_FIX,,
2026-05-13 22:22:41,SEC RFPC001461510,Saudi Energy,80de4845-df28-f111-88b4-6045bd13d56f,2024-03-21T04:18:00Z,3/21/2024 7:18 AM,WILL_FIX,,
2026-05-13 22:22:41,SEC RFP-C001612094,Saudi Energy,81de4845-df28-f111-88b4-6045bd13d56f,2025-04-16T01:46:00Z,4/16/2025 4:46 AM,WILL_FIX,,
2026-05-13 22:22:41,SEC RFPC001442256,Saudi Energy,83de4845-df28-f111-88b4-6045bd13d56f,2024-05-26T22:42:00Z,5/27/2024 1:42 AM,WILL_FIX,,
2026-05-13 22:22:41,SEC RFP-C001648739,Saudi Energy,5a19764b-df28-f111-88b4-6045bd13d56f,2025-07-13T04:46:00Z,7/13/2025 7:46 AM,WILL_FIX,,
2026-05-13 22:22:41,SEC RFPC001446398,Saudi Energy,6519764b-df28-f111-88b4-6045bd13d56f,2024-02-21T05:30:00Z,2/21/2024 8:30 AM,WILL_FIX,,
2026-05-13 22:22:41,SEC RFP- C001647869,Saudi Energy,7819764b-df28-f111-88b4-6045bd13d56f,2025-07-23T04:10:00Z,7/23/2025 7:10 AM,WILL_FIX,,
2026-05-13 22:22:41,SEC RFP C001632466,Saudi Energy,3bb2b052-df28-f111-88b4-6045bd13d56f,2025-05-29T02:01:00Z,5/29/2025 5:01 AM,WILL_FIX,,
2026-05-13 22:22:41,SEC RFP-C001631179,Saudi Energy,3cb2b052-df28-f111-88b4-6045bd13d56f,2025-05-22T03:36:00Z,5/22/2025 6:36 AM,WILL_FIX,,
2026-05-13 22:22:41,SEC RFP-C001650684,Saudi Energy,44b2b052-df28-f111-88b4-6045bd13d56f,2025-07-10T03:11:00Z,7/10/2025 6:11 AM,WILL_FIX,,
2026-05-13 22:22:41,SEC RFP-C001459057,Saudi Energy,e670b758-df28-f111-88b4-6045bd13d56f,2024-03-31T02:59:00Z,3/31/2024 5:59 AM,WILL_FIX,,
2026-05-13 22:22:41,SEC RFP-C001588173,Saudi Energy,e870b758-df28-f111-88b4-6045bd13d56f,2025-02-15T21:31:00Z,2/16/2025 12:31 AM,WILL_FIX,,
2026-05-13 22:22:41,SEC RFP - C001634318,Saudi Energy,ed70b758-df28-f111-88b4-6045bd13d56f,2025-06-18T00:07:00Z,6/18/2025 3:07 AM,WILL_FIX,,
2026-05-13 22:22:41,SEC RFP-C001462674,Saudi Energy,ee70b758-df28-f111-88b4-6045bd13d56f,2024-04-20T23:52:00Z,4/21/2024 2:52 AM,WILL_FIX,,
2026-05-13 22:22:41,SEC RFP 6001569889,Saudi Energy,ef70b758-df28-f111-88b4-6045bd13d56f,2024-12-16T23:28:00Z,12/17/2024 2:28 AM,WILL_FIX,,
2026-05-13 22:22:41,SEC RFP-C001431628,Saudi Energy,b1a5165f-df28-f111-88b4-6045bd13d56f,2024-01-21T00:47:00Z,1/21/2024 3:47 AM,WILL_FIX,,
2026-05-13 22:22:41,SEC RFP-C001510631 - 6001510631,Saudi Energy,b7a5165f-df28-f111-88b4-6045bd13d56f,2024-08-22T05:11:00Z,8/22/2024 8:11 AM,WILL_FIX,,
2026-05-13 22:22:41,SEC RFP-C001534907 - 6001534907,Saudi Energy,b8a5165f-df28-f111-88b4-6045bd13d56f,2024-10-24T01:46:00Z,10/24/2024 4:46 AM,WILL_FIX,,
2026-05-13 22:22:41,SEC RFP-C001664683 - 6001664683,Saudi Energy,bba5165f-df28-f111-88b4-6045bd13d56f,2025-08-03T23:36:00Z,8/4/2025 2:36 AM,WILL_FIX,,
2026-05-13 22:22:41,SEC RFP- C001485606,Saudi Energy,bca5165f-df28-f111-88b4-6045bd13d56f,2024-06-11T23:13:00Z,6/12/2024 2:13 AM,WILL_FIX,,
2026-05-13 22:22:41,SEC RFP-C001645514,Saudi Energy,c7a5165f-df28-f111-88b4-6045bd13d56f,2025-07-02T05:27:00Z,7/2/2025 8:27 AM,WILL_FIX,,
2026-05-13 22:22:41,SEC RFP-C001634678 - 6001634678,Saudi Energy,9bb6f165-df28-f111-88b4-6045bd13d56f,2025-06-04T04:39:00Z,6/4/2025 7:39 AM,WILL_FIX,,
2026-05-13 22:22:41,SEC RFP-C001515580,Saudi Energy,a1b6f165-df28-f111-88b4-6045bd13d56f,2024-09-04T04:28:00Z,9/4/2024 7:28 AM,WILL_FIX,,
2026-05-13 22:22:41,SEC RFP-C001587816,Saudi Energy,a2b6f165-df28-f111-88b4-6045bd13d56f,2025-02-24T21:46:00Z,2/25/2025 12:46 AM,WILL_FIX,,
2026-05-13 22:22:41,SEC RFP-C001588130,Saudi Energy,a4b6f165-df28-f111-88b4-6045bd13d56f,2025-02-18T03:05:00Z,2/18/2025 6:05 AM,WILL_FIX,,
2026-05-13 22:22:41,SEC RFP-C001427098,Saudi Energy,a5b6f165-df28-f111-88b4-6045bd13d56f,2024-01-04T03:40:00Z,1/4/2024 6:40 AM,WILL_FIX,,
2026-05-13 22:22:41,SEC RFP- C001538363,Saudi Energy,a6b6f165-df28-f111-88b4-6045bd13d56f,2024-11-06T22:20:00Z,11/7/2024 1:20 AM,WILL_FIX,,
2026-05-13 22:22:41,SEC RFP C001611616,Saudi Energy,3d78f66b-df28-f111-88b4-6045bd13d56f,2025-04-08T00:08:00Z,4/8/2025 3:08 AM,WILL_FIX,,
2026-05-13 22:22:41,SEC RFP-C001438590,Saudi Energy,3e78f66b-df28-f111-88b4-6045bd13d56f,2024-01-29T01:29:00Z,1/29/2024 4:29 AM,WILL_FIX,,
2026-05-13 22:22:41,SEC RFP-C001648777,Saudi Energy,4178f66b-df28-f111-88b4-6045bd13d56f,2025-07-20T04:30:00Z,7/20/2025 7:30 AM,WILL_FIX,,
2026-05-13 22:22:41,SEC RFP-C001661989,Saudi Energy,4278f66b-df28-f111-88b4-6045bd13d56f,2025-08-12T23:35:00Z,8/13/2025 2:35 AM,WILL_FIX,,
2026-05-13 22:22:41,SEC RFP-C001662899,Saudi Energy,4378f66b-df28-f111-88b4-6045bd13d56f,2025-07-29T00:10:00Z,7/29/2025 3:10 AM,WILL_FIX,,
2026-05-13 22:22:41,SEC RFP-C001662309 - 6001662309,Saudi Energy,6078f66b-df28-f111-88b4-6045bd13d56f,2025-08-13T22:22:00Z,8/14/2025 1:22 AM,WILL_FIX,,
2026-05-13 22:22:41,SEC RFP-C001625276 - 6001625276,Saudi Energy,6178f66b-df28-f111-88b4-6045bd13d56f,2025-05-12T04:31:00Z,5/12/2025 7:31 AM,WILL_FIX,,
2026-05-13 22:22:41,SEC RFP-C001640376,Saudi Energy,24a0f971-df28-f111-88b4-6045bd13d56f,2025-06-25T00:43:00Z,6/25/2025 3:43 AM,WILL_FIX,,
2026-05-13 22:22:41,SEC RFP-C001540502,Saudi Energy,2ca0f971-df28-f111-88b4-6045bd13d56f,2024-12-17T03:21:00Z,12/17/2024 6:21 AM,WILL_FIX,,
2026-05-13 22:22:41,SEC RFP - C001538996,Saudi Energy,2ea0f971-df28-f111-88b4-6045bd13d56f,2024-11-26T06:48:00Z,11/26/2024 9:48 AM,WILL_FIX,,
2026-05-13 22:22:41,SEC RFP-C001547512,Saudi Energy,3ea0f971-df28-f111-88b4-6045bd13d56f,2024-11-13T02:55:00Z,11/13/2024 5:55 AM,WILL_FIX,,
2026-05-13 22:22:41,SEC RFP-C001490473,Saudi Energy,49a0f971-df28-f111-88b4-6045bd13d56f,2024-07-11T04:41:00Z,7/11/2024 7:41 AM,WILL_FIX,,
2026-05-13 22:22:41,SEC RFP-C001473418 - 6001473418,Saudi Energy,4ba0f971-df28-f111-88b4-6045bd13d56f,2024-05-05T04:21:00Z,5/5/2024 7:21 AM,WILL_FIX,,
2026-05-13 22:22:41,SEC RFP-C001472913,Saudi Energy,4da0f971-df28-f111-88b4-6045bd13d56f,2024-05-08T04:15:00Z,5/8/2024 7:15 AM,WILL_FIX,,
2026-05-13 22:22:41,SEC RFP-C001518461 - 6001518461,Saudi Energy,2d584a78-df28-f111-88b4-6045bd13d56f,2024-09-16T08:32:00Z,9/16/2024 11:32 AM,WILL_FIX,,
2026-05-13 22:22:41,SEC RFP-C001556024 - 6001556024,Saudi Energy,2f584a78-df28-f111-88b4-6045bd13d56f,2024-12-14T23:06:00Z,12/15/2024 2:06 AM,WILL_FIX,,
2026-05-13 22:22:41,SEC RFP - C001536261,Saudi Energy,32584a78-df28-f111-88b4-6045bd13d56f,2024-12-10T01:00:00Z,12/10/2024 4:00 AM,WILL_FIX,,
2026-05-13 22:22:41,SEC RFP C001507616,Saudi Energy,37584a78-df28-f111-88b4-6045bd13d56f,2024-08-15T04:13:00Z,8/15/2024 7:13 AM,WILL_FIX,,
2026-05-13 22:22:41,SEC RFP C001542253,Saudi Energy,44584a78-df28-f111-88b4-6045bd13d56f,2024-12-03T04:13:00Z,12/3/2024 7:13 AM,WILL_FIX,,
2026-05-13 22:22:41,SEC RFP-C001509037 - 6001509037,Saudi Energy,46584a78-df28-f111-88b4-6045bd13d56f,2024-08-20T05:17:00Z,8/20/2024 8:17 AM,WILL_FIX,,
2026-05-13 22:22:41,SEC RFP-C001521129,Saudi Energy,47584a78-df28-f111-88b4-6045bd13d56f,2024-09-11T04:30:00Z,9/11/2024 7:30 AM,WILL_FIX,,
2026-05-13 22:22:41,SEC RFP-C001470148,Saudi Energy,48584a78-df28-f111-88b4-6045bd13d56f,2024-04-25T01:40:00Z,4/25/2024 4:40 AM,WILL_FIX,,
2026-05-13 22:22:41,SEC RFP-C001556925,Saudi Energy,5d36457e-df28-f111-88b4-6045bd13d56f,2024-12-18T04:33:00Z,12/18/2024 7:33 AM,WILL_FIX,,
2026-05-13 22:22:41,SEC RFP-C001490841,Saudi Energy,5e36457e-df28-f111-88b4-6045bd13d56f,2024-07-02T03:59:00Z,7/2/2024 6:59 AM,WILL_FIX,,
2026-05-13 22:22:41,SEC RFP-C001503128 - 6001503128,Saudi Energy,5f36457e-df28-f111-88b4-6045bd13d56f,2024-08-14T01:40:00Z,8/14/2024 4:40 AM,WILL_FIX,,
2026-05-13 22:22:41,SEC RFP-C001518077,Saudi Energy,6036457e-df28-f111-88b4-6045bd13d56f,2024-09-09T23:11:00Z,9/10/2024 2:11 AM,WILL_FIX,,
2026-05-13 22:22:41,SEC RFP-C001502269,Saudi Energy,6736457e-df28-f111-88b4-6045bd13d56f,2024-08-07T16:54:00Z,8/7/2024 7:54 PM,WILL_FIX,,
2026-05-13 22:22:41,SEC RFP-C001500401 - 6001500401,Saudi Energy,7236457e-df28-f111-88b4-6045bd13d56f,2024-08-01T05:00:00Z,8/1/2024 8:00 AM,WILL_FIX,,
2026-05-13 22:22:41,SEC RFP - 6001539274,Saudi Energy,7336457e-df28-f111-88b4-6045bd13d56f,2024-10-28T04:49:00Z,10/28/2024 7:49 AM,WILL_FIX,,
2026-05-13 22:22:41,SEC RFP-C001519753,Saudi Energy,6f2d5f84-df28-f111-88b4-6045bd13d56f,2024-09-09T02:35:00Z,9/9/2024 5:35 AM,WILL_FIX,,
2026-05-13 22:22:41,SEC RFP-C001494385,Saudi Energy,702d5f84-df28-f111-88b4-6045bd13d56f,2024-07-13T22:56:00Z,7/14/2024 1:56 AM,WILL_FIX,,
2026-05-13 22:22:41,SEC RFP-C001494571,Saudi Energy,712d5f84-df28-f111-88b4-6045bd13d56f,2024-05-23T05:12:00Z,5/23/2024 8:12 AM,WILL_FIX,,
2026-05-13 22:22:41,SEC RFP C001542228,Saudi Energy,752d5f84-df28-f111-88b4-6045bd13d56f,2024-11-17T23:18:00Z,11/18/2024 2:18 AM,WILL_FIX,,
2026-05-13 22:22:41,SEC RFP-C001470761,Saudi Energy,802d5f84-df28-f111-88b4-6045bd13d56f,2024-04-28T05:29:00Z,4/28/2024 8:29 AM,WILL_FIX,,
2026-05-13 22:22:41,SEC RFP - C001496386,Saudi Energy,812d5f84-df28-f111-88b4-6045bd13d56f,2024-07-14T05:22:00Z,7/14/2024 8:22 AM,WILL_FIX,,
2026-05-13 22:22:41,SEC RFP-C001755862,Saudi Energy,822d5f84-df28-f111-88b4-6045bd13d56f,2026-03-15T00:01:00Z,3/15/2026 3:01 AM,WILL_FIX,,
2026-05-13 22:22:41,SEC RFP-C001757328,Saudi Energy,992d5f84-df28-f111-88b4-6045bd13d56f,2026-03-18T00:21:00Z,3/18/2026 3:21 AM,WILL_FIX,,
2026-05-13 22:22:41,SEC RFP-C001521052,Saudi Energy,c23b9f8a-df28-f111-88b4-6045bd13d56f,2024-09-26T02:21:00Z,9/26/2024 5:21 AM,WILL_FIX,,
2026-05-13 22:22:41,SEC RFP - C001524050,Saudi Energy,dbae9790-df28-f111-88b4-6045bd13d56f,2024-09-30T22:27:00Z,10/1/2024 1:27 AM,WILL_FIX,,
2026-05-13 22:22:41,SEC RFP-C001727147,Saudi Energy,dcae9790-df28-f111-88b4-6045bd13d56f,2026-01-04T03:02:00Z,1/4/2026 6:02 AM,WILL_FIX,,
2026-05-13 22:22:41,SEC RFPC001749818,Saudi Energy,e5ae9790-df28-f111-88b4-6045bd13d56f,2026-02-26T11:46:00Z,2/26/2026 2:46 PM,WILL_FIX,,
2026-05-13 22:22:41,SEC RFP-C001738255,Saudi Energy,99580797-df28-f111-88b4-6045bd13d56f,2026-02-15T01:35:00Z,2/15/2026 4:35 AM,WILL_FIX,,
2026-05-13 22:22:41,SEC RFP,Saudi Energy,ffaa1979-e028-f111-88b4-6045bd13d56f,2024-01-31T00:03:00Z,1/31/2024 3:03 AM,WILL_FIX,,
2026-05-13 22:22:41,RFQ - C001652754,Saudi Energy,09c15b9f-e028-f111-88b4-6045bd13d56f,2025-07-20T05:16:00Z,7/20/2025 8:16 AM,WILL_FIX,,
2026-05-13 22:22:41,RFQ - C001596029,Saudi Energy,d3d839d1-e028-f111-88b4-6045bd13d56f,2025-02-24T21:43:00Z,2/25/2025 12:43 AM,WILL_FIX,,
2026-05-13 22:22:41,RFQ - C001491702 - 6001491702,Saudi Energy,5454b51e-e128-f111-88b4-6045bd13d56f,2024-07-02T05:43:00Z,7/2/2024 8:43 AM,WILL_FIX,,
2026-05-13 22:22:41,SEC RFP-C001733699,Saudi Energy,6bd67a2b-e128-f111-88b4-6045bd13d56f,2026-02-09T03:03:00Z,2/9/2026 6:03 AM,WILL_FIX,,
2026-05-13 22:22:41,SEC RFP-C001737528,Saudi Energy,2ae2ae31-e128-f111-88b4-6045bd13d56f,2026-01-28T03:27:00Z,1/28/2026 6:27 AM,WILL_FIX,,
2026-05-13 22:22:41,SEC RFP-C001723233,Saudi Energy,2be2ae31-e128-f111-88b4-6045bd13d56f,2026-01-28T00:16:00Z,1/28/2026 3:16 AM,WILL_FIX,,
2026-05-13 22:22:41,SEC RFP C001718188,Saudi Energy,2de2ae31-e128-f111-88b4-6045bd13d56f,2025-12-20T18:59:00Z,12/20/2025 9:59 PM,WILL_FIX,,
2026-05-13 22:22:41,SEC RFP-C001722740,Saudi Energy,2ee2ae31-e128-f111-88b4-6045bd13d56f,2026-01-14T03:12:00Z,1/14/2026 6:12 AM,WILL_FIX,,
2026-05-13 22:22:41,SEC RFP- C001721458,Saudi Energy,39e2ae31-e128-f111-88b4-6045bd13d56f,2025-12-30T00:55:00Z,12/30/2025 3:55 AM,WILL_FIX,,
2026-05-13 22:22:41,SEC RFP C001689401,Saudi Energy,3de2ae31-e128-f111-88b4-6045bd13d56f,2025-12-15T03:21:00Z,12/15/2025 6:21 AM,WILL_FIX,,
2026-05-13 22:22:41,SEC RFP-C001714250,Saudi Energy,cf4d4738-e128-f111-88b4-6045bd13d56f,2025-11-20T04:54:00Z,11/20/2025 7:54 AM,WILL_FIX,,
2026-05-13 22:22:41,SEC RFP C001704350,Saudi Energy,d04d4738-e128-f111-88b4-6045bd13d56f,2025-11-11T02:08:00Z,11/11/2025 5:08 AM,WILL_FIX,,
2026-05-13 22:22:41,SEC RFP-C001701641,Saudi Energy,d14d4738-e128-f111-88b4-6045bd13d56f,2025-10-23T01:12:00Z,10/23/2025 4:12 AM,WILL_FIX,,
2026-05-13 22:22:41,SEC RFP-C001701082,Saudi Energy,d24d4738-e128-f111-88b4-6045bd13d56f,2025-11-16T23:13:00Z,11/17/2025 2:13 AM,WILL_FIX,,
2026-05-13 22:22:41,SEC RFP-C001702533,Saudi Energy,df7b1d3f-e128-f111-88b4-6045bd13d56f,2025-11-02T21:46:00Z,11/3/2025 12:46 AM,WILL_FIX,,
2026-05-13 22:22:41,SEC RFP-C001698609,Saudi Energy,067c1d3f-e128-f111-88b4-6045bd13d56f,2025-11-05T01:00:00Z,11/5/2025 4:00 AM,WILL_FIX,,
2026-05-13 22:22:41,SEC RFP-C001701695,Saudi Energy,737c1d3f-e128-f111-88b4-6045bd13d56f,2025-11-01T22:29:00Z,11/2/2025 1:29 AM,WILL_FIX,,
2026-05-13 22:22:41,SEC RFP-C001700406,Saudi Energy,847c1d3f-e128-f111-88b4-6045bd13d56f,2025-11-03T21:20:00Z,11/4/2025 12:20 AM,WILL_FIX,,
2026-05-13 22:22:41,SEC RFPC001698588,Saudi Energy,8f7c1d3f-e128-f111-88b4-6045bd13d56f,2025-11-02T03:19:00Z,11/2/2025 6:19 AM,WILL_FIX,,
2026-05-13 22:22:41,SEC RFP - C001678139,Saudi Energy,967c1d3f-e128-f111-88b4-6045bd13d56f,2025-10-30T03:32:00Z,10/30/2025 6:32 AM,WILL_FIX,,
2026-05-13 22:22:41,RFQ - C001694784,Saudi Energy,8a60c645-e128-f111-88b4-6045bd13d56f,2025-10-23T19:20:00Z,10/23/2025 10:20 PM,WILL_FIX,,
2026-05-13 22:22:41,SEC RFP - C001695848,Saudi Energy,8d60c645-e128-f111-88b4-6045bd13d56f,2025-10-19T03:50:00Z,10/19/2025 6:50 AM,WILL_FIX,,
2026-05-13 22:22:41,SEC RFP - C001692790,Saudi Energy,9560c645-e128-f111-88b4-6045bd13d56f,2025-10-15T22:37:00Z,10/16/2025 1:37 AM,WILL_FIX,,
2026-05-13 22:22:41,SEC RFP-C001686172,Saudi Energy,9c60c645-e128-f111-88b4-6045bd13d56f,2025-10-14T01:34:00Z,10/14/2025 4:34 AM,WILL_FIX,,
2026-05-13 22:22:41,SEC RFP- C001682340,Saudi Energy,9f60c645-e128-f111-88b4-6045bd13d56f,2025-09-24T03:55:00Z,9/24/2025 6:55 AM,WILL_FIX,,
2026-05-13 22:22:41,SEC RFP-C001685428 - 6001685428,Saudi Energy,a460c645-e128-f111-88b4-6045bd13d56f,2025-09-24T03:03:00Z,9/24/2025 6:03 AM,WILL_FIX,,
2026-05-13 22:22:41,SEC RFP - C001687717,Saudi Energy,0ad6c54b-e128-f111-88b4-6045bd13d56f,2025-09-27T23:12:00Z,9/28/2025 2:12 AM,WILL_FIX,,
2026-05-13 22:22:41,SEC RFP - C001683688,Saudi Energy,0ed6c54b-e128-f111-88b4-6045bd13d56f,2025-09-24T03:48:00Z,9/24/2025 6:48 AM,WILL_FIX,,
2026-05-13 22:22:41,SEC RFP C001678885,Saudi Energy,0fd6c54b-e128-f111-88b4-6045bd13d56f,2025-09-20T20:24:00Z,9/20/2025 11:24 PM,WILL_FIX,,
2026-05-13 22:22:41,SEC RFP-C001674288,Saudi Energy,14d6c54b-e128-f111-88b4-6045bd13d56f,2025-09-21T01:24:00Z,9/21/2025 4:24 AM,WILL_FIX,,
2026-05-13 22:22:41,SEC RFP-C001669576,Saudi Energy,90701169-e128-f111-88b4-6045bd13d56f,2025-08-26T02:25:00Z,8/26/2025 5:25 AM,WILL_FIX,,
2026-05-13 22:22:41,SEC RFPC001669579,Saudi Energy,91701169-e128-f111-88b4-6045bd13d56f,2025-08-29T23:42:00Z,8/30/2025 2:42 AM,WILL_FIX,,
2026-05-13 22:22:41,SEC RFP - C001671242,Saudi Energy,97701169-e128-f111-88b4-6045bd13d56f,2025-08-28T04:11:00Z,8/28/2025 7:11 AM,WILL_FIX,,
2026-05-13 22:22:41,SEC RFP-C001665625,Saudi Energy,9f701169-e128-f111-88b4-6045bd13d56f,2025-08-12T00:22:00Z,8/12/2025 3:22 AM,WILL_FIX,,
2026-05-13 22:22:41,SEC RFP-C00167634,Saudi Energy,a2701169-e128-f111-88b4-6045bd13d56f,2025-09-14T00:59:00Z,9/14/2025 3:59 AM,WILL_FIX,,
2026-05-13 22:22:41,SEC RFP-C001718985,Saudi Energy,edbf8a6f-e128-f111-88b4-6045bd13d56f,2026-01-04T03:51:00Z,1/4/2026 6:51 AM,WILL_FIX,,
2026-05-13 22:22:41,SEC RFP-C001627072,Saudi Energy,efbf8a6f-e128-f111-88b4-6045bd13d56f,2025-05-21T01:42:00Z,5/21/2025 4:42 AM,WILL_FIX,,
2026-05-13 22:22:41,SEC RFP-C001513924 - 6001513924,Saudi Energy,31c08a6f-e128-f111-88b4-6045bd13d56f,2024-08-12T11:18:00Z,8/12/2024 2:18 PM,WILL_FIX,,
2026-05-13 22:22:41,SEC RFP - C001605342,Saudi Energy,55c08a6f-e128-f111-88b4-6045bd13d56f,2025-03-25T16:45:00Z,3/25/2025 7:45 PM,WILL_FIX,,
2026-05-13 22:22:41,SEC RFP- C001647953,Saudi Energy,7ac08a6f-e128-f111-88b4-6045bd13d56f,2025-07-12T05:50:00Z,7/12/2025 8:50 AM,WILL_FIX,,
2026-05-13 22:22:41,SEC RFP-C001435105,Saudi Energy,15c18a6f-e128-f111-88b4-6045bd13d56f,2024-01-24T03:44:00Z,1/24/2024 6:44 AM,WILL_FIX,,
2026-05-13 22:22:41,SEC RFP-C001447424,Saudi Energy,6d498875-e128-f111-88b4-6045bd13d56f,2024-03-02T23:59:00Z,3/3/2024 2:59 AM,WILL_FIX,,
2026-05-13 22:22:41,SEC RFP-6001621274,Saudi Energy,76498875-e128-f111-88b4-6045bd13d56f,2025-04-30T04:11:00Z,4/30/2025 7:11 AM,WILL_FIX,,
2026-05-13 22:22:41,SEC RFP-C001483415 - 6001483415,Saudi Energy,7a498875-e128-f111-88b4-6045bd13d56f,2024-06-10T02:58:00Z,6/10/2024 5:58 AM,WILL_FIX,,
2026-05-13 22:22:41,SEC RFPC001485908,Saudi Energy,93498875-e128-f111-88b4-6045bd13d56f,2024-06-11T03:23:00Z,6/11/2024 6:23 AM,WILL_FIX,,
2026-05-13 22:22:41,SEC RFP - C001635260,Saudi Energy,82239e7b-e128-f111-88b4-6045bd13d56f,2025-06-04T05:31:00Z,6/4/2025 8:31 AM,WILL_FIX,,
2026-05-13 22:22:41,SEC RFP-C001594779,Saudi Energy,86239e7b-e128-f111-88b4-6045bd13d56f,2025-03-03T00:22:00Z,3/3/2025 3:22 AM,WILL_FIX,,
2026-05-13 22:22:41,SEC RFP-C001651314,Saudi Energy,96239e7b-e128-f111-88b4-6045bd13d56f,2025-07-22T01:18:00Z,7/22/2025 4:18 AM,WILL_FIX,,
2026-05-13 22:22:41,SEC RFP - C001647202,Saudi Energy,c0239e7b-e128-f111-88b4-6045bd13d56f,2025-07-07T21:39:00Z,7/8/2025 12:39 AM,WILL_FIX,,
2026-05-13 22:22:41,SEC RFP-C001539920,Saudi Energy,c4239e7b-e128-f111-88b4-6045bd13d56f,2024-11-03T21:46:00Z,11/4/2024 12:46 AM,WILL_FIX,,
2026-05-13 22:22:41,SEC RFPc001506925,Saudi Energy,cb239e7b-e128-f111-88b4-6045bd13d56f,2024-08-26T03:27:00Z,8/26/2024 6:27 AM,WILL_FIX,,
2026-05-13 22:22:41,SEC RFP - C001630570,Saudi Energy,d1239e7b-e128-f111-88b4-6045bd13d56f,2025-05-19T03:36:00Z,5/19/2025 6:36 AM,WILL_FIX,,
2026-05-13 22:22:41,SEC RFP-C001457519-6001457519,Saudi Energy,da239e7b-e128-f111-88b4-6045bd13d56f,2024-03-24T05:28:00Z,3/24/2024 8:28 AM,WILL_FIX,,
2026-05-13 22:22:41,SEC RFP-C001620076,Saudi Energy,7a91b581-e128-f111-88b4-6045bd13d56f,2025-05-05T03:45:00Z,5/5/2025 6:45 AM,WILL_FIX,,
2026-05-13 22:22:41,SEC RFP-C001531022 - 6001531022,Saudi Energy,af91b581-e128-f111-88b4-6045bd13d56f,2024-10-19T22:52:00Z,10/20/2024 1:52 AM,WILL_FIX,,
2026-05-13 22:22:41,SEC RFP C001624659,Saudi Energy,be91b581-e128-f111-88b4-6045bd13d56f,2025-05-17T23:48:00Z,5/18/2025 2:48 AM,WILL_FIX,,
2026-05-13 22:22:41,SEC RFP-C001614537,Saudi Energy,c591b581-e128-f111-88b4-6045bd13d56f,2025-04-22T00:59:00Z,4/22/2025 3:59 AM,WILL_FIX,,
2026-05-13 22:22:41,SEC RFP-C001451783,Saudi Energy,a0fcbe87-e128-f111-88b4-6045bd13d56f,2024-03-14T05:11:00Z,3/14/2024 8:11 AM,WILL_FIX,,
2026-05-13 22:22:41,SEC RFP-C001593750,Saudi Energy,a3fcbe87-e128-f111-88b4-6045bd13d56f,2025-02-14T11:51:00Z,2/14/2025 2:51 PM,WILL_FIX,,
2026-05-13 22:22:41,SEC RFP-C001650097,Saudi Energy,a4fcbe87-e128-f111-88b4-6045bd13d56f,2025-07-21T06:09:00Z,7/21/2025 9:09 AM,WILL_FIX,,
2026-05-13 22:22:41,SEC RFP C001654158,Saudi Energy,bafcbe87-e128-f111-88b4-6045bd13d56f,2025-07-27T01:15:00Z,7/27/2025 4:15 AM,WILL_FIX,,
2026-05-13 22:22:41,SEC RFP- C001647945,Saudi Energy,1be3e48d-e128-f111-88b4-6045bd13d56f,2025-07-14T22:27:00Z,7/15/2025 1:27 AM,WILL_FIX,,
2026-05-13 22:22:41,SEC RFP-C001616700 - 6001616700,Saudi Energy,1ce3e48d-e128-f111-88b4-6045bd13d56f,2025-04-24T03:29:00Z,4/24/2025 6:29 AM,WILL_FIX,,
2026-05-13 22:22:41,SEC RFP-C001665277,Saudi Energy,34e3e48d-e128-f111-88b4-6045bd13d56f,2025-08-14T00:25:00Z,8/14/2025 3:25 AM,WILL_FIX,,
2026-05-13 22:22:41,SEC RFP-C001633704,Saudi Energy,35e3e48d-e128-f111-88b4-6045bd13d56f,2025-06-15T02:19:00Z,6/15/2025 5:19 AM,WILL_FIX,,
2026-05-13 22:22:41,SEC RFP - C001544932,Saudi Energy,13cff793-e128-f111-88b4-6045bd13d56f,2024-11-13T22:25:00Z,11/14/2024 1:25 AM,WILL_FIX,,
2026-05-13 22:22:41,SEC RFP C001527352,Saudi Energy,1ecff793-e128-f111-88b4-6045bd13d56f,2024-10-06T05:23:00Z,10/6/2024 8:23 AM,WILL_FIX,,
2026-05-13 22:22:41,SEC RFP C001483729,Saudi Energy,4dcff793-e128-f111-88b4-6045bd13d56f,2024-06-25T03:08:00Z,6/25/2024 6:08 AM,WILL_FIX,,
2026-05-13 22:22:41,SEC RFPC001640915,Saudi Energy,51cff793-e128-f111-88b4-6045bd13d56f,2025-06-22T03:34:00Z,6/22/2025 6:34 AM,WILL_FIX,,
2026-05-13 22:22:41,SEC RFP-C001601539 - 6001601539,Saudi Energy,ce01149a-e128-f111-88b4-6045bd13d56f,2025-03-06T01:06:00Z,3/6/2025 4:06 AM,WILL_FIX,,
2026-05-13 22:22:41,SEC RFP-C001596839 - 6001596839,Saudi Energy,dc01149a-e128-f111-88b4-6045bd13d56f,2025-02-20T00:12:00Z,2/20/2025 3:12 AM,WILL_FIX,,
2026-05-13 22:22:41,SEC RFPC001649540,Saudi Energy,e301149a-e128-f111-88b4-6045bd13d56f,2025-07-29T22:34:00Z,7/30/2025 1:34 AM,WILL_FIX,,
2026-05-13 22:22:41,SEC RFP-C001631188 - 6001631188,Saudi Energy,b05c13a0-e128-f111-88b4-6045bd13d56f,2025-05-28T00:23:00Z,5/28/2025 3:23 AM,WILL_FIX,,
2026-05-13 22:22:41,SEC RFP-C001516214,Saudi Energy,b25c13a0-e128-f111-88b4-6045bd13d56f,2024-08-29T04:57:00Z,8/29/2024 7:57 AM,WILL_FIX,,
2026-05-13 22:22:41,SEC RFP-C001505350,Saudi Energy,bb5c13a0-e128-f111-88b4-6045bd13d56f,2024-09-02T23:35:00Z,9/3/2024 2:35 AM,WILL_FIX,,
2026-05-13 22:22:41,SEC RFP-C001586862 - 6001586862,Saudi Energy,334a8aa6-e128-f111-88b4-6045bd13d56f,2025-02-10T22:31:00Z,2/11/2025 1:31 AM,WILL_FIX,,
2026-05-13 22:22:41,SEC RFP-C001656737,Saudi Energy,344a8aa6-e128-f111-88b4-6045bd13d56f,2025-07-27T08:52:00Z,7/27/2025 11:52 AM,WILL_FIX,,
2026-05-13 22:22:41,SEC RFP-C001538336 - 6001538336,Saudi Energy,354a8aa6-e128-f111-88b4-6045bd13d56f,2024-11-03T01:40:00Z,11/3/2024 4:40 AM,WILL_FIX,,
2026-05-13 22:22:41,SEC RFP-C001513925 - 6001513925,Saudi Energy,3c4a8aa6-e128-f111-88b4-6045bd13d56f,2024-09-05T13:13:00Z,9/5/2024 4:13 PM,WILL_FIX,,
2026-05-13 22:22:41,SEC RFP_C001665256,Saudi Energy,3e4a8aa6-e128-f111-88b4-6045bd13d56f,2025-08-17T02:42:00Z,8/17/2025 5:42 AM,WILL_FIX,,
2026-05-13 22:22:41,SEC RFP - C001553309,Saudi Energy,3f4a8aa6-e128-f111-88b4-6045bd13d56f,2025-01-15T04:12:00Z,1/15/2025 7:12 AM,WILL_FIX,,
2026-05-13 22:22:41,SEC RFP - C001628378,Saudi Energy,874385ac-e128-f111-88b4-6045bd13d56f,2025-05-29T00:08:00Z,5/29/2025 3:08 AM,WILL_FIX,,
2026-05-13 22:22:41,SEC RFP C001642772,Saudi Energy,894385ac-e128-f111-88b4-6045bd13d56f,2025-07-10T03:53:00Z,7/10/2025 6:53 AM,WILL_FIX,,
2026-05-13 22:22:41,SEC RFPC001556906,Saudi Energy,8d4385ac-e128-f111-88b4-6045bd13d56f,2025-01-14T06:07:00Z,1/14/2025 9:07 AM,WILL_FIX,,
2026-05-13 22:22:41,SEC RFP - C001600628,Saudi Energy,904385ac-e128-f111-88b4-6045bd13d56f,2025-03-03T00:59:00Z,3/3/2025 3:59 AM,WILL_FIX,,
2026-05-13 22:22:41,SEC RFP-C001527822,Saudi Energy,954385ac-e128-f111-88b4-6045bd13d56f,2024-10-09T21:51:00Z,10/10/2024 12:51 AM,WILL_FIX,,
2026-05-13 22:22:41,SEC RFP-C001544951 - 6001544951,Saudi Energy,964385ac-e128-f111-88b4-6045bd13d56f,2024-11-09T04:54:00Z,11/9/2024 7:54 AM,WILL_FIX,,
2026-05-13 22:22:41,SEC RFP - C001552719,Saudi Energy,9c4385ac-e128-f111-88b4-6045bd13d56f,2024-12-17T03:48:00Z,12/17/2024 6:48 AM,WILL_FIX,,
2026-05-13 22:22:41,SEC RFP-C001661314,Saudi Energy,9d4385ac-e128-f111-88b4-6045bd13d56f,2025-08-07T05:13:00Z,8/7/2025 8:13 AM,WILL_FIX,,
2026-05-13 22:22:41,SEC RFP-C001633260,Saudi Energy,1f3da6b2-e128-f111-88b4-6045bd13d56f,2025-06-02T04:44:00Z,6/2/2025 7:44 AM,WILL_FIX,,
2026-05-13 22:22:41,SEC RFP-C001599728,Saudi Energy,203da6b2-e128-f111-88b4-6045bd13d56f,2025-03-03T00:06:00Z,3/3/2025 3:06 AM,WILL_FIX,,
2026-05-13 22:22:41,SEC RFP-C001528245 - 6001528245,Saudi Energy,253da6b2-e128-f111-88b4-6045bd13d56f,2024-10-08T01:12:00Z,10/8/2024 4:12 AM,WILL_FIX,,
2026-05-13 22:22:41,SEC RFP - C001505885,Saudi Energy,2e3da6b2-e128-f111-88b4-6045bd13d56f,2024-08-25T04:35:00Z,8/25/2024 7:35 AM,WILL_FIX,,
2026-05-13 22:22:41,SEC RFP- C001457753,Saudi Energy,343da6b2-e128-f111-88b4-6045bd13d56f,2024-03-18T11:47:00Z,3/18/2024 2:47 PM,WILL_FIX,,
2026-05-13 22:22:41,SEC RFP- C001479786 - 6001479786,Saudi Energy,d64f05b9-e128-f111-88b4-6045bd13d56f,2024-05-22T03:25:00Z,5/22/2024 6:25 AM,WILL_FIX,,
2026-05-13 22:22:41,SEC RFP C001449677,Saudi Energy,d74f05b9-e128-f111-88b4-6045bd13d56f,2024-03-03T00:40:00Z,3/3/2024 3:40 AM,WILL_FIX,,
2026-05-13 22:22:41,SEC RFP-C001618299,Saudi Energy,d84f05b9-e128-f111-88b4-6045bd13d56f,2025-04-30T02:22:00Z,4/30/2025 5:22 AM,WILL_FIX,,
2026-05-13 22:22:41,SEC RFP- C001609247 - 6001609247,Saudi Energy,dd4f05b9-e128-f111-88b4-6045bd13d56f,2025-03-26T00:43:00Z,3/26/2025 3:43 AM,WILL_FIX,,
2026-05-13 22:22:41,SEC RFP-C001604484,Saudi Energy,e54f05b9-e128-f111-88b4-6045bd13d56f,2025-03-13T02:34:00Z,3/13/2025 5:34 AM,WILL_FIX,,
2026-05-13 22:22:41,SEC RFP - C001589521,Saudi Energy,b0a115bf-e128-f111-88b4-6045bd13d56f,2025-02-13T00:32:00Z,2/13/2025 3:32 AM,WILL_FIX,,
2026-05-13 22:22:41,SEC RFP-C001435302,Saudi Energy,b1a115bf-e128-f111-88b4-6045bd13d56f,2024-02-01T03:40:00Z,2/1/2024 6:40 AM,WILL_FIX,,
2026-05-13 22:22:41,SEC RFP-C001630032,Saudi Energy,b2a115bf-e128-f111-88b4-6045bd13d56f,2025-05-19T04:14:00Z,5/19/2025 7:14 AM,WILL_FIX,,
2026-05-13 22:22:41,SEC RFP- C001609586,Saudi Energy,b7a115bf-e128-f111-88b4-6045bd13d56f,2025-04-05T12:19:00Z,4/5/2025 3:19 PM,WILL_FIX,,
2026-05-13 22:22:41,SEC RFP-C001623966 - 6001623966,Saudi Energy,bca115bf-e128-f111-88b4-6045bd13d56f,2025-04-29T23:19:00Z,4/30/2025 2:19 AM,WILL_FIX,,
2026-05-13 22:22:41,SEC RFP-C001640389,Saudi Energy,bda115bf-e128-f111-88b4-6045bd13d56f,2025-06-23T04:24:00Z,6/23/2025 7:24 AM,WILL_FIX,,
2026-05-13 22:22:41,SEC RFP-C001629202,Saudi Energy,148f1cc5-e128-f111-88b4-6045bd13d56f,2025-05-25T23:37:00Z,5/26/2025 2:37 AM,WILL_FIX,,
2026-05-13 22:22:41,SEC RFP-C001635342,Saudi Energy,158f1cc5-e128-f111-88b4-6045bd13d56f,2025-06-03T02:44:00Z,6/3/2025 5:44 AM,WILL_FIX,,
2026-05-13 22:22:41,SEC RFP- C001519643,Saudi Energy,388f1cc5-e128-f111-88b4-6045bd13d56f,2024-09-08T23:53:00Z,9/9/2024 2:53 AM,WILL_FIX,,
2026-05-13 22:22:41,SEC RFP-C001491261 - 6001491261,Saudi Energy,608f1cc5-e128-f111-88b4-6045bd13d56f,2024-07-07T03:20:00Z,7/7/2024 6:20 AM,WILL_FIX,,
2026-05-13 22:22:41,SEC RFP C001509969,Saudi Energy,dc8421cb-e128-f111-88b4-6045bd13d56f,2024-08-09T06:59:00Z,8/9/2024 9:59 AM,WILL_FIX,,
2026-05-13 22:22:41,SEC RFP-C001521072 - 6001521072,Saudi Energy,dd8421cb-e128-f111-88b4-6045bd13d56f,2024-09-20T23:01:00Z,9/21/2024 2:01 AM,WILL_FIX,,
2026-05-13 22:22:41,SEC RFP-C001556943,Saudi Energy,e58421cb-e128-f111-88b4-6045bd13d56f,2024-12-16T20:58:00Z,12/16/2024 11:58 PM,WILL_FIX,,
2026-05-13 22:22:41,SEC RFP-C001553964,Saudi Energy,f28421cb-e128-f111-88b4-6045bd13d56f,2024-12-24T03:29:00Z,12/24/2024 6:29 AM,WILL_FIX,,
2026-05-13 22:22:41,SEC RFP-C001560378 - 6001560378,Saudi Energy,f58421cb-e128-f111-88b4-6045bd13d56f,2024-12-17T02:38:00Z,12/17/2024 5:38 AM,WILL_FIX,,
2026-05-13 22:22:41,SEC RFP- C001520314,Saudi Energy,f88421cb-e128-f111-88b4-6045bd13d56f,2024-09-10T01:31:00Z,9/10/2024 4:31 AM,WILL_FIX,,
2026-05-13 22:22:41,SEC RFPC001473352,Saudi Energy,fc8421cb-e128-f111-88b4-6045bd13d56f,2024-04-30T02:58:00Z,4/30/2024 5:58 AM,WILL_FIX,,
2026-05-13 22:22:41,SEC RFP-C001556941 - 6001556941,Saudi Energy,fcae58d1-e128-f111-88b4-6045bd13d56f,2024-12-15T01:02:00Z,12/15/2024 4:02 AM,WILL_FIX,,
2026-05-13 22:22:41,SEC RFPC001473002,Saudi Energy,03af58d1-e128-f111-88b4-6045bd13d56f,2024-05-08T05:17:00Z,5/8/2024 8:17 AM,WILL_FIX,,
2026-05-13 22:22:41,SEC RFP- C001518405 - 6001518405,Saudi Energy,11af58d1-e128-f111-88b4-6045bd13d56f,2024-09-12T02:25:00Z,9/12/2024 5:25 AM,WILL_FIX,,
2026-05-13 22:22:41,SEC RFP-C001477872,Saudi Energy,a26bb2d7-e128-f111-88b4-6045bd13d56f,2024-05-23T02:13:00Z,5/23/2024 5:13 AM,WILL_FIX,,
2026-05-13 22:22:41,SEC RFP-C001761482,Saudi Energy,85ef0db8-2933-f111-88b4-6045bd13d56f,2026-04-07T14:21:00Z,4/7/2026 5:21 PM,WILL_FIX,,
2026-05-13 22:22:41,SEC RFP-C001761425 - 6001761425,Saudi Energy,96ef0db8-2933-f111-88b4-6045bd13d56f,2026-04-07T10:54:00Z,4/7/2026 1:54 PM,WILL_FIX,,
2026-05-13 22:22:41,SEC RFP - C001753801,Saudi Energy,b4ef0db8-2933-f111-88b4-6045bd13d56f,2026-03-26T11:55:00Z,3/26/2026 2:55 PM,WILL_FIX,,
2026-05-13 22:22:41,SEC RFP- C001760312,Saudi Energy,feef0db8-2933-f111-88b4-6045bd13d56f,2026-04-05T11:53:00Z,4/5/2026 2:53 PM,WILL_FIX,,
2026-05-13 22:22:41,SEC RFP-C001759047,Saudi Energy,ece908be-2933-f111-88b4-6045bd13d56f,2026-04-02T10:23:00Z,4/2/2026 1:23 PM,WILL_FIX,,
2026-05-13 22:22:41,SEC RFP-C001759976,Saudi Energy,f1e908be-2933-f111-88b4-6045bd13d56f,2026-04-02T13:27:00Z,4/2/2026 4:27 PM,WILL_FIX,,
2026-05-13 22:22:41,SEC RFP- C001760937,Saudi Energy,a566a3f6-4633-f111-88b4-6045bd13d56f,4/8/2026 1:44 PM,4/8/2026 1:44 PM,OK,,already canonical
2026-05-13 22:22:41,SEC RFP - C001759791,Saudi Energy,2c1c4a6e-f233-f111-88b4-6045bd13d56f,4/9/2026 1:02 PM,4/9/2026 1:02 PM,OK,,already canonical
2026-05-13 22:22:41,SEC RFP-C001760343,Saudi Energy,553fbbc3-873c-f111-88b4-6045bd13d56f,2026-04-09T14:27:00Z,4/9/2026 5:27 PM,WILL_FIX,,
2026-05-13 22:22:41,SEC RFP-C001762800,Saudi Energy,593fbbc3-873c-f111-88b4-6045bd13d56f,2026-04-12T09:49:00Z,4/12/2026 12:49 PM,WILL_FIX,,
2026-05-13 22:22:41,SEC RFP-C001763283,Saudi Energy,5d3fbbc3-873c-f111-88b4-6045bd13d56f,2026-04-12T09:22:00Z,4/12/2026 12:22 PM,WILL_FIX,,
2026-05-13 22:22:41,SEC RFP-C001765390,Saudi Energy,20ae97ca-873c-f111-88b4-6045bd13d56f,2026-04-19T09:58:00Z,4/19/2026 12:58 PM,WILL_FIX,,
2026-05-13 22:22:41,SEC RFP-C001766666,Saudi Energy,736aafd0-873c-f111-88b4-6045bd13d56f,2026-04-19T15:23:00Z,4/19/2026 6:23 PM,WILL_FIX,,
2026-05-13 22:22:41,SEC RFP-C001769004,Saudi Energy,7001d945-6d3e-f111-88b4-6045bd13d56f,4/22/2026 3:01 PM,4/22/2026 3:01 PM,OK,,already canonical
2026-05-13 22:22:41,SEC RFP - C001769769,Saudi Energy,7c946574-be3f-f111-88b4-6045bd13d56f,4/23/2026 5:32 PM,4/23/2026 5:32 PM,OK,,already canonical
2026-05-13 22:22:41,SEC RFP-C001762057,Saudi Energy,77b83069-4042-f111-bec6-6045bd13d56f,4/23/2026 11:11 AM,4/23/2026 11:11 AM,OK,,already canonical
2026-05-13 22:22:41,SEC RFP - C001770515,Saudi Energy,b47bf1cb-4042-f111-bec6-6045bd13d56f,4/26/2026 2:08 PM,4/26/2026 2:08 PM,OK,,already canonical
2026-05-13 22:22:41,SEC RFP-C001769749,Saudi Energy,77e0016d-4142-f111-bec6-6045bd13d56f,4/25/2026 7:11 PM,4/25/2026 7:11 PM,OK,,already canonical
2026-05-13 22:22:41,SEC RFP- C001769678,Saudi Energy,7c2008c2-4142-f111-bec6-6045bd13d56f,4/26/2026 12:07 PM,4/26/2026 12:07 PM,OK,,already canonical
2026-05-13 22:22:41,SEC RFP-C001770567,Saudi Energy,a80d15e8-f142-f111-bec6-6045bd13d56f,4/28/2026 8:08 AM,4/28/2026 8:08 AM,OK,,already canonical
2026-05-13 22:22:41,SEC RFP-C001772031,Saudi Energy,e149e952-f342-f111-bec6-6045bd13d56f,4/28/2026 9:56 AM,4/28/2026 9:56 AM,OK,,already canonical
2026-05-13 22:22:41,SEC RFP C001762046,Saudi Energy,6c3f8681-8444-f111-bec6-6045bd13d56f,4/30/2026 8:42 AM,4/30/2026 8:42 AM,OK,,already canonical
2026-05-13 22:22:41,SEC RFPC001775017,Saudi Energy,91a9f003-7248-f111-bec7-6045bd13d56f,5/5/2026 9:30 AM,5/5/2026 9:30 AM,OK,,already canonical
2026-05-13 22:22:41,SEC RFP- C001775011,Saudi Energy,ebb3824f-a448-f111-bec7-6045bd13d56f,5/5/2026 2:42 PM,5/5/2026 2:42 PM,OK,,already canonical
2026-05-13 22:22:41,SEC RFP-C001775751 - 6001775751,Saudi Energy,a9d3e3a5-a448-f111-bec7-6045bd13d56f,5/5/2026 3:08 PM,5/5/2026 3:08 PM,OK,,already canonical
2026-05-13 22:22:41,SEC RFP-C001776243,Saudi Energy,b9cfe3a6-044a-f111-bec7-6045bd13d56f,5/7/2026 8:31 AM,5/7/2026 8:31 AM,OK,,already canonical
2026-05-13 22:22:41,SEC RFP-C001776899,Saudi Energy,bca4761e-324b-f111-bec7-6045bd13d56f,5/8/2026 9:47 PM,5/8/2026 9:47 PM,OK,,already canonical
2026-05-13 22:22:41,SEC RFP-C001776716,Saudi Energy,5ecba48f-2d4c-f111-bec7-6045bd13d56f,5/10/2026 7:31 AM,5/10/2026 7:31 AM,OK,,already canonical
2026-05-13 22:22:41,SEC RFP - C001775069,Saudi Energy,66d22138-604c-f111-bec7-6045bd13d56f,5/10/2026 10:16 AM,5/10/2026 10:16 AM,OK,,already canonical
2026-05-13 22:22:41,SEC RFP-C001778621,Saudi Energy,e83fc5df-284d-f111-bec7-6045bd13d56f,5/11/2026 11:13 AM,5/11/2026 11:13 AM,OK,,already canonical
2026-05-13 22:22:41,SEC RFP-C001776306,Saudi Energy,bd199372-244e-f111-bec7-6045bd13d56f,5/12/2026 2:43 PM,5/12/2026 2:43 PM,OK,,already canonical
2026-05-13 22:22:41,SEC RFP - C001754734,Saudi Energy,bca6d654-dd28-f111-88b4-7c1e522e1e3b,2026-03-10T13:23:00Z,3/10/2026 4:23 PM,WILL_FIX,,
2026-05-13 22:22:41,SEC RFP-C001754747,Saudi Energy,b2ddd85a-dd28-f111-88b4-7c1e522e1e3b,2026-03-11T12:48:00Z,3/11/2026 3:48 PM,WILL_FIX,,
2026-05-13 22:22:41,SEC RFP- C001736630,Saudi Energy,c3ddd85a-dd28-f111-88b4-7c1e522e1e3b,2026-02-04T00:47:00Z,2/4/2026 3:47 AM,WILL_FIX,,
2026-05-13 22:22:41,SEC RFP-C001620021,Saudi Energy,d1b8e720-de28-f111-88b4-7c1e522e1e3b,2025-04-24T02:51:00Z,4/24/2025 5:51 AM,WILL_FIX,,
2026-05-13 22:22:41,SEC RFP-C001438635,Saudi Energy,58040779-de28-f111-88b4-7c1e522e1e3b,2024-01-28T23:28:00Z,1/29/2024 2:28 AM,WILL_FIX,,
2026-05-13 22:22:41,C001433055,Saudi Energy,03d2447f-de28-f111-88b4-7c1e522e1e3b,2024-01-30T02:46:00Z,1/30/2024 5:46 AM,WILL_FIX,,
2026-05-13 22:22:41,SEC RFP-C001737468,Saudi Energy,5b553d85-de28-f111-88b4-7c1e522e1e3b,2026-02-02T03:17:00Z,2/2/2026 6:17 AM,WILL_FIX,,
2026-05-13 22:22:41,SEC RFP-C001729202,Saudi Energy,5d553d85-de28-f111-88b4-7c1e522e1e3b,2026-02-02T03:11:00Z,2/2/2026 6:11 AM,WILL_FIX,,
2026-05-13 22:22:41,SEC RFP-C001734602,Saudi Energy,6e553d85-de28-f111-88b4-7c1e522e1e3b,2026-01-27T23:41:00Z,1/28/2026 2:41 AM,WILL_FIX,,
2026-05-13 22:22:41,SEC RFP-C001712586,Saudi Energy,9c8b598b-de28-f111-88b4-7c1e522e1e3b,2026-01-12T23:37:00Z,1/13/2026 2:37 AM,WILL_FIX,,
2026-05-13 22:22:41,SEC RFP-C001713726,Saudi Energy,d9077891-de28-f111-88b4-7c1e522e1e3b,2025-12-07T23:53:00Z,12/8/2025 2:53 AM,WILL_FIX,,
2026-05-13 22:22:41,SEC RFP- C001709647,Saudi Energy,e2077891-de28-f111-88b4-7c1e522e1e3b,2025-12-08T21:58:00Z,12/9/2025 12:58 AM,WILL_FIX,,
2026-05-13 22:22:41,SEC RFP-C001707490,Saudi Energy,ee077891-de28-f111-88b4-7c1e522e1e3b,2025-11-16T03:16:00Z,11/16/2025 6:16 AM,WILL_FIX,,
2026-05-13 22:22:41,SEC RFP-C001698569 - 6001698569,Saudi Energy,f0077891-de28-f111-88b4-7c1e522e1e3b,2025-11-09T03:32:00Z,11/9/2025 6:32 AM,WILL_FIX,,
2026-05-13 22:22:41,SEC RFPC001701163,Saudi Energy,f1077891-de28-f111-88b4-7c1e522e1e3b,2025-11-22T03:34:00Z,11/22/2025 6:34 AM,WILL_FIX,,
2026-05-13 22:22:41,SEC RFP-C001704363,Saudi Energy,0bc28197-de28-f111-88b4-7c1e522e1e3b,2025-11-16T23:35:00Z,11/17/2025 2:35 AM,WILL_FIX,,
2026-05-13 22:22:41,SEC RFP-C001701672,Saudi Energy,0dc28197-de28-f111-88b4-7c1e522e1e3b,2025-11-13T06:55:00Z,11/13/2025 9:55 AM,WILL_FIX,,
2026-05-13 22:22:41,SEC RFP-C001696296,Saudi Energy,19c28197-de28-f111-88b4-7c1e522e1e3b,2025-10-18T23:55:00Z,10/19/2025 2:55 AM,WILL_FIX,,
2026-05-13 22:22:41,SEC RFP-C001689846,Saudi Energy,18148b9d-de28-f111-88b4-7c1e522e1e3b,2025-10-26T04:08:00Z,10/26/2025 7:08 AM,WILL_FIX,,
2026-05-13 22:22:41,SEC RFP-C001693422,Saudi Energy,1b148b9d-de28-f111-88b4-7c1e522e1e3b,2025-10-14T23:33:00Z,10/15/2025 2:33 AM,WILL_FIX,,
2026-05-13 22:22:41,SEC RFP-C001683084,Saudi Energy,34148b9d-de28-f111-88b4-7c1e522e1e3b,2025-10-08T04:13:00Z,10/8/2025 7:13 AM,WILL_FIX,,
2026-05-13 22:22:41,SEC RFP-C001687692,Saudi Energy,41148b9d-de28-f111-88b4-7c1e522e1e3b,2025-10-08T02:21:00Z,10/8/2025 5:21 AM,WILL_FIX,,
2026-05-13 22:22:41,SEC RFP-C001677511,Saudi Energy,e69183a3-de28-f111-88b4-7c1e522e1e3b,2025-09-07T21:20:00Z,9/8/2025 12:20 AM,WILL_FIX,,
2026-05-13 22:22:41,SEC RFP-C001681002,Saudi Energy,eb9183a3-de28-f111-88b4-7c1e522e1e3b,2025-09-13T21:33:00Z,9/14/2025 12:33 AM,WILL_FIX,,
2026-05-13 22:22:41,SEC RFP-C001675391 - 6001675391,Saudi Energy,5893f0b5-de28-f111-88b4-7c1e522e1e3b,2025-08-26T23:10:00Z,8/27/2025 2:10 AM,WILL_FIX,,
2026-05-13 22:22:41,SEC RFP-C001673566,Saudi Energy,6693f0b5-de28-f111-88b4-7c1e522e1e3b,2025-08-04T01:42:00Z,8/4/2025 4:42 AM,WILL_FIX,,
2026-05-13 22:22:41,SEC RFP- C001678253,Saudi Energy,6d93f0b5-de28-f111-88b4-7c1e522e1e3b,2025-09-16T03:58:00Z,9/16/2025 6:58 AM,WILL_FIX,,
2026-05-13 22:22:41,SEC RFP-C001665266,Saudi Energy,e10fe9bb-de28-f111-88b4-7c1e522e1e3b,2025-08-28T02:36:00Z,8/28/2025 5:36 AM,WILL_FIX,,
2026-05-13 22:22:41,SEC RFP-C001666385,Saudi Energy,0e10e9bb-de28-f111-88b4-7c1e522e1e3b,2025-08-18T09:37:00Z,8/18/2025 12:37 PM,WILL_FIX,,
2026-05-13 22:22:41,SEC RFP-C001666477,Saudi Energy,1a10e9bb-de28-f111-88b4-7c1e522e1e3b,2025-08-26T03:31:00Z,8/26/2025 6:31 AM,WILL_FIX,,
2026-05-13 22:22:41,SEC RFP-C001670564,Saudi Energy,3b10e9bb-de28-f111-88b4-7c1e522e1e3b,2025-09-14T00:26:00Z,9/14/2025 3:26 AM,WILL_FIX,,
2026-05-13 22:22:41,SEC RFP-C001677268,Saudi Energy,33260ac2-de28-f111-88b4-7c1e522e1e3b,2025-09-18T05:20:00Z,9/18/2025 8:20 AM,WILL_FIX,,
2026-05-13 22:22:41,SEC RFP-C001666474,Saudi Energy,42260ac2-de28-f111-88b4-7c1e522e1e3b,2025-08-20T08:45:00Z,8/20/2025 11:45 AM,WILL_FIX,,
2026-05-13 22:22:41,SEC RFP-C001657554,Saudi Energy,52260ac2-de28-f111-88b4-7c1e522e1e3b,2025-08-17T03:25:00Z,8/17/2025 6:25 AM,WILL_FIX,,
2026-05-13 22:22:41,SEC RFPC001585087,Saudi Energy,61260ac2-de28-f111-88b4-7c1e522e1e3b,2025-02-05T02:47:00Z,2/5/2025 5:47 AM,WILL_FIX,,
2026-05-13 22:22:41,SEC RFPC001588798,Saudi Energy,65260ac2-de28-f111-88b4-7c1e522e1e3b,2025-02-09T02:44:00Z,2/9/2025 5:44 AM,WILL_FIX,,
2026-05-13 22:22:41,SEC RFP-C001662000,Saudi Energy,6e260ac2-de28-f111-88b4-7c1e522e1e3b,2025-07-31T04:23:00Z,7/31/2025 7:23 AM,WILL_FIX,,
2026-05-13 22:22:41,SEC RFP-C001585674 - 6001585674,Saudi Energy,7d260ac2-de28-f111-88b4-7c1e522e1e3b,2025-02-02T23:26:00Z,2/3/2025 2:26 AM,WILL_FIX,,
2026-05-13 22:22:41,SEC RFPC001436728,Saudi Energy,5bb921c8-de28-f111-88b4-7c1e522e1e3b,2024-01-29T01:54:00Z,1/29/2024 4:54 AM,WILL_FIX,,
2026-05-13 22:22:41,SEC RFP C001458453,Saudi Energy,69b921c8-de28-f111-88b4-7c1e522e1e3b,2024-03-19T04:55:00Z,3/19/2024 7:55 AM,WILL_FIX,,
2026-05-13 22:22:41,SEC RFP C001528227,Saudi Energy,94b921c8-de28-f111-88b4-7c1e522e1e3b,2024-10-16T01:43:00Z,10/16/2024 4:43 AM,WILL_FIX,,
2026-05-13 22:22:41,SEC RFP-C001528252 - 6001528252,Saudi Energy,a3b921c8-de28-f111-88b4-7c1e522e1e3b,2024-10-09T05:46:00Z,10/9/2024 8:46 AM,WILL_FIX,,
2026-05-13 22:22:41,SEC RFP-C001665268,Saudi Energy,b4b921c8-de28-f111-88b4-7c1e522e1e3b,2025-07-29T05:19:00Z,7/29/2025 8:19 AM,WILL_FIX,,
2026-05-13 22:22:41,SEC RFP-C001628379,Saudi Energy,c5b921c8-de28-f111-88b4-7c1e522e1e3b,2025-05-11T23:08:00Z,5/12/2025 2:08 AM,WILL_FIX,,
2026-05-13 22:22:41,SEC RFP-C001459571,Saudi Energy,a3dc1ece-de28-f111-88b4-7c1e522e1e3b,2024-03-21T05:30:00Z,3/21/2024 8:30 AM,WILL_FIX,,
2026-05-13 22:22:41,SEC RFP C001661962,Saudi Energy,a8dc1ece-de28-f111-88b4-7c1e522e1e3b,2025-08-05T02:08:00Z,8/5/2025 5:08 AM,WILL_FIX,,
2026-05-13 22:22:41,SEC RFPC001459538,Saudi Energy,bcdc1ece-de28-f111-88b4-7c1e522e1e3b,2024-03-20T05:32:00Z,3/20/2024 8:32 AM,WILL_FIX,,
2026-05-13 22:22:41,SEC RFPC001555394,Saudi Energy,c7dc1ece-de28-f111-88b4-7c1e522e1e3b,2025-01-07T03:16:00Z,1/7/2025 6:16 AM,WILL_FIX,,
2026-05-13 22:22:41,SEC RFP C001549747,Saudi Energy,cddc1ece-de28-f111-88b4-7c1e522e1e3b,2024-12-30T01:59:00Z,12/30/2024 4:59 AM,WILL_FIX,,
2026-05-13 22:22:41,SEC RFP- C001423234,Saudi Energy,962c2fd4-de28-f111-88b4-7c1e522e1e3b,2024-01-04T04:00:00Z,1/4/2024 7:00 AM,WILL_FIX,,
2026-05-13 22:22:41,SEC RFPC001527894,Saudi Energy,245b33da-de28-f111-88b4-7c1e522e1e3b,2024-10-07T05:11:00Z,10/7/2024 8:11 AM,WILL_FIX,,
2026-05-13 22:22:41,SEC RFPC001670637,Saudi Energy,275b33da-de28-f111-88b4-7c1e522e1e3b,2025-08-20T06:52:00Z,8/20/2025 9:52 AM,WILL_FIX,,
2026-05-13 22:22:41,SEC RFP-C001561740,Saudi Energy,2e5b33da-de28-f111-88b4-7c1e522e1e3b,2025-01-13T23:51:00Z,1/14/2025 2:51 AM,WILL_FIX,,
2026-05-13 22:22:41,SEC RFP-C001442426,Saudi Energy,375b33da-de28-f111-88b4-7c1e522e1e3b,2024-02-18T06:04:00Z,2/18/2024 9:04 AM,WILL_FIX,,
2026-05-13 22:22:41,SEC RFP - C001595983,Saudi Energy,3c5b33da-de28-f111-88b4-7c1e522e1e3b,2025-03-19T00:02:00Z,3/19/2025 3:02 AM,WILL_FIX,,
2026-05-13 22:22:41,SEC RFP-C001532902 - 6001532902,Saudi Energy,93c537e0-de28-f111-88b4-7c1e522e1e3b,2024-10-21T21:57:00Z,10/22/2024 12:57 AM,WILL_FIX,,
2026-05-13 22:22:41,SEC RFP-C001648746 - 6001648746,Saudi Energy,32a68fe6-de28-f111-88b4-7c1e522e1e3b,2025-07-15T03:39:00Z,7/15/2025 6:39 AM,WILL_FIX,,
2026-05-13 22:22:41,SEC RFP - C001511670,Saudi Energy,44a68fe6-de28-f111-88b4-7c1e522e1e3b,2024-08-26T01:17:00Z,8/26/2024 4:17 AM,WILL_FIX,,
2026-05-13 22:22:41,SEC RFP-C001625253,Saudi Energy,4ca68fe6-de28-f111-88b4-7c1e522e1e3b,2025-05-18T03:54:00Z,5/18/2025 6:54 AM,WILL_FIX,,
2026-05-13 22:22:41,SEC RFP-C001510661,Saudi Energy,06b09dec-de28-f111-88b4-7c1e522e1e3b,2024-08-21T04:04:00Z,8/21/2024 7:04 AM,WILL_FIX,,
2026-05-13 22:22:41,SEC RFP-C001459312-6001459312,Saudi Energy,0fb09dec-de28-f111-88b4-7c1e522e1e3b,2024-03-18T05:10:00Z,3/18/2024 8:10 AM,WILL_FIX,,
2026-05-13 22:22:41,SEC RFP-C001646189,Saudi Energy,16b09dec-de28-f111-88b4-7c1e522e1e3b,2025-06-26T03:37:00Z,6/26/2025 6:37 AM,WILL_FIX,,
2026-05-13 22:22:41,SEC RFP-C001459593,Saudi Energy,1bb09dec-de28-f111-88b4-7c1e522e1e3b,2024-04-02T03:07:00Z,4/2/2024 6:07 AM,WILL_FIX,,
2026-05-13 22:22:41,SEC RFP- C001542952,Saudi Energy,20b09dec-de28-f111-88b4-7c1e522e1e3b,2024-11-26T03:44:00Z,11/26/2024 6:44 AM,WILL_FIX,,
2026-05-13 22:22:41,SEC RFP-C001483718,Saudi Energy,d53f96f2-de28-f111-88b4-7c1e522e1e3b,2024-06-05T03:26:00Z,6/5/2024 6:26 AM,WILL_FIX,,
2026-05-13 22:22:41,SEC RFP-C001651891 - 6001651891,Saudi Energy,ea3f96f2-de28-f111-88b4-7c1e522e1e3b,2025-07-21T03:49:00Z,7/21/2025 6:49 AM,WILL_FIX,,
2026-05-13 22:22:41,SEC RFP-C001600096,Saudi Energy,fb3f96f2-de28-f111-88b4-7c1e522e1e3b,2025-03-06T00:14:00Z,3/6/2025 3:14 AM,WILL_FIX,,
2026-05-13 22:22:41,SEC RFP-C001625826,Saudi Energy,a8fb60f9-de28-f111-88b4-7c1e522e1e3b,2025-05-13T03:49:00Z,5/13/2025 6:49 AM,WILL_FIX,,
2026-05-13 22:22:41,SEC RFP-C001654187 - 6001654187,Saudi Energy,affb60f9-de28-f111-88b4-7c1e522e1e3b,2025-07-19T11:53:00Z,7/19/2025 2:53 PM,WILL_FIX,,
2026-05-13 22:22:41,SEC RFP-C001433167,Saudi Energy,d7fb60f9-de28-f111-88b4-7c1e522e1e3b,2024-02-20T23:18:00Z,2/21/2024 2:18 AM,WILL_FIX,,
2026-05-13 22:22:41,SEC RFP-C001534259 - 6001534259,Saudi Energy,f8d269ff-de28-f111-88b4-7c1e522e1e3b,2024-10-21T03:09:00Z,10/21/2024 6:09 AM,WILL_FIX,,
2026-05-13 22:22:41,SEC RFP-C001483935,Saudi Energy,ffd269ff-de28-f111-88b4-7c1e522e1e3b,2024-06-11T01:31:00Z,6/11/2024 4:31 AM,WILL_FIX,,
2026-05-13 22:22:41,SEC RFP-C001642287 - 6001642287,Saudi Energy,02d369ff-de28-f111-88b4-7c1e522e1e3b,2025-06-29T03:40:00Z,6/29/2025 6:40 AM,WILL_FIX,,
2026-05-13 22:22:41,SEC RFP-C001651908,Saudi Energy,79ec6b05-df28-f111-88b4-7c1e522e1e3b,2025-07-19T22:42:00Z,7/20/2025 1:42 AM,WILL_FIX,,
2026-05-13 22:22:41,SEC RFP- C001472373 - 6001472373,Saudi Energy,9b23100c-df28-f111-88b4-7c1e522e1e3b,2024-05-05T04:27:00Z,5/5/2024 7:27 AM,WILL_FIX,,
2026-05-13 22:22:41,SEC RFP-C001524424,Saudi Energy,a823100c-df28-f111-88b4-7c1e522e1e3b,2024-09-29T04:46:00Z,9/29/2024 7:46 AM,WILL_FIX,,
2026-05-13 22:22:41,SEC RFP C001507615,Saudi Energy,cbfa0a12-df28-f111-88b4-7c1e522e1e3b,2024-08-12T01:34:00Z,8/12/2024 4:34 AM,WILL_FIX,,
2026-05-13 22:22:41,SEC RFP-C001502253,Saudi Energy,ecfa0a12-df28-f111-88b4-7c1e522e1e3b,2024-07-29T01:08:00Z,7/29/2024 4:08 AM,WILL_FIX,,
2026-05-13 22:22:41,SEC RFP-C001476517,Saudi Energy,11073318-df28-f111-88b4-7c1e522e1e3b,2024-05-23T04:14:00Z,5/23/2024 7:14 AM,WILL_FIX,,
2026-05-13 22:22:41,SEC RFP-C001524448,Saudi Energy,3f073318-df28-f111-88b4-7c1e522e1e3b,2024-09-29T05:00:00Z,9/29/2024 8:00 AM,WILL_FIX,,
2026-05-13 22:22:41,SEC RFP-C001538357,Saudi Energy,41073318-df28-f111-88b4-7c1e522e1e3b,2024-11-09T10:29:00Z,11/9/2024 1:29 PM,WILL_FIX,,
2026-05-13 22:22:41,SEC RFP-C001476359,Saudi Energy,a445411e-df28-f111-88b4-7c1e522e1e3b,2024-05-14T21:58:00Z,5/15/2024 12:58 AM,WILL_FIX,,
2026-05-13 22:22:41,SEC RFP-C001491263 - 6001491263,Saudi Energy,c745411e-df28-f111-88b4-7c1e522e1e3b,2024-07-04T03:04:00Z,7/4/2024 6:04 AM,WILL_FIX,,
2026-05-13 22:22:41,RFQ - C001730018,Saudi Energy,1fa24324-df28-f111-88b4-7c1e522e1e3b,2026-01-17T22:09:00Z,1/18/2026 1:09 AM,WILL_FIX,,
2026-05-13 22:22:41,SEC RFP-C001707777,Saudi Energy,34a24324-df28-f111-88b4-7c1e522e1e3b,2025-12-30T03:53:00Z,12/30/2025 6:53 AM,WILL_FIX,,
2026-05-13 22:22:41,SEC RFP-C001521048,Saudi Energy,f4c8452a-df28-f111-88b4-7c1e522e1e3b,2024-09-16T04:41:00Z,9/16/2024 7:41 AM,WILL_FIX,,
2026-05-13 22:22:41,SEC RFP-C001754781,Saudi Energy,bbbd4530-df28-f111-88b4-7c1e522e1e3b,2026-03-11T11:08:00Z,3/11/2026 2:08 PM,WILL_FIX,,
2026-05-13 22:22:41,SEC RFP-C001724607,Saudi Energy,c2bd4530-df28-f111-88b4-7c1e522e1e3b,2025-12-26T23:17:00Z,12/27/2025 2:17 AM,WILL_FIX,,
2026-05-13 22:22:41,SEC RFP-C001691162,Saudi Energy,d7bd4530-df28-f111-88b4-7c1e522e1e3b,2025-10-13T00:20:00Z,10/13/2025 3:20 AM,WILL_FIX,,
2026-05-13 22:22:41,SEC RFP-C001681652,Saudi Energy,4efffc36-df28-f111-88b4-7c1e522e1e3b,2025-09-21T03:44:00Z,9/21/2025 6:44 AM,WILL_FIX,,
2026-05-13 22:22:41,SEC RFP-C001639673,Saudi Energy,76fffc36-df28-f111-88b4-7c1e522e1e3b,2025-06-23T02:38:00Z,6/23/2025 5:38 AM,WILL_FIX,,
2026-05-13 22:22:41,SEC RFP-C001577979,Saudi Energy,9ef3f143-df28-f111-88b4-7c1e522e1e3b,2024-12-25T04:37:00Z,12/25/2024 7:37 AM,WILL_FIX,,
2026-05-13 22:22:41,SEC RFP-C001449814,Saudi Energy,a1f3f143-df28-f111-88b4-7c1e522e1e3b,2024-03-06T22:16:00Z,3/7/2024 1:16 AM,WILL_FIX,,
2026-05-13 22:22:41,SEC RFPC001593749,Saudi Energy,a9f3f143-df28-f111-88b4-7c1e522e1e3b,2025-02-26T10:29:00Z,2/26/2025 1:29 PM,WILL_FIX,,
2026-05-13 22:22:41,SEC RFP-C001656716,Saudi Energy,abf3f143-df28-f111-88b4-7c1e522e1e3b,2025-07-26T05:04:00Z,7/26/2025 8:04 AM,WILL_FIX,,
2026-05-13 22:22:41,SEC RFP-C001438644,Saudi Energy,50f1ec49-df28-f111-88b4-7c1e522e1e3b,2024-02-02T08:42:00Z,2/2/2024 11:42 AM,WILL_FIX,,
2026-05-13 22:22:41,SEC RFP-C001617296,Saudi Energy,53f1ec49-df28-f111-88b4-7c1e522e1e3b,2025-04-27T04:13:00Z,4/27/2025 7:13 AM,WILL_FIX,,
2026-05-13 22:22:41,SEC RFP-C001657586,Saudi Energy,56f1ec49-df28-f111-88b4-7c1e522e1e3b,2025-08-11T04:48:00Z,8/11/2025 7:48 AM,WILL_FIX,,
2026-05-13 22:22:41,SEC RFP - C001569847,Saudi Energy,5cf1ec49-df28-f111-88b4-7c1e522e1e3b,2025-02-03T03:26:00Z,2/3/2025 6:26 AM,WILL_FIX,,
2026-05-13 22:22:41,SEC RFP-C001583450 - 6001583450,Saudi Energy,60f1ec49-df28-f111-88b4-7c1e522e1e3b,2025-02-05T03:54:00Z,2/5/2025 6:54 AM,WILL_FIX,,
2026-05-13 22:22:41,SEC RFP-C001647936 - 6001647936,Saudi Energy,77f1ec49-df28-f111-88b4-7c1e522e1e3b,2025-07-13T03:47:00Z,7/13/2025 6:47 AM,WILL_FIX,,
2026-05-13 22:22:41,SEC RFP - C001661326,Saudi Energy,f11af44f-df28-f111-88b4-7c1e522e1e3b,2025-07-31T04:16:00Z,7/31/2025 7:16 AM,WILL_FIX,,
2026-05-13 22:22:41,SEC RFP-C001538407,Saudi Energy,1a1bf44f-df28-f111-88b4-7c1e522e1e3b,2024-11-03T01:01:00Z,11/3/2024 4:01 AM,WILL_FIX,,
2026-05-13 22:22:41,SEC RFPC001647897,Saudi Energy,1c1bf44f-df28-f111-88b4-7c1e522e1e3b,2025-06-26T03:16:00Z,6/26/2025 6:16 AM,WILL_FIX,,
2026-05-13 22:22:41,SEC RFP - C001536821,Saudi Energy,201bf44f-df28-f111-88b4-7c1e522e1e3b,2024-11-20T01:57:00Z,11/20/2024 4:57 AM,WILL_FIX,,
2026-05-13 22:22:41,SEC RFP - C001446090,Saudi Energy,4bc0ec55-df28-f111-88b4-7c1e522e1e3b,2024-03-03T02:25:00Z,3/3/2024 5:25 AM,WILL_FIX,,
2026-05-13 22:22:41,SEC RFP-C001604513 - 6001604513,Saudi Energy,5cc0ec55-df28-f111-88b4-7c1e522e1e3b,2025-03-17T01:23:00Z,3/17/2025 4:23 AM,WILL_FIX,,
2026-05-13 22:22:41,SEC RFP-C001515794 - 6001515794,Saudi Energy,64c0ec55-df28-f111-88b4-7c1e522e1e3b,2024-08-29T06:19:00Z,8/29/2024 9:19 AM,WILL_FIX,,
2026-05-13 22:22:41,SEC RFP-C001651215 - 6001651215,Saudi Energy,74c0ec55-df28-f111-88b4-7c1e522e1e3b,2025-07-15T01:47:00Z,7/15/2025 4:47 AM,WILL_FIX,,
2026-05-13 22:22:41,SEC RFP- C001540262 - 6001540262,Saudi Energy,99fb3f5c-df28-f111-88b4-7c1e522e1e3b,2024-11-01T21:49:00Z,11/2/2024 12:49 AM,WILL_FIX,,
2026-05-13 22:22:41,SEC RFP-C001524507,Saudi Energy,a2fb3f5c-df28-f111-88b4-7c1e522e1e3b,2024-09-18T05:09:00Z,9/18/2024 8:09 AM,WILL_FIX,,
2026-05-13 22:22:41,SEC RFP - C001651259,Saudi Energy,acfb3f5c-df28-f111-88b4-7c1e522e1e3b,2025-07-19T23:59:00Z,7/20/2025 2:59 AM,WILL_FIX,,
2026-05-13 22:22:41,SEC RFP - C001574605,Saudi Energy,52ab6a62-df28-f111-88b4-7c1e522e1e3b,2025-01-13T21:35:00Z,1/14/2025 12:35 AM,WILL_FIX,,
2026-05-13 22:22:41,SEC RFP-C001653323 - 6001653323,Saudi Energy,5eab6a62-df28-f111-88b4-7c1e522e1e3b,2025-07-16T04:07:00Z,7/16/2025 7:07 AM,WILL_FIX,,
2026-05-13 22:22:41,SEC RFP-C001634255,Saudi Energy,64ab6a62-df28-f111-88b4-7c1e522e1e3b,2025-06-03T00:43:00Z,6/3/2025 3:43 AM,WILL_FIX,,
2026-05-13 22:22:41,SEC RFP-C001606460,Saudi Energy,65ab6a62-df28-f111-88b4-7c1e522e1e3b,2025-03-10T04:38:00Z,3/10/2025 7:38 AM,WILL_FIX,,
2026-05-13 22:22:41,SEC RFP C001654225,Saudi Energy,67ab6a62-df28-f111-88b4-7c1e522e1e3b,2025-07-22T02:18:00Z,7/22/2025 5:18 AM,WILL_FIX,,
2026-05-13 22:22:41,SEC RFP 6001597806,Saudi Energy,6c70d769-df28-f111-88b4-7c1e522e1e3b,2025-02-25T23:40:00Z,2/26/2025 2:40 AM,WILL_FIX,,
2026-05-13 22:22:41,SEC RFPC001634696,Saudi Energy,7f0bdc6f-df28-f111-88b4-7c1e522e1e3b,2025-05-25T04:43:00Z,5/25/2025 7:43 AM,WILL_FIX,,
2026-05-13 22:22:41,SEC RFP - C001437739,Saudi Energy,820bdc6f-df28-f111-88b4-7c1e522e1e3b,2024-01-30T21:36:00Z,1/31/2024 12:36 AM,WILL_FIX,,
2026-05-13 22:22:41,SEC RFP-C001612906,Saudi Energy,850bdc6f-df28-f111-88b4-7c1e522e1e3b,2025-04-16T00:09:00Z,4/16/2025 3:09 AM,WILL_FIX,,
2026-05-13 22:22:41,SEC RFP-C001476117,Saudi Energy,a80bdc6f-df28-f111-88b4-7c1e522e1e3b,2024-05-21T23:46:00Z,5/22/2024 2:46 AM,WILL_FIX,,
2026-05-13 22:22:41,SEC RFP-C001503913,Saudi Energy,a0c5d475-df28-f111-88b4-7c1e522e1e3b,2024-08-19T01:07:00Z,8/19/2024 4:07 AM,WILL_FIX,,
2026-05-13 22:22:41,SEC RFP-C001492269,Saudi Energy,abc5d475-df28-f111-88b4-7c1e522e1e3b,2024-07-01T14:44:00Z,7/1/2024 5:44 PM,WILL_FIX,,
2026-05-13 22:22:41,SEC RFP-C001476074,Saudi Energy,07c6d475-df28-f111-88b4-7c1e522e1e3b,2024-05-19T03:44:00Z,5/19/2024 6:44 AM,WILL_FIX,,
2026-05-13 22:22:41,SEC RFP-C001500408,Saudi Energy,18c6d475-df28-f111-88b4-7c1e522e1e3b,2024-08-07T16:47:00Z,8/7/2024 7:47 PM,WILL_FIX,,
2026-05-13 22:22:41,SEC RFP- C001475098 - 6001475098,Saudi Energy,199acf7b-df28-f111-88b4-7c1e522e1e3b,2024-05-17T08:43:00Z,5/17/2024 11:43 AM,WILL_FIX,,
2026-05-13 22:22:41,SEC RFP C001507026,Saudi Energy,409acf7b-df28-f111-88b4-7c1e522e1e3b,2024-08-17T03:23:00Z,8/17/2024 6:23 AM,WILL_FIX,,
2026-05-13 22:22:41,SEC RFP-C001490332,Saudi Energy,4a9acf7b-df28-f111-88b4-7c1e522e1e3b,2024-06-26T11:29:00Z,6/26/2024 2:29 PM,WILL_FIX,,
2026-05-13 22:22:41,SEC RFP C001494431,Saudi Energy,529acf7b-df28-f111-88b4-7c1e522e1e3b,2024-07-29T23:42:00Z,7/30/2024 2:42 AM,WILL_FIX,,
2026-05-13 22:22:41,SEC RFP- C001557637 - 6001557637,Saudi Energy,258dca81-df28-f111-88b4-7c1e522e1e3b,2024-12-10T21:44:00Z,12/11/2024 12:44 AM,WILL_FIX,,
2026-05-13 22:22:41,SEC RFP-C001518477 - 6001518477,Saudi Energy,3c8dca81-df28-f111-88b4-7c1e522e1e3b,2024-09-09T23:45:00Z,9/10/2024 2:45 AM,WILL_FIX,,
2026-05-13 22:22:41,SEC RFP-C001556902,Saudi Energy,458dca81-df28-f111-88b4-7c1e522e1e3b,2024-12-15T02:34:00Z,12/15/2024 5:34 AM,WILL_FIX,,
2026-05-13 22:22:41,SEC RFP-C001552216 - 6001552216,Saudi Energy,468dca81-df28-f111-88b4-7c1e522e1e3b,2024-12-09T03:54:00Z,12/9/2024 6:54 AM,WILL_FIX,,
2026-05-13 22:22:41,SEC RFP - C001513820,Saudi Energy,478dca81-df28-f111-88b4-7c1e522e1e3b,2024-09-16T06:11:00Z,9/16/2024 9:11 AM,WILL_FIX,,
2026-05-13 22:22:41,SEC RFP-C001743141,Saudi Energy,2c1bf08d-df28-f111-88b4-7c1e522e1e3b,2026-02-23T14:21:00Z,2/23/2026 5:21 PM,WILL_FIX,,
2026-05-13 22:22:41,SEC RFP- C001721455,Saudi Energy,341bf08d-df28-f111-88b4-7c1e522e1e3b,2026-01-01T00:43:00Z,1/1/2026 3:43 AM,WILL_FIX,,
2026-05-13 22:22:41,SEC RFP - C001746792,Saudi Energy,351bf08d-df28-f111-88b4-7c1e522e1e3b,2026-02-23T18:31:00Z,2/23/2026 9:31 PM,WILL_FIX,,
2026-05-13 22:22:41,RFQ - C001749183,Saudi Energy,b610ed93-df28-f111-88b4-7c1e522e1e3b,2026-02-26T15:44:00Z,2/26/2026 6:44 PM,WILL_FIX,,
2026-05-13 22:22:41,SEC RFP - C001752937,Saudi Energy,c910ed93-df28-f111-88b4-7c1e522e1e3b,2026-03-08T10:59:00Z,3/8/2026 1:59 PM,WILL_FIX,,
2026-05-13 22:22:41,SEC RFP-C001754752,Saudi Energy,e5a3f199-df28-f111-88b4-7c1e522e1e3b,2026-03-10T13:45:00Z,3/10/2026 4:45 PM,WILL_FIX,,
2026-05-13 22:22:41,SEC RFP-C001754746,Saudi Energy,e8a3f199-df28-f111-88b4-7c1e522e1e3b,2026-03-10T12:33:00Z,3/10/2026 3:33 PM,WILL_FIX,,
2026-05-13 22:22:41,SEC RFP-C001718279,Saudi Energy,faa3f199-df28-f111-88b4-7c1e522e1e3b,2026-01-26T01:52:00Z,1/26/2026 4:52 AM,WILL_FIX,,
2026-05-13 22:22:41,SEC RFP-C001738938,Saudi Energy,fca3f199-df28-f111-88b4-7c1e522e1e3b,2026-01-27T21:59:00Z,1/28/2026 12:59 AM,WILL_FIX,,
2026-05-13 22:22:41,SEC RFP-C001660895,Saudi Energy,cc74f08c-e028-f111-88b4-7c1e522e1e3b,2025-08-05T00:27:00Z,8/5/2025 3:27 AM,WILL_FIX,,
2026-05-13 22:22:41,SEC-RFQ C001546509,Saudi Energy,00f01c04-e128-f111-88b4-7c1e522e1e3b,2024-11-20T07:18:00Z,11/20/2024 10:18 AM,WILL_FIX,,
2026-05-13 22:22:41,SEC RFP-C001733719,Saudi Energy,9724ed30-e128-f111-88b4-7c1e522e1e3b,2026-02-05T03:28:00Z,2/5/2026 6:28 AM,WILL_FIX,,
2026-05-13 22:22:41,SEC RFP- C001733710,Saudi Energy,9d24ed30-e128-f111-88b4-7c1e522e1e3b,2026-01-28T03:21:00Z,1/28/2026 6:21 AM,WILL_FIX,,
2026-05-13 22:22:41,SEC RFP-C001732692,Saudi Energy,a424ed30-e128-f111-88b4-7c1e522e1e3b,2026-01-13T21:26:00Z,1/14/2026 12:26 AM,WILL_FIX,,
2026-05-13 22:22:41,SEC RFP-C001726037,Saudi Energy,a724ed30-e128-f111-88b4-7c1e522e1e3b,2025-12-03T23:46:00Z,12/4/2025 2:46 AM,WILL_FIX,,
2026-05-13 22:22:41,SEC RFP-C001727095,Saudi Energy,ac24ed30-e128-f111-88b4-7c1e522e1e3b,2026-01-12T20:43:00Z,1/12/2026 11:43 PM,WILL_FIX,,
2026-05-13 22:22:41,SEC RFPC001724003,Saudi Energy,ae24ed30-e128-f111-88b4-7c1e522e1e3b,2026-01-13T02:55:00Z,1/13/2026 5:55 AM,WILL_FIX,,
2026-05-13 22:22:41,SEC RFP-C001718306,Saudi Energy,a04fa437-e128-f111-88b4-7c1e522e1e3b,2025-12-21T00:23:00Z,12/21/2025 3:23 AM,WILL_FIX,,
2026-05-13 22:22:41,SEC RFP-C001713774,Saudi Energy,a14fa437-e128-f111-88b4-7c1e522e1e3b,2025-12-25T03:20:00Z,12/25/2025 6:20 AM,WILL_FIX,,
2026-05-13 22:22:41,SEC RFP-C001711561,Saudi Energy,a34fa437-e128-f111-88b4-7c1e522e1e3b,2025-12-09T23:09:00Z,12/10/2025 2:09 AM,WILL_FIX,,
2026-05-13 22:22:41,SEC RFP- C001713109,Saudi Energy,b34fa437-e128-f111-88b4-7c1e522e1e3b,2025-12-07T02:53:00Z,12/7/2025 5:53 AM,WILL_FIX,,
2026-05-13 22:22:41,SEC RFP-C001699303 - 6001699303,Saudi Energy,b74fa437-e128-f111-88b4-7c1e522e1e3b,2025-10-30T01:04:00Z,10/30/2025 4:04 AM,WILL_FIX,,
2026-05-13 22:22:41,SEC RFP-C001706557,Saudi Energy,b84fa437-e128-f111-88b4-7c1e522e1e3b,2025-11-01T22:46:00Z,11/2/2025 1:46 AM,WILL_FIX,,
2026-05-13 22:22:41,SEC RFP- C001692848,Saudi Energy,c94fa437-e128-f111-88b4-7c1e522e1e3b,2025-11-18T01:42:00Z,11/18/2025 4:42 AM,WILL_FIX,,
2026-05-13 22:22:41,SEC RFP-C001701719,Saudi Energy,4b0c013e-e128-f111-88b4-7c1e522e1e3b,2025-11-08T23:00:00Z,11/9/2025 2:00 AM,WILL_FIX,,
2026-05-13 22:22:41,SEC RFP-C001701723,Saudi Energy,4d0c013e-e128-f111-88b4-7c1e522e1e3b,2025-11-06T01:47:00Z,11/6/2025 4:47 AM,WILL_FIX,,
2026-05-13 22:22:41,SEC RFP-C001699381,Saudi Energy,500c013e-e128-f111-88b4-7c1e522e1e3b,2025-11-08T22:38:00Z,11/9/2025 1:38 AM,WILL_FIX,,
2026-05-13 22:22:41,SEC RFP-C001700386,Saudi Energy,650c013e-e128-f111-88b4-7c1e522e1e3b,2025-11-03T03:43:00Z,11/3/2025 6:43 AM,WILL_FIX,,
2026-05-13 22:22:41,SEC RFPC001697854,Saudi Energy,e6543344-e128-f111-88b4-7c1e522e1e3b,2025-10-28T05:20:00Z,10/28/2025 8:20 AM,WILL_FIX,,
2026-05-13 22:22:41,SEC RFP-C001685402,Saudi Energy,f8543344-e128-f111-88b4-7c1e522e1e3b,2025-10-16T10:59:00Z,10/16/2025 1:59 PM,WILL_FIX,,
2026-05-13 22:22:41,SEC RFP-C001691866,Saudi Energy,f9543344-e128-f111-88b4-7c1e522e1e3b,2025-10-19T16:20:00Z,10/19/2025 7:20 PM,WILL_FIX,,
2026-05-13 22:22:41,SEC RFP-C001695709,Saudi Energy,fa543344-e128-f111-88b4-7c1e522e1e3b,2025-10-13T23:34:00Z,10/14/2025 2:34 AM,WILL_FIX,,
2026-05-13 22:22:41,SEC RFP-C001734554,Saudi Energy,14949d62-e128-f111-88b4-7c1e522e1e3b,2026-02-03T21:30:00Z,2/4/2026 12:30 AM,WILL_FIX,,
2026-05-13 22:22:41,SEC RFP - C001659822,Saudi Energy,21949d62-e128-f111-88b4-7c1e522e1e3b,2025-09-10T02:11:00Z,9/10/2025 5:11 AM,WILL_FIX,,
2026-05-13 22:22:41,SEC RFP-C001671222,Saudi Energy,309e9c68-e128-f111-88b4-7c1e522e1e3b,2025-09-02T01:02:00Z,9/2/2025 4:02 AM,WILL_FIX,,
2026-05-13 22:22:41,SEC RFP-C001538393,Saudi Energy,59ba8e74-e128-f111-88b4-7c1e522e1e3b,2024-10-30T03:56:00Z,10/30/2024 6:56 AM,WILL_FIX,,
2026-05-13 22:22:41,SEC RFP-C001614944 - 6001614944,Saudi Energy,64ba8e74-e128-f111-88b4-7c1e522e1e3b,2025-04-15T03:59:00Z,4/15/2025 6:59 AM,WILL_FIX,,
2026-05-13 22:22:41,SEC RFP- C001633255 - 6001633255,Saudi Energy,079eb47a-e128-f111-88b4-7c1e522e1e3b,2025-06-01T21:22:00Z,6/2/2025 12:22 AM,WILL_FIX,,
2026-05-13 22:22:41,SEC RFP-C001599675,Saudi Energy,099eb47a-e128-f111-88b4-7c1e522e1e3b,2025-03-13T00:39:00Z,3/13/2025 3:39 AM,WILL_FIX,,
2026-05-13 22:22:41,SEC RFP-C001618252,Saudi Energy,129eb47a-e128-f111-88b4-7c1e522e1e3b,2025-05-01T02:00:00Z,5/1/2025 5:00 AM,WILL_FIX,,
2026-05-13 22:22:41,SEC RFP-C001533889 - 6001533889,Saudi Energy,139eb47a-e128-f111-88b4-7c1e522e1e3b,2024-10-23T05:11:00Z,10/23/2024 8:11 AM,WILL_FIX,,
2026-05-13 22:22:41,SEC RFP - C001463537,Saudi Energy,199eb47a-e128-f111-88b4-7c1e522e1e3b,2024-04-07T00:51:00Z,4/7/2024 3:51 AM,WILL_FIX,,
2026-05-13 22:22:41,SEC RFP-C001598673,Saudi Energy,7f59ae81-e128-f111-88b4-7c1e522e1e3b,2025-03-05T23:46:00Z,3/6/2025 2:46 AM,WILL_FIX,,
2026-05-13 22:22:41,SEC RFP-C001617273,Saudi Energy,8159ae81-e128-f111-88b4-7c1e522e1e3b,2025-04-21T05:20:00Z,4/21/2025 8:20 AM,WILL_FIX,,
2026-05-13 22:22:41,SEC RFP C001632483,Saudi Energy,9e59ae81-e128-f111-88b4-7c1e522e1e3b,2025-06-02T22:24:00Z,6/3/2025 1:24 AM,WILL_FIX,,
2026-05-13 22:22:41,SEC RFP - C001640862,Saudi Energy,e2f7a687-e128-f111-88b4-7c1e522e1e3b,2025-06-23T04:56:00Z,6/23/2025 7:56 AM,WILL_FIX,,
2026-05-13 22:22:41,SEC RFP-C001531484,Saudi Energy,eef7a687-e128-f111-88b4-7c1e522e1e3b,2024-10-08T00:00:00Z,10/8/2024 3:00 AM,WILL_FIX,,
2026-05-13 22:22:41,SEC RFP - C001624126,Saudi Energy,f8f7a687-e128-f111-88b4-7c1e522e1e3b,2025-06-03T22:48:00Z,6/4/2025 1:48 AM,WILL_FIX,,
2026-05-13 22:22:41,SEC RFP C001537575,Saudi Energy,4dfebb8d-e128-f111-88b4-7c1e522e1e3b,2024-10-30T22:46:00Z,10/31/2024 1:46 AM,WILL_FIX,,
2026-05-13 22:22:41,SEC RFP-C001647138,Saudi Energy,6cfebb8d-e128-f111-88b4-7c1e522e1e3b,2025-07-17T13:58:00Z,7/17/2025 4:58 PM,WILL_FIX,,
2026-05-13 22:22:41,SEC RFP-C001482102,Saudi Energy,83febb8d-e128-f111-88b4-7c1e522e1e3b,2024-06-05T22:15:00Z,6/6/2024 1:15 AM,WILL_FIX,,
2026-05-13 22:22:41,SEC RFP C001622710,Saudi Energy,a6febb8d-e128-f111-88b4-7c1e522e1e3b,2025-05-07T23:04:00Z,5/8/2025 2:04 AM,WILL_FIX,,
2026-05-13 22:22:41,SEC RFP- C001658084 - 6001658084,Saudi Energy,1eaec293-e128-f111-88b4-7c1e522e1e3b,2025-07-27T01:02:00Z,7/27/2025 4:02 AM,WILL_FIX,,
2026-05-13 22:22:41,SEC RFP 6001580620,Saudi Energy,2eaec293-e128-f111-88b4-7c1e522e1e3b,2025-01-22T22:53:00Z,1/23/2025 1:53 AM,WILL_FIX,,
2026-05-13 22:22:41,SEC RFP-C001666476,Saudi Energy,3aaec293-e128-f111-88b4-7c1e522e1e3b,2025-08-25T00:58:00Z,8/25/2025 3:58 AM,WILL_FIX,,
2026-05-13 22:22:41,SEC RFP-C001510943,Saudi Energy,4976bb99-e128-f111-88b4-7c1e522e1e3b,2024-08-29T06:06:00Z,8/29/2024 9:06 AM,WILL_FIX,,
2026-05-13 22:22:41,SEC RFPC001436731,Saudi Energy,1847c29f-e128-f111-88b4-7c1e522e1e3b,2024-01-23T23:21:00Z,1/24/2024 2:21 AM,WILL_FIX,,
2026-05-13 22:22:41,SEC RFP-C001483834 - 6001483834,Saudi Energy,2f47c29f-e128-f111-88b4-7c1e522e1e3b,2024-06-04T04:08:00Z,6/4/2024 7:08 AM,WILL_FIX,,
2026-05-13 22:22:41,SEC RFP-C001575801,Saudi Energy,3247c29f-e128-f111-88b4-7c1e522e1e3b,2024-12-17T04:05:00Z,12/17/2024 7:05 AM,WILL_FIX,,
2026-05-13 22:22:41,SEC RFP C001652739,Saudi Energy,7b31cba5-e128-f111-88b4-7c1e522e1e3b,2025-07-28T05:15:00Z,7/28/2025 8:15 AM,WILL_FIX,,
2026-05-13 22:22:41,SEC RFP-C001626976,Saudi Energy,5dc0cfab-e128-f111-88b4-7c1e522e1e3b,2025-05-12T05:04:00Z,5/12/2025 8:04 AM,WILL_FIX,,
2026-05-13 22:22:41,SEC RFP- C001643822,Saudi Energy,5ec0cfab-e128-f111-88b4-7c1e522e1e3b,2025-07-10T00:53:00Z,7/10/2025 3:53 AM,WILL_FIX,,
2026-05-13 22:22:41,SEC RFP - C001633715,Saudi Energy,1d1b2ab2-e128-f111-88b4-7c1e522e1e3b,2025-05-28T05:22:00Z,5/28/2025 8:22 AM,WILL_FIX,,
2026-05-13 22:22:41,SEC RFP - C001640433,Saudi Energy,2f1b2ab2-e128-f111-88b4-7c1e522e1e3b,2025-07-15T01:35:00Z,7/15/2025 4:35 AM,WILL_FIX,,
2026-05-13 22:22:41,SEC RFP-C001516771,Saudi Energy,eb2667be-e128-f111-88b4-7c1e522e1e3b,2024-09-04T22:11:00Z,9/5/2024 1:11 AM,WILL_FIX,,
2026-05-13 22:22:41,SEC RFP-C001532019 - 6001532019,Saudi Energy,7db05dc4-e128-f111-88b4-7c1e522e1e3b,2024-10-20T04:53:00Z,10/20/2024 7:53 AM,WILL_FIX,,
2026-05-13 22:22:41,SEC RFP - C001440370,Saudi Energy,7eb05dc4-e128-f111-88b4-7c1e522e1e3b,2024-02-07T02:32:00Z,2/7/2024 5:32 AM,WILL_FIX,,
2026-05-13 22:22:41,SEC RFQ - C001521324,Saudi Energy,84b05dc4-e128-f111-88b4-7c1e522e1e3b,2024-09-08T06:04:00Z,9/8/2024 9:04 AM,WILL_FIX,,
2026-05-13 22:22:41,SEC RFP-C001472727,Saudi Energy,85b05dc4-e128-f111-88b4-7c1e522e1e3b,2024-05-16T11:02:00Z,5/16/2024 2:02 PM,WILL_FIX,,
2026-05-13 22:22:41,SEC RFP - C001486844,Saudi Energy,8cb05dc4-e128-f111-88b4-7c1e522e1e3b,2024-06-26T04:36:00Z,6/26/2024 7:36 AM,WILL_FIX,,
2026-05-13 22:22:41,SEC RFP-C001488752,Saudi Energy,d6c68aca-e128-f111-88b4-7c1e522e1e3b,2024-06-30T22:29:00Z,7/1/2024 1:29 AM,WILL_FIX,,
2026-05-13 22:22:41,SEC RFP C001472180,Saudi Energy,e0c68aca-e128-f111-88b4-7c1e522e1e3b,2024-05-15T22:16:00Z,5/16/2024 1:16 AM,WILL_FIX,,
2026-05-13 22:22:41,SEC RFP C001492114,Saudi Energy,102ea7d0-e128-f111-88b4-7c1e522e1e3b,2024-07-14T05:06:00Z,7/14/2024 8:06 AM,WILL_FIX,,
2026-05-13 22:22:41,SEC RFP C001527378,Saudi Energy,232ea7d0-e128-f111-88b4-7c1e522e1e3b,2024-10-06T04:54:00Z,10/6/2024 7:54 AM,WILL_FIX,,
2026-05-13 22:22:41,SEC RFP-C001494641,Saudi Energy,242ea7d0-e128-f111-88b4-7c1e522e1e3b,2024-07-13T01:49:00Z,7/13/2024 4:49 AM,WILL_FIX,,
2026-05-13 22:22:41,SEC RFP-C001553211,Saudi Energy,342ea7d0-e128-f111-88b4-7c1e522e1e3b,2024-12-04T21:21:00Z,12/5/2024 12:21 AM,WILL_FIX,,
2026-05-13 22:22:41,SEC RFP-C001495071 - 6001495071,Saudi Energy,352ea7d0-e128-f111-88b4-7c1e522e1e3b,2024-07-25T04:26:00Z,7/25/2024 7:26 AM,WILL_FIX,,
2026-05-13 22:22:41,SEC RFP-C001556499,Saudi Energy,424da9d6-e128-f111-88b4-7c1e522e1e3b,2024-12-18T02:45:00Z,12/18/2024 5:45 AM,WILL_FIX,,
2026-05-13 22:22:41,SEC RFP- C001484136,Saudi Energy,444da9d6-e128-f111-88b4-7c1e522e1e3b,2024-06-12T03:03:00Z,6/12/2024 6:03 AM,WILL_FIX,,
2026-05-13 22:22:41,SEC RFP-C001560382,Saudi Energy,4e4da9d6-e128-f111-88b4-7c1e522e1e3b,2024-12-03T00:11:00Z,12/3/2024 3:11 AM,WILL_FIX,,
2026-05-13 22:22:41,SEC RFP- C001758267,Saudi Energy,84a2dab1-2933-f111-88b4-7c1e522e1e3b,2026-03-26T13:30:00Z,3/26/2026 4:30 PM,WILL_FIX,,
2026-05-13 22:22:41,SEC RFP- C001758271,Saudi Energy,aba2dab1-2933-f111-88b4-7c1e522e1e3b,2026-03-26T13:37:00Z,3/26/2026 4:37 PM,WILL_FIX,,
2026-05-13 22:22:41,SEC RFP-C001758774,Saudi Energy,b574d5b7-2933-f111-88b4-7c1e522e1e3b,2026-03-29T11:10:00Z,3/29/2026 2:10 PM,WILL_FIX,,
2026-05-13 22:22:41,SEC RFP-C001761431,Saudi Energy,396445be-2933-f111-88b4-7c1e522e1e3b,2026-04-07T13:30:00Z,4/7/2026 4:30 PM,WILL_FIX,,
2026-05-13 22:22:41,SEC RFP- C001764192,Saudi Energy,edf2afbd-873c-f111-88b4-7c1e522e1e3b,2026-04-16T14:48:00Z,4/16/2026 5:48 PM,WILL_FIX,,
2026-05-13 22:22:41,SEC RFP-C001760901,Saudi Energy,9c75dfc3-873c-f111-88b4-7c1e522e1e3b,2026-04-16T09:21:00Z,4/16/2026 12:21 PM,WILL_FIX,,
2026-05-13 22:22:41,SEC RFP-C001760352,Saudi Energy,b375dfc3-873c-f111-88b4-7c1e522e1e3b,2026-04-13T14:19:00Z,4/13/2026 5:19 PM,WILL_FIX,,
2026-05-13 22:22:41,SEC RFP-C001763877,Saudi Energy,c997b5ca-873c-f111-88b4-7c1e522e1e3b,2026-04-15T12:48:00Z,4/15/2026 3:48 PM,WILL_FIX,,
2026-05-13 22:22:41,SEC RFP - C001765462,Saudi Energy,cb97b5ca-873c-f111-88b4-7c1e522e1e3b,2026-04-16T14:44:00Z,4/16/2026 5:44 PM,WILL_FIX,,
2026-05-13 22:22:41,SEC RFP-C001767602,Saudi Energy,7698f48b-aa3c-f111-88b4-7c1e522e1e3b,2026-04-20T09:34:00Z,4/20/2026 12:34 PM,WILL_FIX,,
2026-05-13 22:22:41,SEC RFP-C001767634,Saudi Energy,e34c0ee9-543d-f111-88b4-7c1e522e1e3b,4/21/2026 9:30 AM,4/21/2026 9:30 AM,OK,,already canonical
2026-05-13 22:22:41,SEC RFP- C001768912,Saudi Energy,ce888c35-1e3e-f111-88b4-7c1e522e1e3b,4/22/2026 9:10 AM,4/22/2026 9:10 AM,OK,,already canonical
2026-05-13 22:22:41,SEC RFP-C001769775,Saudi Energy,366fa84f-3c42-f111-bec6-7c1e522e1e3b,4/25/2026 1:45 PM,4/25/2026 1:45 PM,OK,,already canonical
2026-05-13 22:22:41,SEC RFP-C001772053 - 6001772053,Saudi Energy,9a611c45-f242-f111-bec6-7c1e522e1e3b,4/28/2026 10:36 AM,4/28/2026 10:36 AM,OK,,already canonical
2026-05-13 22:22:41,SEC RFP-C001774257,Saudi Energy,c2175451-1247-f111-bec7-7c1e522e1e3b,5/3/2026 2:26 PM,5/3/2026 2:26 PM,OK,,already canonical
2026-05-13 22:22:41,SEC RFP - C001778594,Saudi Energy,924f8e34-294d-f111-bec7-7c1e522e1e3b,5/11/2026 8:09 AM,5/11/2026 8:09 AM,OK,,already canonical
2026-05-13 22:22:41,SEC RFP - C001773493,Saudi Energy,9c391637-f24d-f111-bec7-7c1e522e1e3b,5/12/2026 10:44 AM,5/12/2026 10:44 AM,OK,,already canonical
2026-05-13 22:22:41,SEC RFP-C001780088 - 6001780088,Saudi Energy,d6133d24-bb4e-f111-bec7-7c1e522e1e3b,5/13/2026 8:38 AM,5/13/2026 8:38 AM,OK,,already canonical
2026-05-13 22:22:41,SEC RFP-C001744636,Saudi Energy,4b37cf4c-dd28-f111-88b4-7c1e5278f52e,2026-02-23T12:42:00Z,2/23/2026 3:42 PM,WILL_FIX,,
2026-05-13 22:22:41,SEC RFP C001743167,Saudi Energy,4c37cf4c-dd28-f111-88b4-7c1e5278f52e,2026-02-18T03:43:00Z,2/18/2026 6:43 AM,WILL_FIX,,
2026-05-13 22:22:41,SEC RFP-C001493167,Saudi Energy,4e37cf4c-dd28-f111-88b4-7c1e5278f52e,2024-07-08T04:27:00Z,7/8/2024 7:27 AM,WILL_FIX,,
2026-05-13 22:22:41,SEC RFP- C001721454,Saudi Energy,5237cf4c-dd28-f111-88b4-7c1e5278f52e,2025-12-30T01:09:00Z,12/30/2025 4:09 AM,WILL_FIX,,
2026-05-13 22:22:41,SEC RFP C001743163,Saudi Energy,5437cf4c-dd28-f111-88b4-7c1e5278f52e,2026-02-20T00:14:00Z,2/20/2026 3:14 AM,WILL_FIX,,
2026-05-13 22:22:41,SEC RFP- C001746331,Saudi Energy,5537cf4c-dd28-f111-88b4-7c1e5278f52e,2026-02-24T09:55:00Z,2/24/2026 12:55 PM,WILL_FIX,,
2026-05-13 22:22:41,SEC RFP- C001754721,Saudi Energy,b1295953-dd28-f111-88b4-7c1e5278f52e,2026-03-10T05:23:00Z,3/10/2026 8:23 AM,WILL_FIX,,
2026-05-13 22:22:41,SEC RFP-C001754780,Saudi Energy,d03f5b59-dd28-f111-88b4-7c1e5278f52e,2026-03-10T15:32:00Z,3/10/2026 6:32 PM,WILL_FIX,,
2026-05-13 22:22:41,SEC RFP-C001755174,Saudi Energy,d13f5b59-dd28-f111-88b4-7c1e5278f52e,2026-03-11T12:56:00Z,3/11/2026 3:56 PM,WILL_FIX,,
2026-05-13 22:22:41,SEC RFP-C001733694,Saudi Energy,d63f5b59-dd28-f111-88b4-7c1e5278f52e,2026-02-03T01:21:00Z,2/3/2026 4:21 AM,WILL_FIX,,
2026-05-13 22:22:41,RFQ - C001738317,Saudi Energy,d73f5b59-dd28-f111-88b4-7c1e5278f52e,2026-02-02T22:10:00Z,2/3/2026 1:10 AM,WILL_FIX,,
2026-05-13 22:22:41,SEC RFP-C001630541,Saudi Energy,e4ccef28-de28-f111-88b4-7c1e5278f52e,2025-05-20T03:49:00Z,5/20/2025 6:49 AM,WILL_FIX,,
2026-05-13 22:22:41,RFQ - C001515390 - 6001515390,Saudi Energy,428ab04e-de28-f111-88b4-7c1e5278f52e,2024-08-21T04:40:00Z,8/21/2024 7:40 AM,WILL_FIX,,
2026-05-13 22:22:41,C001454007 -6001454007,Saudi Energy,de8c4a67-de28-f111-88b4-7c1e5278f52e,2024-03-14T01:59:00Z,3/14/2024 4:59 AM,WILL_FIX,,
2026-05-13 22:22:41,SEC RFP-C001732146,Saudi Energy,8c05c185-de28-f111-88b4-7c1e5278f52e,2026-02-03T05:56:00Z,2/3/2026 8:56 AM,WILL_FIX,,
2026-05-13 22:22:41,SEC RFP-C001739762,Saudi Energy,8e05c185-de28-f111-88b4-7c1e5278f52e,2026-02-03T00:11:00Z,2/3/2026 3:11 AM,WILL_FIX,,
2026-05-13 22:22:41,SEC RFP-C001735097 - 6001735097,Saudi Energy,9e05c185-de28-f111-88b4-7c1e5278f52e,2026-01-24T21:09:00Z,1/25/2026 12:09 AM,WILL_FIX,,
2026-05-13 22:22:41,SEC RFP-C001728053,Saudi Energy,abe4ed8b-de28-f111-88b4-7c1e5278f52e,2025-12-28T22:19:00Z,12/29/2025 1:19 AM,WILL_FIX,,
2026-05-13 22:22:41,SEC RFP- C001726491,Saudi Energy,afe4ed8b-de28-f111-88b4-7c1e5278f52e,2025-12-05T05:29:00Z,12/5/2025 8:29 AM,WILL_FIX,,
2026-05-13 22:22:41,SEC RFP-C001715067,Saudi Energy,b3e4ed8b-de28-f111-88b4-7c1e5278f52e,2025-12-01T03:46:00Z,12/1/2025 6:46 AM,WILL_FIX,,
2026-05-13 22:22:41,SEC RFP-C001717691,Saudi Energy,cae4ed8b-de28-f111-88b4-7c1e5278f52e,2025-10-13T03:34:00Z,10/13/2025 6:34 AM,WILL_FIX,,
2026-05-13 22:22:41,SEC RFP-C001713766,Saudi Energy,cfe4ed8b-de28-f111-88b4-7c1e5278f52e,2025-12-21T22:48:00Z,12/22/2025 1:48 AM,WILL_FIX,,
2026-05-13 22:22:41,SEC RFPC001712540,Saudi Energy,e486ed91-de28-f111-88b4-7c1e5278f52e,2025-12-10T22:13:00Z,12/11/2025 1:13 AM,WILL_FIX,,
2026-05-13 22:22:41,SEC RFP-C001707491,Saudi Energy,ff86ed91-de28-f111-88b4-7c1e5278f52e,2025-11-22T02:54:00Z,11/22/2025 5:54 AM,WILL_FIX,,
2026-05-13 22:22:41,SEC RFP-C001708957,Saudi Energy,1b87ed91-de28-f111-88b4-7c1e5278f52e,2025-11-19T21:45:00Z,11/20/2025 12:45 AM,WILL_FIX,,
2026-05-13 22:22:41,SEC RFP C001701142,Saudi Energy,2787ed91-de28-f111-88b4-7c1e5278f52e,2025-11-11T02:46:00Z,11/11/2025 5:46 AM,WILL_FIX,,
2026-05-13 22:22:41,SEC RFP C001701153,Saudi Energy,2a87ed91-de28-f111-88b4-7c1e5278f52e,2025-11-25T01:04:00Z,11/25/2025 4:04 AM,WILL_FIX,,
2026-05-13 22:22:41,SEC RFP-C001701688,Saudi Energy,552e6298-de28-f111-88b4-7c1e5278f52e,2025-11-16T20:42:00Z,11/16/2025 11:42 PM,WILL_FIX,,
2026-05-13 22:22:41,SEC RFP-C001705330,Saudi Energy,562e6298-de28-f111-88b4-7c1e5278f52e,2025-11-18T01:18:00Z,11/18/2025 4:18 AM,WILL_FIX,,
2026-05-13 22:22:41,SEC RFP - C001690366,Saudi Energy,592e6298-de28-f111-88b4-7c1e5278f52e,2025-11-10T04:11:00Z,11/10/2025 7:11 AM,WILL_FIX,,
2026-05-13 22:22:41,SEC RFP - C001701644,Saudi Energy,5b2e6298-de28-f111-88b4-7c1e5278f52e,2025-11-02T22:38:00Z,11/3/2025 1:38 AM,WILL_FIX,,
2026-05-13 22:22:41,SEC RFP-C001692314 - 6001692314,Saudi Energy,5d2e6298-de28-f111-88b4-7c1e5278f52e,2025-11-04T01:36:00Z,11/4/2025 4:36 AM,WILL_FIX,,
2026-05-13 22:22:41,SEC RFP-C001698502,Saudi Energy,642e6298-de28-f111-88b4-7c1e5278f52e,2025-10-30T11:49:00Z,10/30/2025 2:49 PM,WILL_FIX,,
2026-05-13 22:22:41,SEC RFPC001693421,Saudi Energy,efe0669e-de28-f111-88b4-7c1e5278f52e,2025-10-18T23:40:00Z,10/19/2025 2:40 AM,WILL_FIX,,
2026-05-13 22:22:41,SEC RFP-C001688701,Saudi Energy,f3e0669e-de28-f111-88b4-7c1e5278f52e,2025-09-30T20:44:00Z,9/30/2025 11:44 PM,WILL_FIX,,
2026-05-13 22:22:41,SEC RFP- C001681610 - 6001681610,Saudi Energy,e9c161a4-de28-f111-88b4-7c1e5278f52e,2025-09-21T01:29:00Z,9/21/2025 4:29 AM,WILL_FIX,,
2026-05-13 22:22:41,SEC RFP-C001681005,Saudi Energy,ecc161a4-de28-f111-88b4-7c1e5278f52e,2025-09-21T04:24:00Z,9/21/2025 7:24 AM,WILL_FIX,,
2026-05-13 22:22:41,SEC RFP-C001675795,Saudi Energy,fcc161a4-de28-f111-88b4-7c1e5278f52e,2025-09-21T04:19:00Z,9/21/2025 7:19 AM,WILL_FIX,,
2026-05-13 22:22:41,SEC RFP C001739759,Saudi Energy,01a1a2b6-de28-f111-88b4-7c1e5278f52e,2026-02-15T00:09:00Z,2/15/2026 3:09 AM,WILL_FIX,,
2026-05-13 22:22:41,SEC RFP-C001669052 - 6001669052,Saudi Energy,02a1a2b6-de28-f111-88b4-7c1e5278f52e,2025-08-21T00:51:00Z,8/21/2025 3:51 AM,WILL_FIX,,
2026-05-13 22:22:41,SEC RFP- C001675392 - 6001675392,Saudi Energy,03a1a2b6-de28-f111-88b4-7c1e5278f52e,2025-09-10T01:47:00Z,9/10/2025 4:47 AM,WILL_FIX,,
2026-05-13 22:22:41,SEC RFP-C001676358,Saudi Energy,08a1a2b6-de28-f111-88b4-7c1e5278f52e,2025-09-07T23:17:00Z,9/8/2025 2:17 AM,WILL_FIX,,
2026-05-13 22:22:41,SEC RFP- C001668204 - 6001668204,Saudi Energy,0aa1a2b6-de28-f111-88b4-7c1e5278f52e,2025-08-27T01:27:00Z,8/27/2025 4:27 AM,WILL_FIX,,
2026-05-13 22:22:41,SEC RFP-C001670562,Saudi Energy,e8a195bd-de28-f111-88b4-7c1e5278f52e,2025-08-26T23:23:00Z,8/27/2025 2:23 AM,WILL_FIX,,
2026-05-13 22:22:41,SEC RFP-C001675410,Saudi Energy,eaa195bd-de28-f111-88b4-7c1e5278f52e,2025-09-07T03:34:00Z,9/7/2025 6:34 AM,WILL_FIX,,
2026-05-13 22:22:41,SEC RFP-C001669010,Saudi Energy,f8a195bd-de28-f111-88b4-7c1e5278f52e,2025-09-02T21:30:00Z,9/3/2025 12:30 AM,WILL_FIX,,
2026-05-13 22:22:41,SEC RFP-C001678948,Saudi Energy,fba195bd-de28-f111-88b4-7c1e5278f52e,2025-09-16T23:34:00Z,9/17/2025 2:34 AM,WILL_FIX,,
2026-05-13 22:22:41,SEC RFP-C001666473,Saudi Energy,fda195bd-de28-f111-88b4-7c1e5278f52e,2025-08-20T08:07:00Z,8/20/2025 11:07 AM,WILL_FIX,,
2026-05-13 22:22:41,SEC RFP-C001661956,Saudi Energy,ffa195bd-de28-f111-88b4-7c1e5278f52e,2025-08-19T02:10:00Z,8/19/2025 5:10 AM,WILL_FIX,,
2026-05-13 22:22:41,SEC RFP-C001663438,Saudi Energy,02a295bd-de28-f111-88b4-7c1e5278f52e,2025-08-26T04:19:00Z,8/26/2025 7:19 AM,WILL_FIX,,
2026-05-13 22:22:41,SEC RFP C001666464,Saudi Energy,c8f0dcc3-de28-f111-88b4-7c1e5278f52e,2025-08-28T03:53:00Z,8/28/2025 6:53 AM,WILL_FIX,,
2026-05-13 22:22:41,SEC RFP-C001675367,Saudi Energy,c9f0dcc3-de28-f111-88b4-7c1e5278f52e,2025-09-02T00:50:00Z,9/2/2025 3:50 AM,WILL_FIX,,
2026-05-13 22:22:41,SEC RFPC001738240,Saudi Energy,cbf0dcc3-de28-f111-88b4-7c1e5278f52e,2026-01-27T02:42:00Z,1/27/2026 5:42 AM,WILL_FIX,,
2026-05-13 22:22:41,SEC RFP-C001423635,Saudi Energy,d0f0dcc3-de28-f111-88b4-7c1e5278f52e,2023-12-26T03:12:00Z,12/26/2023 6:12 AM,WILL_FIX,,
2026-05-13 22:22:41,SEC RFP-C001627823,Saudi Energy,d3f0dcc3-de28-f111-88b4-7c1e5278f52e,2025-05-22T01:38:00Z,5/22/2025 4:38 AM,WILL_FIX,,
2026-05-13 22:22:41,SEC RFP-C001558708,Saudi Energy,daf0dcc3-de28-f111-88b4-7c1e5278f52e,2024-12-14T23:24:00Z,12/15/2024 2:24 AM,WILL_FIX,,
2026-05-13 22:22:41,SEC RFP-C001563836,Saudi Energy,3069e8c9-de28-f111-88b4-7c1e5278f52e,2024-11-27T23:01:00Z,11/28/2024 2:01 AM,WILL_FIX,,
2026-05-13 22:22:41,SEC RFP-C001481688,Saudi Energy,3369e8c9-de28-f111-88b4-7c1e5278f52e,2024-05-26T23:52:00Z,5/27/2024 2:52 AM,WILL_FIX,,
2026-05-13 22:22:41,SEC RFP-C001658036,Saudi Energy,3969e8c9-de28-f111-88b4-7c1e5278f52e,2025-08-11T05:37:00Z,8/11/2025 8:37 AM,WILL_FIX,,
2026-05-13 22:22:41,SEC RFP C001645590,Saudi Energy,4269e8c9-de28-f111-88b4-7c1e5278f52e,2025-07-11T21:34:00Z,7/12/2025 12:34 AM,WILL_FIX,,
2026-05-13 22:22:41,SEC RFP-C001446255,Saudi Energy,4569e8c9-de28-f111-88b4-7c1e5278f52e,2024-02-27T21:42:00Z,2/28/2024 12:42 AM,WILL_FIX,,
2026-05-13 22:22:41,SEC RFP C001449676,Saudi Energy,4869e8c9-de28-f111-88b4-7c1e5278f52e,2024-03-06T03:57:00Z,3/6/2024 6:57 AM,WILL_FIX,,
2026-05-13 22:22:41,SEC RFP-C001482614,Saudi Energy,4d69e8c9-de28-f111-88b4-7c1e5278f52e,2024-06-06T00:41:00Z,6/6/2024 3:41 AM,WILL_FIX,,
2026-05-13 22:22:41,SEC RFP-C001478687,Saudi Energy,496a61d0-de28-f111-88b4-7c1e5278f52e,2024-06-11T04:04:00Z,6/11/2024 7:04 AM,WILL_FIX,,
2026-05-13 22:22:41,SEC RFP-C001640350-SV,Saudi Energy,546a61d0-de28-f111-88b4-7c1e5278f52e,2025-06-24T04:02:00Z,6/24/2025 7:02 AM,WILL_FIX,,
2026-05-13 22:22:41,SEC RFP-C001440403,Saudi Energy,5f6a61d0-de28-f111-88b4-7c1e5278f52e,2024-02-02T08:55:00Z,2/2/2024 11:55 AM,WILL_FIX,,
2026-05-13 22:22:41,SEC RFP-C001457715,Saudi Energy,626a61d0-de28-f111-88b4-7c1e5278f52e,2024-03-16T07:45:00Z,3/16/2024 10:45 AM,WILL_FIX,,
2026-05-13 22:22:41,SEC RFP-C001531478 - 6001531478,Saudi Energy,b160c5d6-de28-f111-88b4-7c1e5278f52e,2024-10-16T00:01:00Z,10/16/2024 3:01 AM,WILL_FIX,,
2026-05-13 22:22:41,SEC RFP-C001509024 - 6001509024,Saudi Energy,b260c5d6-de28-f111-88b4-7c1e5278f52e,2024-08-22T00:51:00Z,8/22/2024 3:51 AM,WILL_FIX,,
2026-05-13 22:22:41,SEC RFP-C001640325,Saudi Energy,b460c5d6-de28-f111-88b4-7c1e5278f52e,2025-06-25T03:48:00Z,6/25/2025 6:48 AM,WILL_FIX,,
2026-05-13 22:22:41,SEC RFP-C001629200,Saudi Energy,be60c5d6-de28-f111-88b4-7c1e5278f52e,2025-05-20T23:25:00Z,5/21/2025 2:25 AM,WILL_FIX,,
2026-05-13 22:22:41,SEC RFP 6001580627,Saudi Energy,c260c5d6-de28-f111-88b4-7c1e5278f52e,2025-01-21T21:56:00Z,1/22/2025 12:56 AM,WILL_FIX,,
2026-05-13 22:22:41,SEC RFP C001654162,Saudi Energy,c860c5d6-de28-f111-88b4-7c1e5278f52e,2025-07-28T05:24:00Z,7/28/2025 8:24 AM,WILL_FIX,,
2026-05-13 22:22:41,SEC RFP-C001650103 - 6001650103,Saudi Energy,da60c5d6-de28-f111-88b4-7c1e5278f52e,2025-07-17T01:58:00Z,7/17/2025 4:58 AM,WILL_FIX,,
2026-05-13 22:22:41,SEC RFP-C001657539,Saudi Energy,8ec774de-de28-f111-88b4-7c1e5278f52e,2025-07-30T23:39:00Z,7/31/2025 2:39 AM,WILL_FIX,,
2026-05-13 22:22:41,SEC RFPC001662910,Saudi Energy,8fc774de-de28-f111-88b4-7c1e5278f52e,2025-08-17T01:53:00Z,8/17/2025 4:53 AM,WILL_FIX,,
2026-05-13 22:22:41,SEC RFP-C001582094 - 6001582094,Saudi Energy,92c774de-de28-f111-88b4-7c1e5278f52e,2025-02-01T23:46:00Z,2/2/2025 2:46 AM,WILL_FIX,,
2026-05-13 22:22:41,SEC RFP-C001511666 - 6001511666,Saudi Energy,93c774de-de28-f111-88b4-7c1e5278f52e,2024-08-31T23:52:00Z,9/1/2024 2:52 AM,WILL_FIX,,
2026-05-13 22:22:41,SEC RFP- C001643738 - 6001643738,Saudi Energy,96c774de-de28-f111-88b4-7c1e5278f52e,2025-07-02T03:58:00Z,7/2/2025 6:58 AM,WILL_FIX,,
2026-05-13 22:22:41,SEC RFP-C001642265,Saudi Energy,98c774de-de28-f111-88b4-7c1e5278f52e,2025-07-10T03:43:00Z,7/10/2025 6:43 AM,WILL_FIX,,
2026-05-13 22:22:41,SEC RFP-C001454582,Saudi Energy,9ec774de-de28-f111-88b4-7c1e5278f52e,2024-03-21T05:41:00Z,3/21/2024 8:41 AM,WILL_FIX,,
2026-05-13 22:22:41,SEC RFP - C001600623,Saudi Energy,aac774de-de28-f111-88b4-7c1e5278f52e,2025-03-03T23:30:00Z,3/4/2025 2:30 AM,WILL_FIX,,
2026-05-13 22:22:41,SEC RFP-C001628871,Saudi Energy,201eb0e4-de28-f111-88b4-7c1e5278f52e,2025-05-25T22:58:00Z,5/26/2025 1:58 AM,WILL_FIX,,
2026-05-13 22:22:41,SEC RFP- C001649567 - 6001649567,Saudi Energy,271eb0e4-de28-f111-88b4-7c1e5278f52e,2025-07-14T22:19:00Z,7/15/2025 1:19 AM,WILL_FIX,,
2026-05-13 22:22:41,SEC RFPC001553971,Saudi Energy,281eb0e4-de28-f111-88b4-7c1e5278f52e,2024-12-30T21:51:00Z,12/31/2024 12:51 AM,WILL_FIX,,
2026-05-13 22:22:41,SEC RFP-C001655819,Saudi Energy,391eb0e4-de28-f111-88b4-7c1e5278f52e,2025-07-30T01:39:00Z,7/30/2025 4:39 AM,WILL_FIX,,
2026-05-13 22:22:41,SEC RFPC001656722,Saudi Energy,3c1eb0e4-de28-f111-88b4-7c1e5278f52e,2025-08-04T22:35:00Z,8/5/2025 1:35 AM,WILL_FIX,,
2026-05-13 22:22:41,SEC RFP-C001623944,Saudi Energy,3f1eb0e4-de28-f111-88b4-7c1e5278f52e,2025-05-11T04:32:00Z,5/11/2025 7:32 AM,WILL_FIX,,
2026-05-13 22:22:41,SEC RFP - C001552728,Saudi Energy,e310d1ea-de28-f111-88b4-7c1e5278f52e,2024-12-24T01:13:00Z,12/24/2024 4:13 AM,WILL_FIX,,
2026-05-13 22:22:41,SEC RFP-C001450305,Saudi Energy,e510d1ea-de28-f111-88b4-7c1e5278f52e,2024-03-05T23:17:00Z,3/6/2024 2:17 AM,WILL_FIX,,
2026-05-13 22:22:41,SEC RFP-C001577913,Saudi Energy,f110d1ea-de28-f111-88b4-7c1e5278f52e,2025-01-23T04:14:00Z,1/23/2025 7:14 AM,WILL_FIX,,
2026-05-13 22:22:41,SEC RFP C001467363 - 6001467363,Saudi Energy,f310d1ea-de28-f111-88b4-7c1e5278f52e,2024-04-20T21:54:00Z,4/21/2024 12:54 AM,WILL_FIX,,
2026-05-13 22:22:41,SEC RFP- C001657527,Saudi Energy,e6bef4f0-de28-f111-88b4-7c1e5278f52e,2025-08-04T22:15:00Z,8/5/2025 1:15 AM,WILL_FIX,,
2026-05-13 22:22:41,SEC RFP-C001647140,Saudi Energy,f3bef4f0-de28-f111-88b4-7c1e5278f52e,2025-07-14T01:39:00Z,7/14/2025 4:39 AM,WILL_FIX,,
2026-05-13 22:22:41,SEC RFP - C001456957,Saudi Energy,f4bef4f0-de28-f111-88b4-7c1e5278f52e,2024-03-21T01:18:00Z,3/21/2024 4:18 AM,WILL_FIX,,
2026-05-13 22:22:41,SEC RFP - C001455886,Saudi Energy,f7bef4f0-de28-f111-88b4-7c1e5278f52e,2024-03-04T23:56:00Z,3/5/2024 2:56 AM,WILL_FIX,,
2026-05-13 22:22:41,SEC RFP-C001643439,Saudi Energy,f9bef4f0-de28-f111-88b4-7c1e5278f52e,2025-07-07T03:08:00Z,7/7/2025 6:08 AM,WILL_FIX,,
2026-05-13 22:22:41,SEC RFP - C001434715,Saudi Energy,fdbef4f0-de28-f111-88b4-7c1e5278f52e,2024-01-17T22:29:00Z,1/18/2024 1:29 AM,WILL_FIX,,
2026-05-13 22:22:41,SEC RFP-C001605352,Saudi Energy,febef4f0-de28-f111-88b4-7c1e5278f52e,2025-03-25T00:28:00Z,3/25/2025 3:28 AM,WILL_FIX,,
2026-05-13 22:22:41,SEC RFP C001463065 - 6001463065,Saudi Energy,05bff4f0-de28-f111-88b4-7c1e5278f52e,2024-03-27T13:47:00Z,3/27/2024 4:47 PM,WILL_FIX,,
2026-05-13 22:22:41,SEC RFP - C001449067,Saudi Energy,08bff4f0-de28-f111-88b4-7c1e5278f52e,2024-02-21T05:53:00Z,2/21/2024 8:53 AM,WILL_FIX,,
2026-05-13 22:22:41,SEC RFP - C001405508,Saudi Energy,38f73bf7-de28-f111-88b4-7c1e5278f52e,2023-12-12T03:28:00Z,12/12/2023 6:28 AM,WILL_FIX,,
2026-05-13 22:22:41,SEC RFP-C001539628,Saudi Energy,52f73bf7-de28-f111-88b4-7c1e5278f52e,2024-11-03T21:26:00Z,11/4/2024 12:26 AM,WILL_FIX,,
2026-05-13 22:22:41,SEC RFP - C001620627,Saudi Energy,53f73bf7-de28-f111-88b4-7c1e5278f52e,2025-05-09T11:08:00Z,5/9/2025 2:08 PM,WILL_FIX,,
2026-05-13 22:22:41,SEC RFP-C001648033,Saudi Energy,58f73bf7-de28-f111-88b4-7c1e5278f52e,2025-07-15T01:24:00Z,7/15/2025 4:24 AM,WILL_FIX,,
2026-05-13 22:22:41,SEC RFP-C001625827,Saudi Energy,a7167cfd-de28-f111-88b4-7c1e5278f52e,2025-05-13T03:45:00Z,5/13/2025 6:45 AM,WILL_FIX,,
2026-05-13 22:22:41,SEC RFP-C001599648,Saudi Energy,c6167cfd-de28-f111-88b4-7c1e5278f52e,2025-02-27T00:37:00Z,2/27/2025 3:37 AM,WILL_FIX,,
2026-05-13 22:22:41,SEC RFP- C001626273 - 6001626273,Saudi Energy,c8167cfd-de28-f111-88b4-7c1e5278f52e,2025-05-18T03:59:00Z,5/18/2025 6:59 AM,WILL_FIX,,
2026-05-13 22:22:41,SEC RFP-C001458440 - 6001458440,Saudi Energy,a0cdbe03-df28-f111-88b4-7c1e5278f52e,2024-03-24T04:01:00Z,3/24/2024 7:01 AM,WILL_FIX,,
2026-05-13 22:22:41,SEC RFP-C001610247,Saudi Energy,a6cdbe03-df28-f111-88b4-7c1e5278f52e,2025-03-27T03:16:00Z,3/27/2025 6:16 AM,WILL_FIX,,
2026-05-13 22:22:41,SEC RFP- C001589477 - 6001589477,Saudi Energy,a7cdbe03-df28-f111-88b4-7c1e5278f52e,2025-02-10T03:48:00Z,2/10/2025 6:48 AM,WILL_FIX,,
2026-05-13 22:22:41,SEC RFP-C001609256,Saudi Energy,adcdbe03-df28-f111-88b4-7c1e5278f52e,2025-04-14T01:37:00Z,4/14/2025 4:37 AM,WILL_FIX,,
2026-05-13 22:22:41,SEC RFP C001534890,Saudi Energy,77cdc009-df28-f111-88b4-7c1e5278f52e,2024-10-23T00:45:00Z,10/23/2024 3:45 AM,WILL_FIX,,
2026-05-13 22:22:41,SEC RFP-C001628412,Saudi Energy,79cdc009-df28-f111-88b4-7c1e5278f52e,2025-05-25T23:29:00Z,5/26/2025 2:29 AM,WILL_FIX,,
2026-05-13 22:22:41,SEC RFP-C001504997,Saudi Energy,91cdc009-df28-f111-88b4-7c1e5278f52e,2024-08-13T02:54:00Z,8/13/2024 5:54 AM,WILL_FIX,,
2026-05-13 22:22:41,SEC RFP C001521061,Saudi Energy,92cdc009-df28-f111-88b4-7c1e5278f52e,2024-09-13T10:13:00Z,9/13/2024 1:13 PM,WILL_FIX,,
2026-05-13 22:22:41,SEC RFPC001473270,Saudi Energy,7d7eeb0f-df28-f111-88b4-7c1e5278f52e,2024-05-07T04:31:00Z,5/7/2024 7:31 AM,WILL_FIX,,
2026-05-13 22:22:41,SEC RFP-C001507288,Saudi Energy,7e7eeb0f-df28-f111-88b4-7c1e5278f52e,2024-07-25T03:48:00Z,7/25/2024 6:48 AM,WILL_FIX,,
2026-05-13 22:22:41,SEC RFP-C001520148,Saudi Energy,807eeb0f-df28-f111-88b4-7c1e5278f52e,2024-09-17T03:36:00Z,9/17/2024 6:36 AM,WILL_FIX,,
2026-05-13 22:22:41,SEC RFP-C001518011,Saudi Energy,857eeb0f-df28-f111-88b4-7c1e5278f52e,2024-09-12T03:35:00Z,9/12/2024 6:35 AM,WILL_FIX,,
2026-05-13 22:22:41,SEC RFP - C001496892,Saudi Energy,8a7eeb0f-df28-f111-88b4-7c1e5278f52e,2024-07-30T04:17:00Z,7/30/2024 7:17 AM,WILL_FIX,,
2026-05-13 22:22:41,SEC RFP-C001502653 - 6001502653,Saudi Energy,c9c93e16-df28-f111-88b4-7c1e5278f52e,2024-08-07T03:50:00Z,8/7/2024 6:50 AM,WILL_FIX,,
2026-05-13 22:22:41,SEC RFP-C001488770,Saudi Energy,d0c93e16-df28-f111-88b4-7c1e5278f52e,2024-06-24T05:06:00Z,6/24/2024 8:06 AM,WILL_FIX,,
2026-05-13 22:22:41,SEC RFP-C001499317,Saudi Energy,d4c93e16-df28-f111-88b4-7c1e5278f52e,2024-08-14T03:40:00Z,8/14/2024 6:40 AM,WILL_FIX,,
2026-05-13 22:22:41,SEC RFP-C001553242,Saudi Energy,d9c93e16-df28-f111-88b4-7c1e5278f52e,2024-12-15T22:55:00Z,12/16/2024 1:55 AM,WILL_FIX,,
2026-05-13 22:22:41,SEC RFP-C001471266,Saudi Energy,dac93e16-df28-f111-88b4-7c1e5278f52e,2024-04-30T04:11:00Z,4/30/2024 7:11 AM,WILL_FIX,,
2026-05-13 22:22:41,SEC RFP -C001506377,Saudi Energy,dcc93e16-df28-f111-88b4-7c1e5278f52e,2024-08-15T04:34:00Z,8/15/2024 7:34 AM,WILL_FIX,,
2026-05-13 22:22:41,SEC RFP-C001525628,Saudi Energy,dfc93e16-df28-f111-88b4-7c1e5278f52e,2024-10-01T00:50:00Z,10/1/2024 3:50 AM,WILL_FIX,,
2026-05-13 22:22:41,SEC RFP-C001497763,Saudi Energy,e2c93e16-df28-f111-88b4-7c1e5278f52e,2024-07-14T03:41:00Z,7/14/2024 6:41 AM,WILL_FIX,,
2026-05-13 22:22:41,SEC RFPC001501435,Saudi Energy,dc139e1c-df28-f111-88b4-7c1e5278f52e,2024-08-08T10:58:00Z,8/8/2024 1:58 PM,WILL_FIX,,
2026-05-13 22:22:41,SEC RFP - C001475945,Saudi Energy,ea139e1c-df28-f111-88b4-7c1e5278f52e,2024-05-18T04:05:00Z,5/18/2024 7:05 AM,WILL_FIX,,
2026-05-13 22:22:41,SEC RFP - C001546529,Saudi Energy,f8139e1c-df28-f111-88b4-7c1e5278f52e,2024-11-13T21:37:00Z,11/14/2024 12:37 AM,WILL_FIX,,
2026-05-13 22:22:41,SEC RFP-C001476118,Saudi Energy,f9139e1c-df28-f111-88b4-7c1e5278f52e,2024-05-18T04:02:00Z,5/18/2024 7:02 AM,WILL_FIX,,
2026-05-13 22:22:41,SEC RFP-C001553287 - 6001553287,Saudi Energy,fb139e1c-df28-f111-88b4-7c1e5278f52e,2024-12-11T02:51:00Z,12/11/2024 5:51 AM,WILL_FIX,,
2026-05-13 22:22:41,SEC RFP-C001556035,Saudi Energy,fd139e1c-df28-f111-88b4-7c1e5278f52e,2024-12-17T02:57:00Z,12/17/2024 5:57 AM,WILL_FIX,,
2026-05-13 22:22:41,SEC RFP-C001488343 - 6001488343,Saudi Energy,01149e1c-df28-f111-88b4-7c1e5278f52e,2024-06-08T04:51:00Z,6/8/2024 7:51 AM,WILL_FIX,,
2026-05-13 22:22:41,SEC RFP C001492636,Saudi Energy,0b149e1c-df28-f111-88b4-7c1e5278f52e,2024-07-22T02:14:00Z,7/22/2024 5:14 AM,WILL_FIX,,
2026-05-13 22:22:41,SEC RFP-C001486165,Saudi Energy,fdd9cb22-df28-f111-88b4-7c1e5278f52e,2024-06-26T04:29:00Z,6/26/2024 7:29 AM,WILL_FIX,,
2026-05-13 22:22:41,SEC RFP-C001504531 - 6001504531,Saudi Energy,00dacb22-df28-f111-88b4-7c1e5278f52e,2024-08-05T22:44:00Z,8/6/2024 1:44 AM,WILL_FIX,,
2026-05-13 22:22:41,SEC RFPC001488706,Saudi Energy,02dacb22-df28-f111-88b4-7c1e5278f52e,2024-07-03T04:32:00Z,7/3/2024 7:32 AM,WILL_FIX,,
2026-05-13 22:22:41,SEC RFP-C001724044,Saudi Energy,15dacb22-df28-f111-88b4-7c1e5278f52e,2026-01-26T00:13:00Z,1/26/2026 3:13 AM,WILL_FIX,,
2026-05-13 22:22:41,SEC RFP-C001724601,Saudi Energy,44841c29-df28-f111-88b4-7c1e5278f52e,2026-01-12T01:05:00Z,1/12/2026 4:05 AM,WILL_FIX,,
2026-05-13 22:22:41,SEC RFP- C001663863 - 6001663863,Saudi Energy,4a841c29-df28-f111-88b4-7c1e5278f52e,2025-08-16T13:52:00Z,8/16/2025 4:52 PM,WILL_FIX,,
2026-05-13 22:22:41,SEC RFP-C001746858,Saudi Energy,4d841c29-df28-f111-88b4-7c1e5278f52e,2026-02-24T13:29:00Z,2/24/2026 4:29 PM,WILL_FIX,,
2026-05-13 22:22:41,SEC RFP C001734603,Saudi Energy,52841c29-df28-f111-88b4-7c1e5278f52e,2026-02-24T14:47:00Z,2/24/2026 5:47 PM,WILL_FIX,,
2026-05-13 22:22:41,SEC RFP-C001753746,Saudi Energy,5a841c29-df28-f111-88b4-7c1e5278f52e,2026-03-08T11:39:00Z,3/8/2026 2:39 PM,WILL_FIX,,
2026-05-13 22:22:41,SEC RFP- C001753818,Saudi Energy,2bf03f2f-df28-f111-88b4-7c1e5278f52e,2026-03-10T21:47:00Z,3/11/2026 12:47 AM,WILL_FIX,,
2026-05-13 22:22:41,SEC RFP-C001754782,Saudi Energy,42f03f2f-df28-f111-88b4-7c1e5278f52e,2026-03-11T11:18:00Z,3/11/2026 2:18 PM,WILL_FIX,,
2026-05-13 22:22:41,SEC RFP-C001755780 - 6001755780,Saudi Energy,4bf03f2f-df28-f111-88b4-7c1e5278f52e,2026-03-12T13:59:00Z,3/12/2026 4:59 PM,WILL_FIX,,
2026-05-13 22:22:41,SEC RFP-C001735092,Saudi Energy,53f03f2f-df28-f111-88b4-7c1e5278f52e,2026-01-19T03:53:00Z,1/19/2026 6:53 AM,WILL_FIX,,
2026-05-13 22:22:41,SEC RFP C001689152,Saudi Energy,62f03f2f-df28-f111-88b4-7c1e5278f52e,2025-12-30T23:27:00Z,12/31/2025 2:27 AM,WILL_FIX,,
2026-05-13 22:22:41,SEC RFP-C001720144,Saudi Energy,63f03f2f-df28-f111-88b4-7c1e5278f52e,2025-12-22T22:10:00Z,12/23/2025 1:10 AM,WILL_FIX,,
2026-05-13 22:22:41,SEC RFP- C001701612,Saudi Energy,66f03f2f-df28-f111-88b4-7c1e5278f52e,2025-11-09T03:15:00Z,11/9/2025 6:15 AM,WILL_FIX,,
2026-05-13 22:22:41,SEC RFP-C001705504,Saudi Energy,3ad76035-df28-f111-88b4-7c1e5278f52e,2025-11-08T02:24:00Z,11/8/2025 5:24 AM,WILL_FIX,,
2026-05-13 22:22:41,SEC RFP - C001699852,Saudi Energy,3bd76035-df28-f111-88b4-7c1e5278f52e,2025-10-27T05:54:00Z,10/27/2025 8:54 AM,WILL_FIX,,
2026-05-13 22:22:41,SEC RFP-C001683753,Saudi Energy,4bd76035-df28-f111-88b4-7c1e5278f52e,2025-09-28T22:32:00Z,9/29/2025 1:32 AM,WILL_FIX,,
2026-05-13 22:22:41,SEC RFP-C001609520,Saudi Energy,60d76035-df28-f111-88b4-7c1e5278f52e,2025-03-27T05:03:00Z,3/27/2025 8:03 AM,WILL_FIX,,
2026-05-13 22:22:41,SEC RFP-C001609524 - 6001609524,Saudi Energy,62d76035-df28-f111-88b4-7c1e5278f52e,2025-03-16T04:54:00Z,3/16/2025 7:54 AM,WILL_FIX,,
2026-05-13 22:22:41,SEC RFP- C001437300,Saudi Energy,65d76035-df28-f111-88b4-7c1e5278f52e,2024-01-28T01:47:00Z,1/28/2024 4:47 AM,WILL_FIX,,
2026-05-13 22:22:41,SEC RFP-C001459954,Saudi Energy,ea92c93b-df28-f111-88b4-7c1e5278f52e,2024-03-18T00:24:00Z,3/18/2024 3:24 AM,WILL_FIX,,
2026-05-13 22:22:41,SEC RFP-C001605333 - 6001605333,Saudi Energy,ee92c93b-df28-f111-88b4-7c1e5278f52e,2025-03-16T01:08:00Z,3/16/2025 4:08 AM,WILL_FIX,,
2026-05-13 22:22:41,SEC RFP-C001643806,Saudi Energy,f092c93b-df28-f111-88b4-7c1e5278f52e,2025-07-06T05:42:00Z,7/6/2025 8:42 AM,WILL_FIX,,
2026-05-13 22:22:41,SEC RFP-C001521679 - 6001521679,Saudi Energy,f992c93b-df28-f111-88b4-7c1e5278f52e,2024-09-24T20:11:00Z,9/24/2024 11:11 PM,WILL_FIX,,
2026-05-13 22:22:41,SEC RFP-C001504184,Saudi Energy,3c352142-df28-f111-88b4-7c1e5278f52e,2024-09-02T05:43:00Z,9/2/2024 8:43 AM,WILL_FIX,,
2026-05-13 22:22:41,SEC RFP-C001478056,Saudi Energy,3e352142-df28-f111-88b4-7c1e5278f52e,2024-06-02T03:18:00Z,6/2/2024 6:18 AM,WILL_FIX,,
2026-05-13 22:22:41,SEC RFP-C001578534 - 6001578534,Saudi Energy,3f352142-df28-f111-88b4-7c1e5278f52e,2025-01-23T04:40:00Z,1/23/2025 7:40 AM,WILL_FIX,,
2026-05-13 22:22:41,SEC RFP-C001651286,Saudi Energy,42352142-df28-f111-88b4-7c1e5278f52e,2025-07-18T10:24:00Z,7/18/2025 1:24 PM,WILL_FIX,,
2026-05-13 22:22:41,SEC RFP-C001433173,Saudi Energy,45352142-df28-f111-88b4-7c1e5278f52e,2024-03-24T00:12:00Z,3/24/2024 3:12 AM,WILL_FIX,,
2026-05-13 22:22:41,SEC RFP- C001651887 - 6001651887,Saudi Energy,48352142-df28-f111-88b4-7c1e5278f52e,2025-07-19T23:02:00Z,7/20/2025 2:02 AM,WILL_FIX,,
2026-05-13 22:22:41,SEC RFP - C001517361,Saudi Energy,49352142-df28-f111-88b4-7c1e5278f52e,2024-09-12T01:10:00Z,9/12/2024 4:10 AM,WILL_FIX,,
2026-05-13 22:22:41,SEC RFP- C001625277 - 6001625277,Saudi Energy,5b352142-df28-f111-88b4-7c1e5278f52e,2025-05-12T04:49:00Z,5/12/2025 7:49 AM,WILL_FIX,,
2026-05-13 22:22:41,SEC RFP-C001601536 - 6001601536,Saudi Energy,193e3748-df28-f111-88b4-7c1e5278f52e,2025-03-01T22:48:00Z,3/2/2025 1:48 AM,WILL_FIX,,
2026-05-13 22:22:41,SEC RFP-C001647938 - 6001647938,Saudi Energy,2f3e3748-df28-f111-88b4-7c1e5278f52e,2025-07-10T03:49:00Z,7/10/2025 6:49 AM,WILL_FIX,,
2026-05-13 22:22:41,SEC RFP - C001553306,Saudi Energy,303e3748-df28-f111-88b4-7c1e5278f52e,2025-01-22T01:13:00Z,1/22/2025 4:13 AM,WILL_FIX,,
2026-05-13 22:22:41,SEC RFP-C001509011 - 6001509011,Saudi Energy,323e3748-df28-f111-88b4-7c1e5278f52e,2024-08-19T00:53:00Z,8/19/2024 3:53 AM,WILL_FIX,,
2026-05-13 22:22:41,SEC RFP-C001527931 - 6001527931,Saudi Energy,4a3e3748-df28-f111-88b4-7c1e5278f52e,2024-10-07T05:18:00Z,10/7/2024 8:18 AM,WILL_FIX,,
2026-05-13 22:22:41,SEC RFP-C001455446,Saudi Energy,3f63584e-df28-f111-88b4-7c1e5278f52e,2024-03-13T03:03:00Z,3/13/2024 6:03 AM,WILL_FIX,,
2026-05-13 22:22:41,SEC RFP-C001658083,Saudi Energy,4363584e-df28-f111-88b4-7c1e5278f52e,2025-07-29T01:40:00Z,7/29/2025 4:40 AM,WILL_FIX,,
2026-05-13 22:22:41,SEC RFP-C001621302,Saudi Energy,4963584e-df28-f111-88b4-7c1e5278f52e,2025-05-06T04:30:00Z,5/6/2025 7:30 AM,WILL_FIX,,
2026-05-13 22:22:41,SEC RFP- C001485625,Saudi Energy,4e63584e-df28-f111-88b4-7c1e5278f52e,2024-06-10T04:11:00Z,6/10/2024 7:11 AM,WILL_FIX,,
2026-05-13 22:22:41,SEC RFP-C001588162,Saudi Energy,5b63584e-df28-f111-88b4-7c1e5278f52e,2025-02-05T23:30:00Z,2/6/2025 2:30 AM,WILL_FIX,,
2026-05-13 22:22:41,SEC RFP - C001622756,Saudi Energy,6263584e-df28-f111-88b4-7c1e5278f52e,2025-05-06T01:50:00Z,5/6/2025 4:50 AM,WILL_FIX,,
2026-05-13 22:22:41,SEC RFP-C001658039,Saudi Energy,d7d8b254-df28-f111-88b4-7c1e5278f52e,2025-07-28T05:04:00Z,7/28/2025 8:04 AM,WILL_FIX,,
2026-05-13 22:22:41,SEC RFP C001586820,Saudi Energy,e5d8b254-df28-f111-88b4-7c1e5278f52e,2025-02-03T03:59:00Z,2/3/2025 6:59 AM,WILL_FIX,,
2026-05-13 22:22:41,SEC RFP - C001441261,Saudi Energy,e7d8b254-df28-f111-88b4-7c1e5278f52e,2024-02-20T22:22:00Z,2/21/2024 1:22 AM,WILL_FIX,,
2026-05-13 22:22:41,SEC RFP-C001484520,Saudi Energy,edd8b254-df28-f111-88b4-7c1e5278f52e,2024-06-12T02:51:00Z,6/12/2024 5:51 AM,WILL_FIX,,
2026-05-13 22:22:41,SEC RFP-C001628361,Saudi Energy,f3d8b254-df28-f111-88b4-7c1e5278f52e,2025-05-11T23:58:00Z,5/12/2025 2:58 AM,WILL_FIX,,
2026-05-13 22:22:41,SEC RFP- C001647829,Saudi Energy,f4d8b254-df28-f111-88b4-7c1e5278f52e,2025-07-17T04:43:00Z,7/17/2025 7:43 AM,WILL_FIX,,
2026-05-13 22:22:41,SEC RFP-C001587815,Saudi Energy,f7d8b254-df28-f111-88b4-7c1e5278f52e,2025-02-09T21:06:00Z,2/10/2025 12:06 AM,WILL_FIX,,
2026-05-13 22:22:41,SEC RFP-C001584648,Saudi Energy,fdd8b254-df28-f111-88b4-7c1e5278f52e,2025-01-28T22:04:00Z,1/29/2025 1:04 AM,WILL_FIX,,
2026-05-13 22:22:41,SEC RFP-C001660866 - 6001660866,Saudi Energy,00d9b254-df28-f111-88b4-7c1e5278f52e,2025-07-30T23:56:00Z,7/31/2025 2:56 AM,WILL_FIX,,
2026-05-13 22:22:41,SEC RFQ - C001532871,Saudi Energy,acc91d5b-df28-f111-88b4-7c1e5278f52e,2024-10-09T22:35:00Z,10/10/2024 1:35 AM,WILL_FIX,,
2026-05-13 22:22:41,SEC RFP- C001468179 - 6001468179,Saudi Energy,b0c91d5b-df28-f111-88b4-7c1e5278f52e,2024-04-29T04:54:00Z,4/29/2024 7:54 AM,WILL_FIX,,
2026-05-13 22:22:41,SEC RFPC001656718,Saudi Energy,bdc91d5b-df28-f111-88b4-7c1e5278f52e,2025-07-28T22:09:00Z,7/29/2025 1:09 AM,WILL_FIX,,
2026-05-13 22:22:41,SEC RFP-C001427011,Saudi Energy,c0c91d5b-df28-f111-88b4-7c1e5278f52e,2024-01-14T21:56:00Z,1/15/2024 12:56 AM,WILL_FIX,,
2026-05-13 22:22:41,SEC RFP-C001446715,Saudi Energy,a1a9d061-df28-f111-88b4-7c1e5278f52e,2024-03-03T10:58:00Z,3/3/2024 1:58 PM,WILL_FIX,,
2026-05-13 22:22:41,SEC RFPC001417946,Saudi Energy,b1a9d061-df28-f111-88b4-7c1e5278f52e,2023-12-27T20:32:00Z,12/27/2023 11:32 PM,WILL_FIX,,
2026-05-13 22:22:41,SEC RFP-C001624773,Saudi Energy,b4a9d061-df28-f111-88b4-7c1e5278f52e,2025-05-15T04:52:00Z,5/15/2025 7:52 AM,WILL_FIX,,
2026-05-13 22:22:41,SEC RFP-C001641840,Saudi Energy,b9a9d061-df28-f111-88b4-7c1e5278f52e,2025-07-17T05:33:00Z,7/17/2025 8:33 AM,WILL_FIX,,
2026-05-13 22:22:41,SEC RFP-C001459800-6001459800,Saudi Energy,1a0ae167-df28-f111-88b4-7c1e5278f52e,2024-03-18T12:57:00Z,3/18/2024 3:57 PM,WILL_FIX,,
2026-05-13 22:22:41,SEC RFP-C001538945 - 6001538945,Saudi Energy,1d0ae167-df28-f111-88b4-7c1e5278f52e,2024-11-03T03:38:00Z,11/3/2024 6:38 AM,WILL_FIX,,
2026-05-13 22:22:41,SEC RFP-C001625275 - 6001625275,Saudi Energy,220ae167-df28-f111-88b4-7c1e5278f52e,2025-05-13T04:04:00Z,5/13/2025 7:04 AM,WILL_FIX,,
2026-05-13 22:22:41,SEC RFP-C001597774,Saudi Energy,310ae167-df28-f111-88b4-7c1e5278f52e,2025-02-25T04:08:00Z,2/25/2025 7:08 AM,WILL_FIX,,
2026-05-13 22:22:41,SEC RFP - C001434805,Saudi Energy,360ae167-df28-f111-88b4-7c1e5278f52e,2024-01-23T02:35:00Z,1/23/2024 5:35 AM,WILL_FIX,,
2026-05-13 22:22:41,SEC RFP-C001604558,Saudi Energy,3b0ae167-df28-f111-88b4-7c1e5278f52e,2025-03-17T05:18:00Z,3/17/2025 8:18 AM,WILL_FIX,,
2026-05-13 22:22:41,SEC RFP-C001641843,Saudi Energy,b5c8366e-df28-f111-88b4-7c1e5278f52e,2025-06-26T03:07:00Z,6/26/2025 6:07 AM,WILL_FIX,,
2026-05-13 22:22:41,SEC RFP-C00155130,Saudi Energy,fcf16a74-df28-f111-88b4-7c1e5278f52e,2024-12-05T03:48:00Z,12/5/2024 6:48 AM,WILL_FIX,,
2026-05-13 22:22:41,SEC RFP-C001556044 - 6001556044,Saudi Energy,0ef26a74-df28-f111-88b4-7c1e5278f52e,2024-12-14T21:39:00Z,12/15/2024 12:39 AM,WILL_FIX,,
2026-05-13 22:22:41,SEC RFP- C001519012,Saudi Energy,f9e1717a-df28-f111-88b4-7c1e5278f52e,2024-09-12T01:10:00Z,9/12/2024 4:10 AM,WILL_FIX,,
2026-05-13 22:22:41,SEC RFP-C001560398 - 6001560398,Saudi Energy,fbe1717a-df28-f111-88b4-7c1e5278f52e,2024-12-24T00:45:00Z,12/24/2024 3:45 AM,WILL_FIX,,
2026-05-13 22:22:41,SEC RFP-C001489687,Saudi Energy,fee1717a-df28-f111-88b4-7c1e5278f52e,2024-07-03T04:19:00Z,7/3/2024 7:19 AM,WILL_FIX,,
2026-05-13 22:22:41,SEC RFP-C001505674,Saudi Energy,f28b7b80-df28-f111-88b4-7c1e5278f52e,2024-08-15T04:07:00Z,8/15/2024 7:07 AM,WILL_FIX,,
2026-05-13 22:22:41,SEC RFP 6001561755,Saudi Energy,f48b7b80-df28-f111-88b4-7c1e5278f52e,2024-12-22T23:39:00Z,12/23/2024 2:39 AM,WILL_FIX,,
2026-05-13 22:22:41,SEC RFP-C001507876,Saudi Energy,f58b7b80-df28-f111-88b4-7c1e5278f52e,2024-08-17T01:38:00Z,8/17/2024 4:38 AM,WILL_FIX,,
2026-05-13 22:22:41,SEC RFP - C001475785,Saudi Energy,f68b7b80-df28-f111-88b4-7c1e5278f52e,2024-05-06T07:01:00Z,5/6/2024 10:01 AM,WILL_FIX,,
2026-05-13 22:22:41,SEC RFP C001516851,Saudi Energy,fb8b7b80-df28-f111-88b4-7c1e5278f52e,2024-09-10T03:29:00Z,9/10/2024 6:29 AM,WILL_FIX,,
2026-05-13 22:22:41,SEC RFP-C001746862,Saudi Energy,2a67d48d-df28-f111-88b4-7c1e5278f52e,2026-02-03T04:41:00Z,2/3/2026 7:41 AM,WILL_FIX,,
2026-05-13 22:22:41,SEC RFP-C001527809,Saudi Energy,2d67d48d-df28-f111-88b4-7c1e5278f52e,2024-10-09T22:04:00Z,10/10/2024 1:04 AM,WILL_FIX,,
2026-05-13 22:22:41,SEC RFPC001614554,Saudi Energy,2e67d48d-df28-f111-88b4-7c1e5278f52e,2025-04-15T11:54:00Z,4/15/2025 2:54 PM,WILL_FIX,,
2026-05-13 22:22:41,SEC RFP-C001525113,Saudi Energy,2f67d48d-df28-f111-88b4-7c1e5278f52e,2024-09-29T22:00:00Z,9/30/2024 1:00 AM,WILL_FIX,,
2026-05-13 22:22:41,SEC RFP- C001749166,Saudi Energy,3867d48d-df28-f111-88b4-7c1e5278f52e,2026-02-25T11:15:00Z,2/25/2026 2:15 PM,WILL_FIX,,
2026-05-13 22:22:41,SEC RFP- C001749172,Saudi Energy,4167d48d-df28-f111-88b4-7c1e5278f52e,2026-02-25T11:52:00Z,2/25/2026 2:52 PM,WILL_FIX,,
2026-05-13 22:22:41,SEC RFP-C001750419,Saudi Energy,a166d493-df28-f111-88b4-7c1e5278f52e,2026-02-26T13:34:00Z,2/26/2026 4:34 PM,WILL_FIX,,
2026-05-13 22:22:41,SEC RFPC001749820,Saudi Energy,a266d493-df28-f111-88b4-7c1e5278f52e,2026-02-26T11:50:00Z,2/26/2026 2:50 PM,WILL_FIX,,
2026-05-13 22:22:41,SEC RFP- C001752366 - 6001752366,Saudi Energy,a566d493-df28-f111-88b4-7c1e5278f52e,2026-03-03T09:58:00Z,3/3/2026 12:58 PM,WILL_FIX,,
2026-05-13 22:22:41,SEC RFP-C001752892 - 6001752892,Saudi Energy,a866d493-df28-f111-88b4-7c1e5278f52e,2026-03-04T11:16:00Z,3/4/2026 2:16 PM,WILL_FIX,,
2026-05-13 22:22:41,SEC RFP- C001752938,Saudi Energy,aa66d493-df28-f111-88b4-7c1e5278f52e,2026-03-04T17:42:00Z,3/4/2026 8:42 PM,WILL_FIX,,
2026-05-13 22:22:41,SEC RFP-c001754719,Saudi Energy,ba66d493-df28-f111-88b4-7c1e5278f52e,2026-03-10T03:36:00Z,3/10/2026 6:36 AM,WILL_FIX,,
2026-05-13 22:22:41,SEC RFP- C001754733,Saudi Energy,3110e799-df28-f111-88b4-7c1e5278f52e,2026-03-10T11:55:00Z,3/10/2026 2:55 PM,WILL_FIX,,
2026-05-13 22:22:41,SEC RFP - C001409429,Saudi Energy,3810e799-df28-f111-88b4-7c1e5278f52e,2024-01-23T02:38:00Z,1/23/2024 5:38 AM,WILL_FIX,,
2026-05-13 22:22:41,SEC RFP-C001669563,Saudi Energy,a55a1f8c-e028-f111-88b4-7c1e5278f52e,2025-09-10T01:54:00Z,9/10/2025 4:54 AM,WILL_FIX,,
2026-05-13 22:22:41,SEC RFP - C001672885,Saudi Energy,a85a1f8c-e028-f111-88b4-7c1e5278f52e,2025-09-06T22:51:00Z,9/7/2025 1:51 AM,WILL_FIX,,
2026-05-13 22:22:41,SEC RFP-6001614632,Saudi Energy,b24f3fc6-e028-f111-88b4-7c1e5278f52e,2025-04-10T02:11:00Z,4/10/2025 5:11 AM,WILL_FIX,,
2026-05-13 22:22:41,SEC RFP 6001580432,Saudi Energy,3af493df-e028-f111-88b4-7c1e5278f52e,2025-01-19T22:21:00Z,1/20/2025 1:21 AM,WILL_FIX,,
2026-05-13 22:22:41,SEC-RFQ - C001528269,Saudi Energy,80428ff2-e028-f111-88b4-7c1e5278f52e,2024-10-06T01:14:00Z,10/6/2024 4:14 AM,WILL_FIX,,
2026-05-13 22:22:41,SEC RFP C001547008,Saudi Energy,ef9db4fe-e028-f111-88b4-7c1e5278f52e,2024-11-26T03:58:00Z,11/26/2024 6:58 AM,WILL_FIX,,
2026-05-13 22:22:41,SEC RFQ - C001547003,Saudi Energy,f99db4fe-e028-f111-88b4-7c1e5278f52e,2024-11-20T02:38:00Z,11/20/2024 5:38 AM,WILL_FIX,,
2026-05-13 22:22:41,SEC RFQ - C001544935,Saudi Energy,051feb04-e128-f111-88b4-7c1e5278f52e,2024-11-17T04:11:00Z,11/17/2024 7:11 AM,WILL_FIX,,
2026-05-13 22:22:41,SEC RFP - C001478760,Saudi Energy,3a551517-e128-f111-88b4-7c1e5278f52e,2024-07-09T05:24:00Z,7/9/2024 8:24 AM,WILL_FIX,,
2026-05-13 22:22:41,SEC RFP-C001729969,Saudi Energy,ebb84d30-e128-f111-88b4-7c1e5278f52e,2026-02-03T21:52:00Z,2/4/2026 12:52 AM,WILL_FIX,,
2026-05-13 22:22:41,SEC RFP-C001739771,Saudi Energy,ecb84d30-e128-f111-88b4-7c1e5278f52e,2026-01-28T20:47:00Z,1/28/2026 11:47 PM,WILL_FIX,,
2026-05-13 22:22:41,SEC RFP-C001732177,Saudi Energy,f9b84d30-e128-f111-88b4-7c1e5278f52e,2026-01-18T01:49:00Z,1/18/2026 4:49 AM,WILL_FIX,,
2026-05-13 22:22:41,SEC RFP - C001725055,Saudi Energy,06b94d30-e128-f111-88b4-7c1e5278f52e,2026-01-14T23:26:00Z,1/15/2026 2:26 AM,WILL_FIX,,
2026-05-13 22:22:41,SEC RFP-C001720931,Saudi Energy,d1ba5b36-e128-f111-88b4-7c1e5278f52e,2025-12-22T22:51:00Z,12/23/2025 1:51 AM,WILL_FIX,,
2026-05-13 22:22:41,SEC RFPC001718238,Saudi Energy,d7ba5b36-e128-f111-88b4-7c1e5278f52e,2025-10-13T01:30:00Z,10/13/2025 4:30 AM,WILL_FIX,,
2026-05-13 22:22:41,RFQ - C001718221,Saudi Energy,deba5b36-e128-f111-88b4-7c1e5278f52e,2025-12-09T22:19:00Z,12/10/2025 1:19 AM,WILL_FIX,,
2026-05-13 22:22:41,SEC RFP-C001707367,Saudi Energy,dfba5b36-e128-f111-88b4-7c1e5278f52e,2025-12-14T21:33:00Z,12/15/2025 12:33 AM,WILL_FIX,,
2026-05-13 22:22:41,SEC RFP-C001710260,Saudi Energy,e3ba5b36-e128-f111-88b4-7c1e5278f52e,2025-12-07T02:31:00Z,12/7/2025 5:31 AM,WILL_FIX,,
2026-05-13 22:22:41,SEC RFPC001701138,Saudi Energy,e6ba5b36-e128-f111-88b4-7c1e5278f52e,2025-11-16T23:26:00Z,11/17/2025 2:26 AM,WILL_FIX,,
2026-05-13 22:22:41,RFQ - C001703754,Saudi Energy,a2d0cd3c-e128-f111-88b4-7c1e5278f52e,2025-11-04T20:22:00Z,11/4/2025 11:22 PM,WILL_FIX,,
2026-05-13 22:22:41,SEC RFP- C001699850 - 6001699850,Saudi Energy,a3d0cd3c-e128-f111-88b4-7c1e5278f52e,2025-11-07T12:46:00Z,11/7/2025 3:46 PM,WILL_FIX,,
2026-05-13 22:22:41,RFQ - C001700405,Saudi Energy,a8d0cd3c-e128-f111-88b4-7c1e5278f52e,2025-11-06T00:22:00Z,11/6/2025 3:22 AM,WILL_FIX,,
2026-05-13 22:22:41,SEC RFP - C001699355,Saudi Energy,aed0cd3c-e128-f111-88b4-7c1e5278f52e,2025-11-02T23:42:00Z,11/3/2025 2:42 AM,WILL_FIX,,
2026-05-13 22:22:41,SEC RFP-C001694726,Saudi Energy,89151543-e128-f111-88b4-7c1e5278f52e,2025-10-27T22:44:00Z,10/28/2025 1:44 AM,WILL_FIX,,
2026-05-13 22:22:41,SEC RFP - C001697262,Saudi Energy,9b151543-e128-f111-88b4-7c1e5278f52e,2025-10-23T04:21:00Z,10/23/2025 7:21 AM,WILL_FIX,,
2026-05-13 22:22:41,SEC RFP-C001690829 - 6001690829,Saudi Energy,a1151543-e128-f111-88b4-7c1e5278f52e,2025-10-27T00:11:00Z,10/27/2025 3:11 AM,WILL_FIX,,
2026-05-13 22:22:41,SEC RFP-C001690335 - 6001690335,Saudi Energy,b5151543-e128-f111-88b4-7c1e5278f52e,2025-10-19T21:34:00Z,10/20/2025 12:34 AM,WILL_FIX,,
2026-05-13 22:22:41,SEC RFP-C001690836,Saudi Energy,b7151543-e128-f111-88b4-7c1e5278f52e,2025-10-21T22:18:00Z,10/22/2025 1:18 AM,WILL_FIX,,
2026-05-13 22:22:41,SEC RFP-C001686708,Saudi Energy,582c2349-e128-f111-88b4-7c1e5278f52e,2025-10-05T22:58:00Z,10/6/2025 1:58 AM,WILL_FIX,,
2026-05-13 22:22:41,SEC RFP- C001681592,Saudi Energy,5a2c2349-e128-f111-88b4-7c1e5278f52e,2025-10-02T05:08:00Z,10/2/2025 8:08 AM,WILL_FIX,,
2026-05-13 22:22:41,SEC RFP-C001684465 - 6001684465,Saudi Energy,5c2c2349-e128-f111-88b4-7c1e5278f52e,2025-09-30T04:12:00Z,9/30/2025 7:12 AM,WILL_FIX,,
2026-05-13 22:22:41,SEC RFP-C001684463 - 6001684463,Saudi Energy,5e2c2349-e128-f111-88b4-7c1e5278f52e,2025-09-27T23:42:00Z,9/28/2025 2:42 AM,WILL_FIX,,
2026-05-13 22:22:41,SEC RFPC001685038,Saudi Energy,612c2349-e128-f111-88b4-7c1e5278f52e,2025-09-30T05:39:00Z,9/30/2025 8:39 AM,WILL_FIX,,
2026-05-13 22:22:41,SEC RFPC001685042,Saudi Energy,6f2c2349-e128-f111-88b4-7c1e5278f52e,2025-09-25T05:07:00Z,9/25/2025 8:07 AM,WILL_FIX,,
2026-05-13 22:22:41,SEC RFPC001685037,Saudi Energy,702c2349-e128-f111-88b4-7c1e5278f52e,2025-09-29T00:02:00Z,9/29/2025 3:02 AM,WILL_FIX,,
2026-05-13 22:22:41,SEC RFP C001678225,Saudi Energy,752c2349-e128-f111-88b4-7c1e5278f52e,2025-09-25T01:15:00Z,9/25/2025 4:15 AM,WILL_FIX,,
2026-05-13 22:22:41,SEC RFP- C001677295,Saudi Energy,8187254f-e128-f111-88b4-7c1e5278f52e,2025-09-14T01:41:00Z,9/14/2025 4:41 AM,WILL_FIX,,
2026-05-13 22:22:41,SEC RFP-C001744045,Saudi Energy,30182061-e128-f111-88b4-7c1e5278f52e,2026-02-14T11:22:00Z,2/14/2026 2:22 PM,WILL_FIX,,
2026-05-13 22:22:41,SEC RFP-C001669001,Saudi Energy,ca201967-e128-f111-88b4-7c1e5278f52e,2025-08-20T09:32:00Z,8/20/2025 12:32 PM,WILL_FIX,,
2026-05-13 22:22:41,SEC RFP-C001660884,Saudi Energy,cb201967-e128-f111-88b4-7c1e5278f52e,2025-08-20T00:58:00Z,8/20/2025 3:58 AM,WILL_FIX,,
2026-05-13 22:22:41,SEC RFP-C001663389,Saudi Energy,cd201967-e128-f111-88b4-7c1e5278f52e,2025-08-05T04:13:00Z,8/5/2025 7:13 AM,WILL_FIX,,
2026-05-13 22:22:41,SEC RFP-C001681039 - 6001681039,Saudi Energy,d0201967-e128-f111-88b4-7c1e5278f52e,2025-09-15T05:49:00Z,9/15/2025 8:49 AM,WILL_FIX,,
2026-05-13 22:22:41,SEC RFP-C001669626,Saudi Energy,d4201967-e128-f111-88b4-7c1e5278f52e,2025-08-18T00:55:00Z,8/18/2025 3:55 AM,WILL_FIX,,
2026-05-13 22:22:41,SEC RFP-C001672888 - 6001672888,Saudi Energy,e0201967-e128-f111-88b4-7c1e5278f52e,2025-09-07T21:25:00Z,9/8/2025 12:25 AM,WILL_FIX,,
2026-05-13 22:22:41,SEC RFP-C001674796,Saudi Energy,ef201967-e128-f111-88b4-7c1e5278f52e,2025-08-25T02:40:00Z,8/25/2025 5:40 AM,WILL_FIX,,
2026-05-13 22:22:41,SEC RFP- C001667493,Saudi Energy,f2201967-e128-f111-88b4-7c1e5278f52e,2025-08-28T03:21:00Z,8/28/2025 6:21 AM,WILL_FIX,,
2026-05-13 22:22:41,SEC RFP-C001676354,Saudi Energy,c23f1b6d-e128-f111-88b4-7c1e5278f52e,2025-09-07T23:08:00Z,9/8/2025 2:08 AM,WILL_FIX,,
2026-05-13 22:22:41,SEC RFP-C001671196,Saudi Energy,f73f1b6d-e128-f111-88b4-7c1e5278f52e,2025-08-23T23:55:00Z,8/24/2025 2:55 AM,WILL_FIX,,
2026-05-13 22:22:41,SEC RFP-6001676365,Saudi Energy,f93f1b6d-e128-f111-88b4-7c1e5278f52e,2025-09-04T04:16:00Z,9/4/2025 7:16 AM,WILL_FIX,,
2026-05-13 22:22:41,SEC RFP-C001663504,Saudi Energy,fd3f1b6d-e128-f111-88b4-7c1e5278f52e,2025-08-20T00:16:00Z,8/20/2025 3:16 AM,WILL_FIX,,
2026-05-13 22:22:41,SEC RFP-C001666475,Saudi Energy,02401b6d-e128-f111-88b4-7c1e5278f52e,2025-08-20T09:17:00Z,8/20/2025 12:17 PM,WILL_FIX,,
2026-05-13 22:22:41,SEC RFP-C001674832,Saudi Energy,0a401b6d-e128-f111-88b4-7c1e5278f52e,2025-09-03T01:17:00Z,9/3/2025 4:17 AM,WILL_FIX,,
2026-05-13 22:22:41,SEC RFP-C001485579 - 6001485579,Saudi Energy,16401b6d-e128-f111-88b4-7c1e5278f52e,2024-06-11T02:46:00Z,6/11/2024 5:46 AM,WILL_FIX,,
2026-05-13 22:22:41,SEC RFP-C001481260,Saudi Energy,00e51373-e128-f111-88b4-7c1e5278f52e,2024-05-06T04:45:00Z,5/6/2024 7:45 AM,WILL_FIX,,
2026-05-13 22:22:41,SEC RFP - C001640925,Saudi Energy,02e51373-e128-f111-88b4-7c1e5278f52e,2025-06-25T03:04:00Z,6/25/2025 6:04 AM,WILL_FIX,,
2026-05-13 22:22:41,SEC RFP-C001466367,Saudi Energy,03e51373-e128-f111-88b4-7c1e5278f52e,2024-04-22T04:23:00Z,4/22/2024 7:23 AM,WILL_FIX,,
2026-05-13 22:22:41,SEC RFP-C001632406 - 6001632406,Saudi Energy,05e51373-e128-f111-88b4-7c1e5278f52e,2025-05-19T22:35:00Z,5/20/2025 1:35 AM,WILL_FIX,,
2026-05-13 22:22:41,SEC RFP-C001564597,Saudi Energy,11e51373-e128-f111-88b4-7c1e5278f52e,2024-12-08T01:26:00Z,12/8/2024 4:26 AM,WILL_FIX,,
2026-05-13 22:22:41,SEC RFPC001442254,Saudi Energy,8a574a79-e128-f111-88b4-7c1e5278f52e,2024-02-12T00:45:00Z,2/12/2024 3:45 AM,WILL_FIX,,
2026-05-13 22:22:41,SEC RFP-C001587504,Saudi Energy,8f574a79-e128-f111-88b4-7c1e5278f52e,2025-02-09T21:57:00Z,2/10/2025 12:57 AM,WILL_FIX,,
2026-05-13 22:22:41,SEC RFP C001485690,Saudi Energy,97574a79-e128-f111-88b4-7c1e5278f52e,2024-06-10T00:15:00Z,6/10/2024 3:15 AM,WILL_FIX,,
2026-05-13 22:22:41,SEC RFP- C001639019,Saudi Energy,40b7477f-e128-f111-88b4-7c1e5278f52e,2025-07-05T22:31:00Z,7/6/2025 1:31 AM,WILL_FIX,,
2026-05-13 22:22:41,SEC RFP-C001437520,Saudi Energy,4fb7477f-e128-f111-88b4-7c1e5278f52e,2024-02-01T02:35:00Z,2/1/2024 5:35 AM,WILL_FIX,,
2026-05-13 22:22:41,SEC RFPC001599642,Saudi Energy,56b7477f-e128-f111-88b4-7c1e5278f52e,2025-03-06T01:33:00Z,3/6/2025 4:33 AM,WILL_FIX,,
2026-05-13 22:22:41,SEC RFP-C001641774,Saudi Energy,f2638c85-e128-f111-88b4-7c1e5278f52e,2025-06-28T23:57:00Z,6/29/2025 2:57 AM,WILL_FIX,,
2026-05-13 22:22:41,SEC RFP-C001635291,Saudi Energy,f4638c85-e128-f111-88b4-7c1e5278f52e,2025-06-15T01:19:00Z,6/15/2025 4:19 AM,WILL_FIX,,
2026-05-13 22:22:41,SEC RFP - C001577978,Saudi Energy,f6638c85-e128-f111-88b4-7c1e5278f52e,2025-02-09T21:01:00Z,2/10/2025 12:01 AM,WILL_FIX,,
2026-05-13 22:22:41,SEC RFPC001481265,Saudi Energy,f8638c85-e128-f111-88b4-7c1e5278f52e,2024-05-22T05:02:00Z,5/22/2024 8:02 AM,WILL_FIX,,
2026-05-13 22:22:41,SEC RFP-C001625825,Saudi Energy,fd638c85-e128-f111-88b4-7c1e5278f52e,2025-05-19T03:04:00Z,5/19/2025 6:04 AM,WILL_FIX,,
2026-05-13 22:22:41,SEC RFP - C001647963,Saudi Energy,01648c85-e128-f111-88b4-7c1e5278f52e,2025-07-09T01:12:00Z,7/9/2025 4:12 AM,WILL_FIX,,
2026-05-13 22:22:41,SEC RFP - C001660908,Saudi Energy,0d648c85-e128-f111-88b4-7c1e5278f52e,2025-08-10T22:51:00Z,8/11/2025 1:51 AM,WILL_FIX,,
2026-05-13 22:22:41,SEC RFP -C001442403,Saudi Energy,10648c85-e128-f111-88b4-7c1e5278f52e,2024-02-12T01:06:00Z,2/12/2024 4:06 AM,WILL_FIX,,
2026-05-13 22:22:41,SEC RFP-C001585640 - 6001585640,Saudi Energy,aae2848b-e128-f111-88b4-7c1e5278f52e,2025-02-04T05:27:00Z,2/4/2025 8:27 AM,WILL_FIX,,
2026-05-13 22:22:41,SEC RFP-C001631186 - 6001631186,Saudi Energy,abe2848b-e128-f111-88b4-7c1e5278f52e,2025-05-20T04:51:00Z,5/20/2025 7:51 AM,WILL_FIX,,
2026-05-13 22:22:41,SEC RFP - C001601580,Saudi Energy,d0e2848b-e128-f111-88b4-7c1e5278f52e,2025-03-03T11:08:00Z,3/3/2025 2:08 PM,WILL_FIX,,
2026-05-13 22:22:41,SEC RFP - C001456756,Saudi Energy,d4e2848b-e128-f111-88b4-7c1e5278f52e,2024-03-14T04:23:00Z,3/14/2024 7:23 AM,WILL_FIX,,
2026-05-13 22:22:41,SEC RFP-C001659156,Saudi Energy,dae2848b-e128-f111-88b4-7c1e5278f52e,2025-07-30T02:02:00Z,7/30/2025 5:02 AM,WILL_FIX,,
2026-05-13 22:22:41,SEC RFP- C001535676,Saudi Energy,e0e2848b-e128-f111-88b4-7c1e5278f52e,2024-10-31T01:26:00Z,10/31/2024 4:26 AM,WILL_FIX,,
2026-05-13 22:22:41,SEC RFP-C001625211,Saudi Energy,8bda8b91-e128-f111-88b4-7c1e5278f52e,2025-05-15T01:21:00Z,5/15/2025 4:21 AM,WILL_FIX,,
2026-05-13 22:22:41,SEC RFP-C001646725,Saudi Energy,95da8b91-e128-f111-88b4-7c1e5278f52e,2025-06-29T04:32:00Z,6/29/2025 7:32 AM,WILL_FIX,,
2026-05-13 22:22:41,SEC RFP - C001436663,Saudi Energy,9cda8b91-e128-f111-88b4-7c1e5278f52e,2024-02-07T01:38:00Z,2/7/2024 4:38 AM,WILL_FIX,,
2026-05-13 22:22:41,SEC RFP-C001598603,Saudi Energy,a0da8b91-e128-f111-88b4-7c1e5278f52e,2025-03-06T04:07:00Z,3/6/2025 7:07 AM,WILL_FIX,,
2026-05-13 22:22:41,SEC RFP-C001538947,Saudi Energy,a1da8b91-e128-f111-88b4-7c1e5278f52e,2024-11-02T22:40:00Z,11/3/2024 1:40 AM,WILL_FIX,,
2026-05-13 22:22:41,SEC RFP - C001571455,Saudi Energy,470b0598-e128-f111-88b4-7c1e5278f52e,2025-01-01T03:16:00Z,1/1/2025 6:16 AM,WILL_FIX,,
2026-05-13 22:22:41,SEC RFP-C001452278,Saudi Energy,530b0598-e128-f111-88b4-7c1e5278f52e,2024-02-20T01:14:00Z,2/20/2024 4:14 AM,WILL_FIX,,
2026-05-13 22:22:41,SEC RFP-C001610799,Saudi Energy,540b0598-e128-f111-88b4-7c1e5278f52e,2025-04-08T22:36:00Z,4/9/2025 1:36 AM,WILL_FIX,,
2026-05-13 22:22:41,SEC RFP-C001467311,Saudi Energy,590b0598-e128-f111-88b4-7c1e5278f52e,2024-04-17T05:13:00Z,4/17/2024 8:13 AM,WILL_FIX,,
2026-05-13 22:22:41,SEC RFP-6001596836,Saudi Energy,5b0b0598-e128-f111-88b4-7c1e5278f52e,2025-02-18T22:24:00Z,2/19/2025 1:24 AM,WILL_FIX,,
2026-05-13 22:22:41,SEC RFP-C001656747,Saudi Energy,5d0b0598-e128-f111-88b4-7c1e5278f52e,2025-07-28T05:32:00Z,7/28/2025 8:32 AM,WILL_FIX,,
2026-05-13 22:22:41,SEC RFP- C001607347,Saudi Energy,5e0b0598-e128-f111-88b4-7c1e5278f52e,2025-03-19T05:02:00Z,3/19/2025 8:02 AM,WILL_FIX,,
2026-05-13 22:22:41,SEC RFP-C001591095,Saudi Energy,5f0b0598-e128-f111-88b4-7c1e5278f52e,2025-02-18T22:10:00Z,2/19/2025 1:10 AM,WILL_FIX,,
2026-05-13 22:22:41,SEC RFP-C001438640,Saudi Energy,640b0598-e128-f111-88b4-7c1e5278f52e,2024-02-02T08:11:00Z,2/2/2024 11:11 AM,WILL_FIX,,
2026-05-13 22:22:41,SEC RFP-C001472711,Saudi Energy,6a0b0598-e128-f111-88b4-7c1e5278f52e,2024-05-30T01:53:00Z,5/30/2024 4:53 AM,WILL_FIX,,
2026-05-13 22:22:41,SEC RFP-C001482827,Saudi Energy,6b0b0598-e128-f111-88b4-7c1e5278f52e,2024-06-02T23:45:00Z,6/3/2024 2:45 AM,WILL_FIX,,
2026-05-13 22:22:41,SEC RFP-C001647941,Saudi Energy,1535879f-e128-f111-88b4-7c1e5278f52e,2025-07-16T23:09:00Z,7/17/2025 2:09 AM,WILL_FIX,,
2026-05-13 22:22:41,SEC RFP-C001582099 - 6001582099,Saudi Energy,1b35879f-e128-f111-88b4-7c1e5278f52e,2025-02-03T00:28:00Z,2/3/2025 3:28 AM,WILL_FIX,,
2026-05-13 22:22:41,SEC RFP-C001659050,Saudi Energy,1c35879f-e128-f111-88b4-7c1e5278f52e,2025-08-07T00:43:00Z,8/7/2025 3:43 AM,WILL_FIX,,
2026-05-13 22:22:41,SEC RFP-C001458262,Saudi Energy,1d35879f-e128-f111-88b4-7c1e5278f52e,2024-03-20T23:50:00Z,3/21/2024 2:50 AM,WILL_FIX,,
2026-05-13 22:22:41,SEC RFP-C001596933 - 6001596933,Saudi Energy,1e35879f-e128-f111-88b4-7c1e5278f52e,2025-02-24T04:25:00Z,2/24/2025 7:25 AM,WILL_FIX,,
2026-05-13 22:22:41,SEC RFP-C001510112 - 6001510112,Saudi Energy,2435879f-e128-f111-88b4-7c1e5278f52e,2024-08-21T23:44:00Z,8/22/2024 2:44 AM,WILL_FIX,,
2026-05-13 22:22:41,SEC RFP-C001544246,Saudi Energy,2535879f-e128-f111-88b4-7c1e5278f52e,2024-11-24T03:03:00Z,11/24/2024 6:03 AM,WILL_FIX,,
2026-05-13 22:22:41,SEC RFP-C001651352,Saudi Energy,2635879f-e128-f111-88b4-7c1e5278f52e,2025-07-13T01:37:00Z,7/13/2025 4:37 AM,WILL_FIX,,
2026-05-13 22:22:41,SEC RFP-C001446252,Saudi Energy,2735879f-e128-f111-88b4-7c1e5278f52e,2024-02-21T05:40:00Z,2/21/2024 8:40 AM,WILL_FIX,,
2026-05-13 22:22:41,SEC RFP-C001529563 - 6001529563,Saudi Energy,4738d8a5-e128-f111-88b4-7c1e5278f52e,2024-10-15T05:24:00Z,10/15/2024 8:24 AM,WILL_FIX,,
2026-05-13 22:22:41,SEC RFP - C001448224,Saudi Energy,4838d8a5-e128-f111-88b4-7c1e5278f52e,2024-02-28T02:33:00Z,2/28/2024 5:33 AM,WILL_FIX,,
2026-05-13 22:22:41,SEC RFP-C001442398,Saudi Energy,4938d8a5-e128-f111-88b4-7c1e5278f52e,2024-02-12T02:20:00Z,2/12/2024 5:20 AM,WILL_FIX,,
2026-05-13 22:22:41,SEC RFP-6001621290,Saudi Energy,4a38d8a5-e128-f111-88b4-7c1e5278f52e,2025-04-22T02:37:00Z,4/22/2025 5:37 AM,WILL_FIX,,
2026-05-13 22:22:41,SEC RFP C001531439,Saudi Energy,4b38d8a5-e128-f111-88b4-7c1e5278f52e,2024-10-14T04:16:00Z,10/14/2024 7:16 AM,WILL_FIX,,
2026-05-13 22:22:41,SEC RFP-C001548705,Saudi Energy,6138d8a5-e128-f111-88b4-7c1e5278f52e,2024-12-10T23:00:00Z,12/11/2024 2:00 AM,WILL_FIX,,
2026-05-13 22:22:41,SEC RFP-C001653303,Saudi Energy,ffebf6ab-e128-f111-88b4-7c1e5278f52e,2025-07-28T02:22:00Z,7/28/2025 5:22 AM,WILL_FIX,,
2026-05-13 22:22:41,SEC RFP- C001634264,Saudi Energy,1eecf6ab-e128-f111-88b4-7c1e5278f52e,2025-05-25T04:08:00Z,5/25/2025 7:08 AM,WILL_FIX,,
2026-05-13 22:22:41,SEC RFP - C001593154,Saudi Energy,fecb10b2-e128-f111-88b4-7c1e5278f52e,2025-02-06T02:37:00Z,2/6/2025 5:37 AM,WILL_FIX,,
2026-05-13 22:22:41,SEC RFP-C001628893,Saudi Energy,ffcb10b2-e128-f111-88b4-7c1e5278f52e,2025-05-25T04:35:00Z,5/25/2025 7:35 AM,WILL_FIX,,
2026-05-13 22:22:41,SEC RFP-C001446454,Saudi Energy,01cc10b2-e128-f111-88b4-7c1e5278f52e,2024-02-29T04:18:00Z,2/29/2024 7:18 AM,WILL_FIX,,
2026-05-13 22:22:41,SEC RFPC001556883,Saudi Energy,05cc10b2-e128-f111-88b4-7c1e5278f52e,2025-01-02T02:03:00Z,1/2/2025 5:03 AM,WILL_FIX,,
2026-05-13 22:22:41,SEC RFP - C001638366,Saudi Energy,1bcc10b2-e128-f111-88b4-7c1e5278f52e,2025-06-23T00:51:00Z,6/23/2025 3:51 AM,WILL_FIX,,
2026-05-13 22:22:41,SEC RFP-C001483000,Saudi Energy,3bcc10b2-e128-f111-88b4-7c1e5278f52e,2024-06-05T22:53:00Z,6/6/2024 1:53 AM,WILL_FIX,,
2026-05-13 22:22:41,SEC RFP-C001651463,Saudi Energy,5bcc10b2-e128-f111-88b4-7c1e5278f52e,2025-07-13T00:22:00Z,7/13/2025 3:22 AM,WILL_FIX,,
2026-05-13 22:22:41,SEC RFP C001617310,Saudi Energy,254091be-e128-f111-88b4-7c1e5278f52e,2025-05-01T00:08:00Z,5/1/2025 3:08 AM,WILL_FIX,,
2026-05-13 22:22:41,SEC RFP-C001662073,Saudi Energy,2e4091be-e128-f111-88b4-7c1e5278f52e,2025-07-28T23:57:00Z,7/29/2025 2:57 AM,WILL_FIX,,
2026-05-13 22:22:41,SEC RFP-C001634307,Saudi Energy,2f4091be-e128-f111-88b4-7c1e5278f52e,2025-05-25T23:52:00Z,5/26/2025 2:52 AM,WILL_FIX,,
2026-05-13 22:22:41,SEC RFPC001511409,Saudi Energy,324091be-e128-f111-88b4-7c1e5278f52e,2024-08-29T00:41:00Z,8/29/2024 3:41 AM,WILL_FIX,,
2026-05-13 22:22:41,SEC RFP-C001650126,Saudi Energy,a7b4edc4-e128-f111-88b4-7c1e5278f52e,2025-07-13T04:59:00Z,7/13/2025 7:59 AM,WILL_FIX,,
2026-05-13 22:22:41,SEC RFP-C001488771,Saudi Energy,adb4edc4-e128-f111-88b4-7c1e5278f52e,2024-06-30T04:19:00Z,6/30/2024 7:19 AM,WILL_FIX,,
2026-05-13 22:22:41,SEC RFP C001507603,Saudi Energy,b1b4edc4-e128-f111-88b4-7c1e5278f52e,2024-08-15T04:39:00Z,8/15/2024 7:39 AM,WILL_FIX,,
2026-05-13 22:22:41,SEC RFP-C001519337 - 6001519337,Saudi Energy,bab4edc4-e128-f111-88b4-7c1e5278f52e,2024-09-11T22:05:00Z,9/12/2024 1:05 AM,WILL_FIX,,
2026-05-13 22:22:41,SEC RFP C001521911,Saudi Energy,ffac02cb-e128-f111-88b4-7c1e5278f52e,2024-09-17T22:35:00Z,9/18/2024 1:35 AM,WILL_FIX,,
2026-05-13 22:22:41,SEC RFPC001525433,Saudi Energy,03ad02cb-e128-f111-88b4-7c1e5278f52e,2024-10-08T02:58:00Z,10/8/2024 5:58 AM,WILL_FIX,,
2026-05-13 22:22:41,SEC RFP-C001549642,Saudi Energy,06ad02cb-e128-f111-88b4-7c1e5278f52e,2024-12-26T04:03:00Z,12/26/2024 7:03 AM,WILL_FIX,,
2026-05-13 22:22:41,SEC RFP- C001501548 - 6001501548,Saudi Energy,0cad02cb-e128-f111-88b4-7c1e5278f52e,2024-07-31T01:48:00Z,7/31/2024 4:48 AM,WILL_FIX,,
2026-05-13 22:22:41,SEC RFP-C001503952 - 6001503952,Saudi Energy,0dad02cb-e128-f111-88b4-7c1e5278f52e,2024-08-06T04:06:00Z,8/6/2024 7:06 AM,WILL_FIX,,
2026-05-13 22:22:41,SEC RFP C001519976,Saudi Energy,a6e485d1-e128-f111-88b4-7c1e5278f52e,2024-09-11T22:07:00Z,9/12/2024 1:07 AM,WILL_FIX,,
2026-05-13 22:22:41,SEC RFP-C001552303,Saudi Energy,a7e485d1-e128-f111-88b4-7c1e5278f52e,2024-10-28T01:11:00Z,10/28/2024 4:11 AM,WILL_FIX,,
2026-05-13 22:22:41,SEC RFP-C001469705,Saudi Energy,aae485d1-e128-f111-88b4-7c1e5278f52e,2024-04-30T05:07:00Z,4/30/2024 8:07 AM,WILL_FIX,,
2026-05-13 22:22:41,SEC RFP C001494635,Saudi Energy,aee485d1-e128-f111-88b4-7c1e5278f52e,2024-07-13T02:21:00Z,7/13/2024 5:21 AM,WILL_FIX,,
2026-05-13 22:22:41,SEC RFP-C001472362 - 6001472362,Saudi Energy,afe485d1-e128-f111-88b4-7c1e5278f52e,2024-05-08T00:48:00Z,5/8/2024 3:48 AM,WILL_FIX,,
2026-05-13 22:22:41,SEC RFP-C001550922 - 6001550922,Saudi Energy,b1e485d1-e128-f111-88b4-7c1e5278f52e,2024-12-08T00:10:00Z,12/8/2024 3:10 AM,WILL_FIX,,
2026-05-13 22:22:41,SEC RFP-C001496196,Saudi Energy,b7e485d1-e128-f111-88b4-7c1e5278f52e,2024-07-17T04:08:00Z,7/17/2024 7:08 AM,WILL_FIX,,
2026-05-13 22:22:41,SEC RFP-C001471384,Saudi Energy,ca5adad8-e128-f111-88b4-7c1e5278f52e,2024-05-08T05:12:00Z,5/8/2024 8:12 AM,WILL_FIX,,
2026-05-13 22:22:41,SEC RFP-6001757329,Saudi Energy,cd5adad8-e128-f111-88b4-7c1e5278f52e,2026-03-18T00:31:00Z,3/18/2026 3:31 AM,WILL_FIX,,
2026-05-13 22:22:41,SEC RFP-C001759972,Saudi Energy,a3e385b7-2933-f111-88b4-7c1e5278f52e,2026-04-02T14:08:00Z,4/2/2026 5:08 PM,WILL_FIX,,
2026-05-13 22:22:41,SEC RFP-C001759515,Saudi Energy,a4e385b7-2933-f111-88b4-7c1e5278f52e,2026-04-05T08:21:00Z,4/5/2026 11:21 AM,WILL_FIX,,
2026-05-13 22:22:41,SEC RFP - C001759725,Saudi Energy,a6e385b7-2933-f111-88b4-7c1e5278f52e,2026-04-01T14:44:00Z,4/1/2026 5:44 PM,WILL_FIX,,
2026-05-13 22:22:41,SEC RFP - C001759493,Saudi Energy,a8e385b7-2933-f111-88b4-7c1e5278f52e,2026-04-01T09:00:00Z,4/1/2026 12:00 PM,WILL_FIX,,
2026-05-13 22:22:41,SEC RFP-C001760301 - 6001760301,Saudi Energy,a9e385b7-2933-f111-88b4-7c1e5278f52e,2026-04-05T09:26:00Z,4/5/2026 12:26 PM,WILL_FIX,,
2026-05-13 22:22:41,SEC RFP-C001761460,Saudi Energy,aae385b7-2933-f111-88b4-7c1e5278f52e,2026-04-08T08:55:00Z,4/8/2026 11:55 AM,WILL_FIX,,
2026-05-13 22:22:41,SEC RFP C001759992,Saudi Energy,abe385b7-2933-f111-88b4-7c1e5278f52e,2026-04-08T08:24:00Z,4/8/2026 11:24 AM,WILL_FIX,,
2026-05-13 22:22:41,SEC RFP- C001759484,Saudi Energy,649f14be-2933-f111-88b4-7c1e5278f52e,2026-03-31T10:10:00Z,3/31/2026 1:10 PM,WILL_FIX,,
2026-05-13 22:22:41,SEC RFP - C001759716,Saudi Energy,9a9f14be-2933-f111-88b4-7c1e5278f52e,2026-04-01T14:26:00Z,4/1/2026 5:26 PM,WILL_FIX,,
2026-05-13 22:22:41,SEC RFP - C001761408,Saudi Energy,9b9f14be-2933-f111-88b4-7c1e5278f52e,2026-04-07T10:07:00Z,4/7/2026 1:07 PM,WILL_FIX,,
2026-05-13 22:22:41,SEC RFP-C001762015 - 6001762015,Saudi Energy,592655c4-2933-f111-88b4-7c1e5278f52e,2026-04-08T09:21:00Z,4/8/2026 12:21 PM,WILL_FIX,,
2026-05-13 22:22:41,SEC RFP-C001761505,Saudi Energy,5b2655c4-2933-f111-88b4-7c1e5278f52e,2026-04-08T08:47:00Z,4/8/2026 11:47 AM,WILL_FIX,,
2026-05-13 22:22:41,SEC RFP-C001761456,Saudi Energy,622655c4-2933-f111-88b4-7c1e5278f52e,2026-04-08T08:40:00Z,4/8/2026 11:40 AM,WILL_FIX,,
2026-05-13 22:22:41,SEC RFPC001761438,Saudi Energy,a7b23b59-4733-f111-88b4-7c1e5278f52e,4/8/2026 2:22 PM,4/8/2026 2:22 PM,OK,,already canonical
2026-05-13 22:22:41,SEC RFP-C001762052,Saudi Energy,9fc4ca0b-f233-f111-88b4-7c1e5278f52e,4/9/2026 11:24 AM,4/9/2026 11:24 AM,OK,,already canonical
2026-05-13 22:22:41,SEC RFP-C001762727,Saudi Energy,7233e9d0-f233-f111-88b4-7c1e5278f52e,4/9/2026 2:07 PM,4/9/2026 2:07 PM,OK,,already canonical
2026-05-13 22:22:41,SEC RFP- C001763319,Saudi Energy,95980dc3-873c-f111-88b4-7c1e5278f52e,2026-04-12T13:36:00Z,4/12/2026 4:36 PM,WILL_FIX,,
2026-05-13 22:22:41,SEC RFP-C001763878,Saudi Energy,a5980dc3-873c-f111-88b4-7c1e5278f52e,2026-04-19T09:19:00Z,4/19/2026 12:19 PM,WILL_FIX,,
2026-05-13 22:22:41,SEC RFP-C001763300,Saudi Energy,ad980dc3-873c-f111-88b4-7c1e5278f52e,2026-04-19T11:03:00Z,4/19/2026 2:03 PM,WILL_FIX,,
2026-05-13 22:22:41,SEC RFP-C001760899,Saudi Energy,a9f056c9-873c-f111-88b4-7c1e5278f52e,2026-04-14T11:11:00Z,4/14/2026 2:11 PM,WILL_FIX,,
2026-05-13 22:22:41,SEC RFP - C001764426,Saudi Energy,aaf056c9-873c-f111-88b4-7c1e5278f52e,2026-04-15T10:16:00Z,4/15/2026 1:16 PM,WILL_FIX,,
2026-05-13 22:22:41,SEC RFP- C001764208,Saudi Energy,acf056c9-873c-f111-88b4-7c1e5278f52e,2026-04-15T11:15:00Z,4/15/2026 2:15 PM,WILL_FIX,,
2026-05-13 22:22:41,SEC RFP-C001765403,Saudi Energy,aef056c9-873c-f111-88b4-7c1e5278f52e,2026-04-16T10:29:00Z,4/16/2026 1:29 PM,WILL_FIX,,
2026-05-13 22:22:41,SEC RFP-C001765419,Saudi Energy,ca9256cf-873c-f111-88b4-7c1e5278f52e,2026-04-19T10:20:00Z,4/19/2026 1:20 PM,WILL_FIX,,
2026-05-13 22:22:41,SEC RFPC001766630,Saudi Energy,d0718c59-af3c-f111-88b4-7c1e5278f52e,4/20/2026 10:55 AM,4/20/2026 10:55 AM,OK,,already canonical
2026-05-13 22:22:41,SEC RFP-C001767636,Saudi Energy,a0676935-553d-f111-88b4-7c1e5278f52e,4/21/2026 9:36 AM,4/21/2026 9:36 AM,OK,,already canonical
2026-05-13 22:22:41,SEC RFP-C001767669,Saudi Energy,f63ca688-1e3e-f111-88b4-7c1e5278f52e,4/22/2026 10:02 AM,4/22/2026 10:02 AM,OK,,already canonical
2026-05-13 22:22:41,SEC RFP-C001767667,Saudi Energy,9f0ff1e3-1e3e-f111-88b4-7c1e5278f52e,4/22/2026 10:26 AM,4/22/2026 10:26 AM,OK,,already canonical
2026-05-13 22:22:41,SEC RFP-C001768996,Saudi Energy,b689a220-6d3e-f111-88b4-7c1e5278f52e,4/22/2026 2:12 PM,4/22/2026 2:12 PM,OK,,already canonical
2026-05-13 22:22:41,SEC RFP- C001764478,Saudi Energy,91f0a432-be3f-f111-88b4-7c1e5278f52e,4/23/2026 4:01 PM,4/23/2026 4:01 PM,OK,,already canonical
2026-05-13 22:22:41,SEC RFP - C001769615,Saudi Energy,1698e84d-bf3f-f111-88b4-7c1e5278f52e,4/23/2026 11:48 AM,4/23/2026 11:48 AM,OK,,already canonical
2026-05-13 22:22:41,SEC RFP-C001769777,Saudi Energy,6a971efb-3f42-f111-bec6-7c1e5278f52e,4/25/2026 11:29 AM,4/25/2026 11:29 AM,OK,,already canonical
2026-05-13 22:22:41,SEC RFP - C001772063,Saudi Energy,b25f5ca3-f242-f111-bec6-7c1e5278f52e,4/28/2026 1:09 PM,4/28/2026 1:09 PM,OK,,already canonical
2026-05-13 22:22:41,SEC RFP-C001772060,Saudi Energy,429a04f4-f242-f111-bec6-7c1e5278f52e,4/28/2026 11:40 AM,4/28/2026 11:40 AM,OK,,already canonical
2026-05-13 22:22:41,SEC RFP - C001769716,Saudi Energy,564f8f2c-8444-f111-bec6-7c1e5278f52e,4/30/2026 1:12 PM,4/30/2026 1:12 PM,OK,,already canonical
2026-05-13 22:22:41,SEC RFP - C001773490,Saudi Energy,1f16ffdd-8444-f111-bec6-7c1e5278f52e,4/30/2026 10:21 AM,4/30/2026 10:21 AM,OK,,already canonical
2026-05-13 22:22:41,SEC RFP- C001772532,Saudi Energy,584eb4c0-df46-f111-bec7-7c1e5278f52e,5/3/2026 11:59 AM,5/3/2026 11:59 AM,OK,,already canonical
2026-05-13 22:22:41,SEC RFP-C001774194,Saudi Energy,9e7d121e-e046-f111-bec7-7c1e5278f52e,5/3/2026 12:33 PM,5/3/2026 12:33 PM,OK,,already canonical
2026-05-13 22:22:41,SEC RFP-C001774233,Saudi Energy,ebefea77-e046-f111-bec7-7c1e5278f52e,5/3/2026 11:56 AM,5/3/2026 11:56 AM,OK,,already canonical
2026-05-13 22:22:41,SEC RFP - C001774259,Saudi Energy,47365ffc-1147-f111-bec7-7c1e5278f52e,5/3/2026 2:27 PM,5/3/2026 2:27 PM,OK,,already canonical
2026-05-13 22:22:41,SEC RFP- C001774227,Saudi Energy,9be0b6a4-1247-f111-bec7-7c1e5278f52e,5/3/2026 2:18 PM,5/3/2026 2:18 PM,OK,,already canonical
2026-05-13 22:22:41,SEC RFP-C001775077,Saudi Energy,cf4bb02f-3b49-f111-bec7-7c1e5278f52e,5/6/2026 11:06 AM,5/6/2026 11:06 AM,OK,,already canonical
2026-05-13 22:22:41,SEC RFP - C001776242,Saudi Energy,2b333381-3b49-f111-bec7-7c1e5278f52e,5/6/2026 11:07 AM,5/6/2026 11:07 AM,OK,,already canonical
2026-05-13 22:22:41,SEC RFP-C001774198,Saudi Energy,de94525b-044a-f111-bec7-7c1e5278f52e,5/7/2026 11:01 AM,5/7/2026 11:01 AM,OK,,already canonical
2026-05-13 22:22:41,SEC RFP-C001776773 - 6001776773,Saudi Energy,31c45eae-364a-f111-bec7-7c1e5278f52e,5/7/2026 3:07 PM,5/7/2026 3:07 PM,OK,,already canonical
2026-05-13 22:22:41,SEC RFP-C001776771 - 6001776771,Saudi Energy,a8f20600-374a-f111-bec7-7c1e5278f52e,5/7/2026 3:01 PM,5/7/2026 3:01 PM,OK,,already canonical
2026-05-13 22:22:41,SEC RFP- C001777708,Saudi Energy,e2f3e3df-5f4c-f111-bec7-7c1e5278f52e,5/10/2026 10:48 AM,5/10/2026 10:48 AM,OK,,already canonical
2026-05-13 22:22:41,SEC RFP - C001780083,Saudi Energy,4f203ab4-bb4e-f111-bec7-7c1e5278f52e,5/13/2026 12:26 PM,5/13/2026 12:26 PM,OK,,already canonical
