timestamp,rfp_id,record_id,old_value,new_value,result
2026-05-13 22:29:23,SEC RFP-C001754751,e71ee758-dd28-f111-88b4-6045bd13d56f,2026-03-10T13:39:00Z,3/10/2026 4:39 PM,OK
2026-05-13 22:29:24,SEC RFP- C001733670,211fe758-dd28-f111-88b4-6045bd13d56f,2026-01-27T02:25:00Z,1/27/2026 5:25 AM,OK
2026-05-13 22:29:25,RFQ - C001738232,621fe758-dd28-f111-88b4-6045bd13d56f,2026-01-31T23:39:00Z,2/1/2026 2:39 AM,OK
2026-05-13 22:29:27,SEC RFP-C00143716,7d1fe758-dd28-f111-88b4-6045bd13d56f,2019-05-06T14:45:00Z,5/6/2019 5:45 PM,OK
2026-05-13 22:29:28,SEC RFP - C001404601,cf46e95e-dd28-f111-88b4-6045bd13d56f,2023-11-13T05:16:00Z,11/13/2023 8:16 AM,OK
2026-05-13 22:29:29,SEC RFP-C001681009,0a194e01-de28-f111-88b4-6045bd13d56f,2025-09-25T02:30:00Z,9/25/2025 5:30 AM,OK
2026-05-13 22:29:30,SEC RFP-C001552679,ea681039-de28-f111-88b4-6045bd13d56f,2024-12-19T09:05:00Z,12/19/2024 12:05 PM,OK
2026-05-13 22:29:32,C001456304-6001456304,a9830b65-de28-f111-88b4-6045bd13d56f,2024-03-12T07:32:00Z,3/12/2024 10:32 AM,OK
2026-05-13 22:29:33,C001452534,ab830b65-de28-f111-88b4-6045bd13d56f,2024-03-03T00:41:00Z,3/3/2024 3:41 AM,OK
2026-05-13 22:29:34,SEC RFPC001740962,c6eee983-de28-f111-88b4-6045bd13d56f,2026-02-04T22:05:00Z,2/5/2026 1:05 AM,OK
2026-05-13 22:29:35,SEC RFP- C001733709,c7eee983-de28-f111-88b4-6045bd13d56f,2026-02-02T21:35:00Z,2/3/2026 12:35 AM,OK
2026-05-13 22:29:36,SEC RFP-C001735132,39f6fe89-de28-f111-88b4-6045bd13d56f,2026-01-28T00:07:00Z,1/28/2026 3:07 AM,OK
2026-05-13 22:29:37,SEC RFP-C001735069,3cf6fe89-de28-f111-88b4-6045bd13d56f,2026-01-28T22:57:00Z,1/29/2026 1:57 AM,OK
2026-05-13 22:29:39,SEC RFP-C001726485,3df6fe89-de28-f111-88b4-6045bd13d56f,2026-01-29T01:36:00Z,1/29/2026 4:36 AM,OK
2026-05-13 22:29:40,SEC RFP-C001720361,40f6fe89-de28-f111-88b4-6045bd13d56f,2026-01-14T23:47:00Z,1/15/2026 2:47 AM,OK
2026-05-13 22:29:42,SEC RFP - C001725054,43f6fe89-de28-f111-88b4-6045bd13d56f,2026-01-13T23:57:00Z,1/14/2026 2:57 AM,OK
2026-05-13 22:29:43,SEC RFP - C001725057,4cf6fe89-de28-f111-88b4-6045bd13d56f,2026-01-12T20:32:00Z,1/12/2026 11:32 PM,OK
2026-05-13 22:29:44,SEC RFP - C001722826,4ef6fe89-de28-f111-88b4-6045bd13d56f,2025-12-29T23:27:00Z,12/30/2025 2:27 AM,OK
2026-05-13 22:29:45,SEC RFP-C001715604 - 6001715604,4ff6fe89-de28-f111-88b4-6045bd13d56f,2025-12-22T23:54:00Z,12/23/2025 2:54 AM,OK
2026-05-13 22:29:46,SEC RFP-C001715122,b99b2990-de28-f111-88b4-6045bd13d56f,2025-12-01T21:35:00Z,12/2/2025 12:35 AM,OK
2026-05-13 22:29:47,SEC RFP - C001707368,bb9b2990-de28-f111-88b4-6045bd13d56f,2025-12-09T15:59:00Z,12/9/2025 6:59 PM,OK
2026-05-13 22:29:48,SEC RFP-C001711543,bc9b2990-de28-f111-88b4-6045bd13d56f,2025-12-07T21:35:00Z,12/8/2025 12:35 AM,OK
2026-05-13 22:29:50,SEC RFP - C001712845,bd9b2990-de28-f111-88b4-6045bd13d56f,2025-11-29T21:49:00Z,11/30/2025 12:49 AM,OK
2026-05-13 22:29:51,SEC RFP- C001705343,be9b2990-de28-f111-88b4-6045bd13d56f,2025-11-29T22:03:00Z,11/30/2025 1:03 AM,OK
2026-05-13 22:31:04,SEC RFP-C001714828,bf9b2990-de28-f111-88b4-6045bd13d56f,2025-12-08T22:14:00Z,12/9/2025 1:14 AM,OK
2026-05-13 22:31:06,SEC RFP-C001712510,c19b2990-de28-f111-88b4-6045bd13d56f,2025-12-04T02:54:00Z,12/4/2025 5:54 AM,OK
2026-05-13 22:31:07,SEC RFP-C001707774,c39b2990-de28-f111-88b4-6045bd13d56f,2025-12-04T00:08:00Z,12/4/2025 3:08 AM,OK
2026-05-13 22:31:08,SEC RFP-C001707299,238cde96-de28-f111-88b4-6045bd13d56f,2025-11-19T02:23:00Z,11/19/2025 5:23 AM,OK
2026-05-13 22:31:10,SEC RFP-C001700395,508cde96-de28-f111-88b4-6045bd13d56f,2025-11-17T21:17:00Z,11/18/2025 12:17 AM,OK
2026-05-13 22:31:11,SEC RFP-C001699846,548cde96-de28-f111-88b4-6045bd13d56f,2025-11-06T02:59:00Z,11/6/2025 5:59 AM,OK
2026-05-13 22:31:13,SEC RFP- C001699870,558cde96-de28-f111-88b4-6045bd13d56f,2025-11-03T23:52:00Z,11/4/2025 2:52 AM,OK
2026-05-13 22:31:14,SEC RFP C001689105,5d8cde96-de28-f111-88b4-6045bd13d56f,2025-11-02T02:29:00Z,11/2/2025 5:29 AM,OK
2026-05-13 22:31:15,SEC RFP-C001699358,b143de9c-de28-f111-88b4-6045bd13d56f,2025-10-29T05:02:00Z,10/29/2025 8:02 AM,OK
2026-05-13 22:31:16,SEC RFP-C001696271,b643de9c-de28-f111-88b4-6045bd13d56f,2025-10-04T06:12:00Z,10/4/2025 9:12 AM,OK
2026-05-13 22:31:18,SEC RFP-C001696228,bb43de9c-de28-f111-88b4-6045bd13d56f,2025-10-29T00:20:00Z,10/29/2025 3:20 AM,OK
2026-05-13 22:31:19,SEC RFP- C001691810 - 6001691810,c243de9c-de28-f111-88b4-6045bd13d56f,2025-10-13T22:58:00Z,10/14/2025 1:58 AM,OK
2026-05-13 22:31:21,SEC RFP-C001689843,cc43de9c-de28-f111-88b4-6045bd13d56f,2025-10-25T23:22:00Z,10/26/2025 2:22 AM,OK
2026-05-13 22:31:22,SEC RFP-C001691163,d243de9c-de28-f111-88b4-6045bd13d56f,2025-10-21T04:27:00Z,10/21/2025 7:27 AM,OK
2026-05-13 22:31:23,SEC RFP-C001692298,da43de9c-de28-f111-88b4-6045bd13d56f,2025-10-14T23:41:00Z,10/15/2025 2:41 AM,OK
2026-05-13 22:31:24,SEC RFPC001690810,e343de9c-de28-f111-88b4-6045bd13d56f,2025-10-14T04:29:00Z,10/14/2025 7:29 AM,OK
2026-05-13 22:31:26,SEC RFP C001688172,fc43de9c-de28-f111-88b4-6045bd13d56f,2025-09-24T04:52:00Z,9/24/2025 7:52 AM,OK
2026-05-13 22:31:27,SEC RFP-C001685034,4b13eca2-de28-f111-88b4-6045bd13d56f,2025-10-06T04:33:00Z,10/6/2025 7:33 AM,OK
2026-05-13 22:31:28,SEC RFP - C001685439,4e13eca2-de28-f111-88b4-6045bd13d56f,2025-09-29T00:12:00Z,9/29/2025 3:12 AM,OK
2026-05-13 22:31:30,SEC RFP-C001683105,5113eca2-de28-f111-88b4-6045bd13d56f,2025-09-28T23:09:00Z,9/29/2025 2:09 AM,OK
2026-05-13 22:31:31,SEC RFP-C001681613 - 6001681613,5913eca2-de28-f111-88b4-6045bd13d56f,2025-09-24T23:16:00Z,9/25/2025 2:16 AM,OK
2026-05-13 22:31:32,SEC RFP-C001680971,6213eca2-de28-f111-88b4-6045bd13d56f,2025-09-21T04:12:00Z,9/21/2025 7:12 AM,OK
2026-05-13 22:31:33,SEC RFP-C001681003,6813eca2-de28-f111-88b4-6045bd13d56f,2025-09-22T03:52:00Z,9/22/2025 6:52 AM,OK
2026-05-13 22:31:34,SEC RFP-C001679872,7613eca2-de28-f111-88b4-6045bd13d56f,2025-09-16T21:49:00Z,9/17/2025 12:49 AM,OK
2026-05-13 22:31:35,SEC RFP-C001744022 - 6001744022,54c1e4a8-de28-f111-88b4-6045bd13d56f,2026-02-19T01:47:00Z,2/19/2026 4:47 AM,OK
2026-05-13 22:31:36,SEC RFP C001738905,49091ab6-de28-f111-88b4-6045bd13d56f,2026-02-16T01:59:00Z,2/16/2026 4:59 AM,OK
2026-05-13 22:31:37,SEC RFP-C001744675,4d091ab6-de28-f111-88b4-6045bd13d56f,2026-02-16T21:25:00Z,2/17/2026 12:25 AM,OK
2026-05-13 22:31:39,SEC RFP-C001669607 - 6001669607,4e091ab6-de28-f111-88b4-6045bd13d56f,2025-08-25T00:02:00Z,8/25/2025 3:02 AM,OK
2026-05-13 22:31:40,SEC RFP-C001664769,50091ab6-de28-f111-88b4-6045bd13d56f,2025-08-19T01:26:00Z,8/19/2025 4:26 AM,OK
2026-05-13 22:31:41,SEC RFP-C001665985,39612ebd-de28-f111-88b4-6045bd13d56f,2025-08-21T03:45:00Z,8/21/2025 6:45 AM,OK
2026-05-13 22:31:42,SEC RFP-C001693420,3a612ebd-de28-f111-88b4-6045bd13d56f,2025-10-21T04:34:00Z,10/21/2025 7:34 AM,OK
2026-05-13 22:31:43,SEC RFP- C001664725 - 6001664725,3e612ebd-de28-f111-88b4-6045bd13d56f,2025-08-14T03:50:00Z,8/14/2025 6:50 AM,OK
2026-05-13 22:31:44,SEC RFP- C001672882 - 6001672882,49612ebd-de28-f111-88b4-6045bd13d56f,2025-09-08T21:45:00Z,9/9/2025 12:45 AM,OK
2026-05-13 22:31:45,SEC RFP C001665255,4b612ebd-de28-f111-88b4-6045bd13d56f,2025-08-12T23:48:00Z,8/13/2025 2:48 AM,OK
2026-05-13 22:31:47,SEC RFP C001726433,03c132c3-de28-f111-88b4-6045bd13d56f,2026-01-11T21:51:00Z,1/12/2026 12:51 AM,OK
2026-05-13 22:31:48,SEC RFP-C001513922 - 6001513922,14c132c3-de28-f111-88b4-6045bd13d56f,2024-08-29T06:24:00Z,8/29/2024 9:24 AM,OK
2026-05-13 22:31:50,SEC RFP-C001630042,24c132c3-de28-f111-88b4-6045bd13d56f,2025-05-21T01:37:00Z,5/21/2025 4:37 AM,OK
2026-05-13 22:31:51,SEC RFP - C001519967,b8d914ca-de28-f111-88b4-6045bd13d56f,2024-09-18T00:02:00Z,9/18/2024 3:02 AM,OK
2026-05-13 22:31:52,SEC RFP-C001544229,d1d914ca-de28-f111-88b4-6045bd13d56f,2024-11-18T23:30:00Z,11/19/2024 2:30 AM,OK
2026-05-13 22:31:53,SEC RFP-C001641817,e0d914ca-de28-f111-88b4-6045bd13d56f,2025-07-02T00:45:00Z,7/2/2025 3:45 AM,OK
2026-05-13 22:31:54,SEC RFP-C001575882,5cee86d0-de28-f111-88b4-6045bd13d56f,2025-01-12T00:44:00Z,1/12/2025 3:44 AM,OK
2026-05-13 22:31:56,SEC RFP-C001531023 - 6001531023,5fee86d0-de28-f111-88b4-6045bd13d56f,2024-10-14T04:10:00Z,10/14/2024 7:10 AM,OK
2026-05-13 22:31:57,SEC RFP-C001651924,6aee86d0-de28-f111-88b4-6045bd13d56f,2025-07-10T09:19:00Z,7/10/2025 12:19 PM,OK
2026-05-13 22:31:59,SEC RFP-C001458260,7aee86d0-de28-f111-88b4-6045bd13d56f,2024-03-21T05:33:00Z,3/21/2024 8:33 AM,OK
2026-05-13 22:32:00,SEC RFP-C001635956,81ee86d0-de28-f111-88b4-6045bd13d56f,2025-06-16T23:48:00Z,6/17/2025 2:48 AM,OK
2026-05-13 22:32:01,SEC RFP-C001641239 - 6001641239,92ee86d0-de28-f111-88b4-6045bd13d56f,2025-06-26T01:57:00Z,6/26/2025 4:57 AM,OK
2026-05-13 22:32:02,SEC RFP C001616758,a1ee86d0-de28-f111-88b4-6045bd13d56f,2025-04-20T23:33:00Z,4/21/2025 2:33 AM,OK
2026-05-13 22:32:03,SEC RFP- C001538345,aaee86d0-de28-f111-88b4-6045bd13d56f,2024-11-04T00:16:00Z,11/4/2024 3:16 AM,OK
2026-05-13 22:32:04,SEC RFP-C001659145,81a784d6-de28-f111-88b4-6045bd13d56f,2025-08-07T00:28:00Z,8/7/2025 3:28 AM,OK
2026-05-13 22:32:05,SEC RFP-C001575888,8ea784d6-de28-f111-88b4-6045bd13d56f,2025-01-14T02:52:00Z,1/14/2025 5:52 AM,OK
2026-05-13 22:32:06,SEC RFPC001436240,c7a784d6-de28-f111-88b4-6045bd13d56f,2024-01-24T03:00:00Z,1/24/2024 6:00 AM,OK
2026-05-13 22:32:07,SEC RFP-C001627004,cca784d6-de28-f111-88b4-6045bd13d56f,2025-05-13T22:48:00Z,5/14/2025 1:48 AM,OK
2026-05-13 22:32:08,SEC RFP C001479785,d87484dc-de28-f111-88b4-6045bd13d56f,2024-05-29T00:53:00Z,5/29/2024 3:53 AM,OK
2026-05-13 22:32:09,SEC RFP-C001449622,dd7484dc-de28-f111-88b4-6045bd13d56f,2024-02-22T06:29:00Z,2/22/2024 9:29 AM,OK
2026-05-13 22:32:10,SEC RFP - C001622685,f37484dc-de28-f111-88b4-6045bd13d56f,2025-06-02T23:26:00Z,6/3/2025 2:26 AM,OK
2026-05-13 22:32:11,SEC RFP-C001512051,067584dc-de28-f111-88b4-6045bd13d56f,2024-08-29T00:31:00Z,8/29/2024 3:31 AM,OK
2026-05-13 22:32:12,SEC RFP-C001588858 - 6001588858,0b7584dc-de28-f111-88b4-6045bd13d56f,2025-02-10T00:27:00Z,2/10/2025 3:27 AM,OK
2026-05-13 22:32:13,SEC RFP-C001477976,257584dc-de28-f111-88b4-6045bd13d56f,2024-05-30T01:38:00Z,5/30/2024 4:38 AM,OK
2026-05-13 22:32:14,SEC RFP- C001651895 - 6001651895,83bc81e2-de28-f111-88b4-6045bd13d56f,2025-07-19T22:53:00Z,7/20/2025 1:53 AM,OK
2026-05-13 22:32:15,SEC RFP-C001635311,88bc81e2-de28-f111-88b4-6045bd13d56f,2025-06-02T00:52:00Z,6/2/2025 3:52 AM,OK
2026-05-13 22:32:16,SEC RFP-C001528235 - 6001528235,92bc81e2-de28-f111-88b4-6045bd13d56f,2024-10-08T01:17:00Z,10/8/2024 4:17 AM,OK
2026-05-13 22:32:17,SEC RFP - C001537134,a4bc81e2-de28-f111-88b4-6045bd13d56f,2024-11-18T21:30:00Z,11/19/2024 12:30 AM,OK
2026-05-13 22:32:18,SEC RFP - C001607388,c3bc81e2-de28-f111-88b4-6045bd13d56f,2025-03-16T06:34:00Z,3/16/2025 9:34 AM,OK
2026-05-13 22:32:19,SEC RFP-C001648732,c6bc81e2-de28-f111-88b4-6045bd13d56f,2025-07-13T01:19:00Z,7/13/2025 4:19 AM,OK
2026-05-13 22:32:21,SEC RFP- C001506871,d1bc81e2-de28-f111-88b4-6045bd13d56f,2024-08-19T04:35:00Z,8/19/2024 7:35 AM,OK
2026-05-13 22:32:22,SEC RFP-C001438628,d2bc81e2-de28-f111-88b4-6045bd13d56f,2024-02-14T03:51:00Z,2/14/2024 6:51 AM,OK
2026-05-13 22:32:23,SEC RFP - C001456667,391d7fe8-de28-f111-88b4-6045bd13d56f,2024-03-12T01:24:00Z,3/12/2024 4:24 AM,OK
2026-05-13 22:32:24,SEC RFP-C001457748,3a1d7fe8-de28-f111-88b4-6045bd13d56f,2024-03-21T03:33:00Z,3/21/2024 6:33 AM,OK
2026-05-13 22:32:26,SEC RFP- C001509862 - 6001509862,3e1d7fe8-de28-f111-88b4-6045bd13d56f,2024-08-19T00:33:00Z,8/19/2024 3:33 AM,OK
2026-05-13 22:32:27,SEC RFP-C001660323,411d7fe8-de28-f111-88b4-6045bd13d56f,2025-08-11T02:09:00Z,8/11/2025 5:09 AM,OK
2026-05-13 22:32:28,SEC RFP C001449678,421d7fe8-de28-f111-88b4-6045bd13d56f,2024-03-10T03:17:00Z,3/10/2024 6:17 AM,OK
2026-05-13 22:32:29,SEC RFP-C001533463 - 6001533463,431d7fe8-de28-f111-88b4-6045bd13d56f,2024-10-15T04:28:00Z,10/15/2024 7:28 AM,OK
2026-05-13 22:32:31,SEC RFP-C001512003,1e18d0ee-de28-f111-88b4-6045bd13d56f,2024-08-25T05:51:00Z,8/25/2024 8:51 AM,OK
2026-05-13 22:32:32,SEC RFP-C001650065,2218d0ee-de28-f111-88b4-6045bd13d56f,2025-07-11T06:30:00Z,7/11/2025 9:30 AM,OK
2026-05-13 22:32:33,SEC RFP-c001523651,2418d0ee-de28-f111-88b4-6045bd13d56f,2024-09-29T04:39:00Z,9/29/2024 7:39 AM,OK
2026-05-13 22:32:34,SEC RFP-C001629201 - 6001629201,3218d0ee-de28-f111-88b4-6045bd13d56f,2025-05-25T03:19:00Z,5/25/2025 6:19 AM,OK
2026-05-13 22:32:36,SEC RFP-C001527471 - 6001527471,4018d0ee-de28-f111-88b4-6045bd13d56f,2024-10-08T00:36:00Z,10/8/2024 3:36 AM,OK
2026-05-13 22:32:36,SEC RFP-C001631184,8f5bfff4-de28-f111-88b4-6045bd13d56f,2025-06-02T23:16:00Z,6/3/2025 2:16 AM,OK
2026-05-13 22:32:38,SEC RFP C001517252,915bfff4-de28-f111-88b4-6045bd13d56f,2024-09-07T22:58:00Z,9/8/2024 1:58 AM,OK
2026-05-13 22:33:28,SEC RFP- C001527934 - 6001527934,925bfff4-de28-f111-88b4-6045bd13d56f,2024-10-16T22:25:00Z,10/17/2024 1:25 AM,OK
2026-05-13 22:33:29,SEC RFP-C001462123,935bfff4-de28-f111-88b4-6045bd13d56f,2024-04-01T00:40:00Z,4/1/2024 3:40 AM,OK
2026-05-13 22:33:30,SEC RFP-6001624708,945bfff4-de28-f111-88b4-6045bd13d56f,2025-05-14T22:11:00Z,5/15/2025 1:11 AM,OK
2026-05-13 22:33:31,SEC RFP-C001527808,955bfff4-de28-f111-88b4-6045bd13d56f,2024-10-08T00:49:00Z,10/8/2024 3:49 AM,OK
2026-05-13 22:33:32,SEC RFP-C001433816,915452fb-de28-f111-88b4-6045bd13d56f,2024-01-23T04:01:00Z,1/23/2024 7:01 AM,OK
2026-05-13 22:33:34,SEC RFP- C001464924 - 6001464924,955452fb-de28-f111-88b4-6045bd13d56f,2024-03-31T05:53:00Z,3/31/2024 8:53 AM,OK
2026-05-13 22:33:35,SEC RFP- C001610259,965452fb-de28-f111-88b4-6045bd13d56f,2025-03-26T16:51:00Z,3/26/2025 7:51 PM,OK
2026-05-13 22:33:36,SEC RFP-C001597754,985452fb-de28-f111-88b4-6045bd13d56f,2025-02-27T03:47:00Z,2/27/2025 6:47 AM,OK
2026-05-13 22:33:37,SEC RFP - C001443090,9c5452fb-de28-f111-88b4-6045bd13d56f,2024-02-17T20:52:00Z,2/17/2024 11:52 PM,OK
2026-05-13 22:33:38,SEC RFP-C001620701 - 6001620701,6bbf7a01-df28-f111-88b4-6045bd13d56f,2025-04-28T23:38:00Z,4/29/2025 2:38 AM,OK
2026-05-13 22:33:39,SEC RFP-C001509114,6fbf7a01-df28-f111-88b4-6045bd13d56f,2024-08-27T00:36:00Z,8/27/2024 3:36 AM,OK
2026-05-13 22:33:40,SEC RFP 6001579583,8bbf7a01-df28-f111-88b4-6045bd13d56f,2025-01-19T00:06:00Z,1/19/2025 3:06 AM,OK
2026-05-13 22:33:41,SEC RFP-C001656736,98bf7a01-df28-f111-88b4-6045bd13d56f,2025-07-28T23:51:00Z,7/29/2025 2:51 AM,OK
2026-05-13 22:33:42,SEC RFP- C001516181 - 6001516181,99bf7a01-df28-f111-88b4-6045bd13d56f,2024-09-08T01:06:00Z,9/8/2024 4:06 AM,OK
2026-05-13 22:33:43,SEC RFP C001451489,9abf7a01-df28-f111-88b4-6045bd13d56f,2024-03-05T04:37:00Z,3/5/2024 7:37 AM,OK
2026-05-13 22:33:44,SEC RFP- C001613813,9cbf7a01-df28-f111-88b4-6045bd13d56f,2025-04-12T10:28:00Z,4/12/2025 1:28 PM,OK
2026-05-13 22:33:45,SEC RFP-C001591285,8a767307-df28-f111-88b4-6045bd13d56f,2025-02-13T04:01:00Z,2/13/2025 7:01 AM,OK
2026-05-13 22:33:46,SEC RFP-C001656748,8e767307-df28-f111-88b4-6045bd13d56f,2025-08-08T09:58:00Z,8/8/2025 12:58 PM,OK
2026-05-13 22:33:47,SEC RFP-C001533510,99767307-df28-f111-88b4-6045bd13d56f,2024-10-17T01:23:00Z,10/17/2024 4:23 AM,OK
2026-05-13 22:33:48,SEC RFP-C001540509,9a767307-df28-f111-88b4-6045bd13d56f,2024-11-17T04:02:00Z,11/17/2024 7:02 AM,OK
2026-05-13 22:33:50,SEC RFP-C001528250 - 6001528250,a6767307-df28-f111-88b4-6045bd13d56f,2024-10-10T03:21:00Z,10/10/2024 6:21 AM,OK
2026-05-13 22:33:51,SEC RFP- C001500352,ac767307-df28-f111-88b4-6045bd13d56f,2024-07-23T00:05:00Z,7/23/2024 3:05 AM,OK
2026-05-13 22:33:52,SEC RFP-C001555405,ae767307-df28-f111-88b4-6045bd13d56f,2024-11-30T23:29:00Z,12/1/2024 2:29 AM,OK
2026-05-13 22:33:53,SEC RFP-C001538717,34e4c80d-df28-f111-88b4-6045bd13d56f,2024-11-05T03:03:00Z,11/5/2024 6:03 AM,OK
2026-05-13 22:33:54,SEC RFPC001499873,39e4c80d-df28-f111-88b4-6045bd13d56f,2024-08-01T02:19:00Z,8/1/2024 5:19 AM,OK
2026-05-13 22:33:55,SEC RFP-C001486163,3be4c80d-df28-f111-88b4-6045bd13d56f,2024-06-12T03:09:00Z,6/12/2024 6:09 AM,OK
2026-05-13 22:33:56,SEC RFP-C001477318,3fe4c80d-df28-f111-88b4-6045bd13d56f,2024-05-20T02:08:00Z,5/20/2024 5:08 AM,OK
2026-05-13 22:33:57,SEC RFP-C001489965,48e4c80d-df28-f111-88b4-6045bd13d56f,2024-06-26T11:25:00Z,6/26/2024 2:25 PM,OK
2026-05-13 22:33:58,SEC RFP C001553285,49e4c80d-df28-f111-88b4-6045bd13d56f,2024-11-05T21:55:00Z,11/6/2024 12:55 AM,OK
2026-05-13 22:33:59,SEC RFP-C001544277,5f46d213-df28-f111-88b4-6045bd13d56f,2024-11-26T03:45:00Z,11/26/2024 6:45 AM,OK
2026-05-13 22:34:00,SEC RFP-C001539622 - 6001539622,6846d213-df28-f111-88b4-6045bd13d56f,2024-11-09T21:34:00Z,11/10/2024 12:34 AM,OK
2026-05-13 22:34:01,SEC RFPC001554401,6c46d213-df28-f111-88b4-6045bd13d56f,2024-12-09T21:55:00Z,12/10/2024 12:55 AM,OK
2026-05-13 22:34:02,SEC RFP-C001500639 - 6001500639,6f46d213-df28-f111-88b4-6045bd13d56f,2024-07-30T03:25:00Z,7/30/2024 6:25 AM,OK
2026-05-13 22:34:03,SEC RFP- C001499205,7546d213-df28-f111-88b4-6045bd13d56f,2024-08-21T01:33:00Z,8/21/2024 4:33 AM,OK
2026-05-13 22:34:04,SEC RFP - C001517376,7746d213-df28-f111-88b4-6045bd13d56f,2024-09-10T00:27:00Z,9/10/2024 3:27 AM,OK
2026-05-13 22:34:06,SEC RFP-C001553911,d821361a-df28-f111-88b4-6045bd13d56f,2024-12-09T03:13:00Z,12/9/2024 6:13 AM,OK
2026-05-13 22:34:07,SEC RFP C001471172,dd21361a-df28-f111-88b4-6045bd13d56f,2024-05-05T04:39:00Z,5/5/2024 7:39 AM,OK
2026-05-13 22:34:07,SEC RFPC001495063,de21361a-df28-f111-88b4-6045bd13d56f,2024-07-17T00:07:00Z,7/17/2024 3:07 AM,OK
2026-05-13 22:34:08,SEC RFP- C001556939 - 6001556939,df21361a-df28-f111-88b4-6045bd13d56f,2024-12-17T03:14:00Z,12/17/2024 6:14 AM,OK
2026-05-13 22:34:09,SEC RFP-C001524409,cff74620-df28-f111-88b4-6045bd13d56f,2024-09-30T04:50:00Z,9/30/2024 7:50 AM,OK
2026-05-13 22:34:10,SEC RFP-C001494645,d0f74620-df28-f111-88b4-6045bd13d56f,2024-07-13T22:31:00Z,7/14/2024 1:31 AM,OK
2026-05-13 22:34:12,SEC RFP-C001520038,d1f74620-df28-f111-88b4-6045bd13d56f,2024-09-17T03:49:00Z,9/17/2024 6:49 AM,OK
2026-05-13 22:34:12,SEC RFP-C001717658,54574426-df28-f111-88b4-6045bd13d56f,2026-01-08T08:50:00Z,1/8/2026 11:50 AM,OK
2026-05-13 22:34:13,SEC RFP- C001738316 - 6001738316,55574426-df28-f111-88b4-6045bd13d56f,2026-02-19T23:55:00Z,2/20/2026 2:55 AM,OK
2026-05-13 22:34:14,SEC RFP-C001709655,5b574426-df28-f111-88b4-6045bd13d56f,2026-01-14T03:11:00Z,1/14/2026 6:11 AM,OK
2026-05-13 22:34:15,SEC RFP C001718190,5c574426-df28-f111-88b4-6045bd13d56f,2026-01-04T00:17:00Z,1/4/2026 3:17 AM,OK
2026-05-13 22:34:16,SEC RFP-C001718256,5f574426-df28-f111-88b4-6045bd13d56f,2026-01-10T22:36:00Z,1/11/2026 1:36 AM,OK
2026-05-13 22:34:17,SEC RFP- C001744617,60574426-df28-f111-88b4-6045bd13d56f,2023-06-22T04:35:00Z,6/22/2023 7:35 AM,OK
2026-05-13 22:34:18,SEC RFP-C001743191,0aff752c-df28-f111-88b4-6045bd13d56f,2026-02-24T10:40:00Z,2/24/2026 1:40 PM,OK
2026-05-13 22:34:19,SEC RFP-C001749832,0bff752c-df28-f111-88b4-6045bd13d56f,2026-02-25T14:47:00Z,2/25/2026 5:47 PM,OK
2026-05-13 22:34:19,SEC RFP- C001754738,12ff752c-df28-f111-88b4-6045bd13d56f,2026-03-10T12:02:00Z,3/10/2026 3:02 PM,OK
2026-05-13 22:34:20,SEC RFP-C001752902,16ff752c-df28-f111-88b4-6045bd13d56f,2026-03-11T00:32:00Z,3/11/2026 3:32 AM,OK
2026-05-13 22:34:21,SEC RFP-C001718936 - 6001718936,25db9432-df28-f111-88b4-6045bd13d56f,2025-12-30T00:50:00Z,12/30/2025 3:50 AM,OK
2026-05-13 22:34:22,SEC RFP-C001721788 - 6001721788,28db9432-df28-f111-88b4-6045bd13d56f,2026-01-01T00:51:00Z,1/1/2026 3:51 AM,OK
2026-05-13 22:34:23,SEC RFP- C001704404,2adb9432-df28-f111-88b4-6045bd13d56f,2025-11-23T00:34:00Z,11/23/2025 3:34 AM,OK
2026-05-13 22:34:24,SEC RFP-C001699297,2ddb9432-df28-f111-88b4-6045bd13d56f,2025-11-17T02:06:00Z,11/17/2025 5:06 AM,OK
2026-05-13 22:34:25,SEC RFP-C001533871,505eac38-df28-f111-88b4-6045bd13d56f,2024-10-22T03:48:00Z,10/22/2024 6:48 AM,OK
2026-05-13 22:34:26,SEC RFP- C001660330,535eac38-df28-f111-88b4-6045bd13d56f,2025-08-10T23:14:00Z,8/11/2025 2:14 AM,OK
2026-05-13 22:34:27,SEC RFP- C001539276,5a5eac38-df28-f111-88b4-6045bd13d56f,2024-11-12T21:09:00Z,11/13/2024 12:09 AM,OK
2026-05-13 22:34:28,SEC RFP-C001510919 - 6001510919,5c5eac38-df28-f111-88b4-6045bd13d56f,2024-08-26T01:27:00Z,8/26/2024 4:27 AM,OK
2026-05-13 22:34:28,SEC RFP-C001585618 - 6001585618,5d5eac38-df28-f111-88b4-6045bd13d56f,2025-02-05T23:03:00Z,2/6/2025 2:03 AM,OK
2026-05-13 22:34:29,SEC RFP - C001627041,5f5eac38-df28-f111-88b4-6045bd13d56f,2025-05-19T01:28:00Z,5/19/2025 4:28 AM,OK
2026-05-13 22:34:30,SEC RFP C001640346,625eac38-df28-f111-88b4-6045bd13d56f,2025-06-26T00:21:00Z,6/26/2025 3:21 AM,OK
2026-05-13 22:34:31,SEC RFP-C001445276,6d8f063f-df28-f111-88b4-6045bd13d56f,2024-02-21T03:15:00Z,2/21/2024 6:15 AM,OK
2026-05-13 22:34:32,SEC RFP 6001586250,6e8f063f-df28-f111-88b4-6045bd13d56f,2025-02-03T03:11:00Z,2/3/2025 6:11 AM,OK
2026-05-13 22:34:33,SEC RFP-C001480508,858f063f-df28-f111-88b4-6045bd13d56f,2024-05-26T04:59:00Z,5/26/2024 7:59 AM,OK
2026-05-13 22:34:34,SEC RFP-C001513890,888f063f-df28-f111-88b4-6045bd13d56f,2024-09-03T05:38:00Z,9/3/2024 8:38 AM,OK
2026-05-13 22:34:35,SEC RFP-C001628395,898f063f-df28-f111-88b4-6045bd13d56f,2025-05-20T23:35:00Z,5/21/2025 2:35 AM,OK
2026-05-13 22:34:36,SEC RFP-C001444740,8b8f063f-df28-f111-88b4-6045bd13d56f,2024-02-19T03:31:00Z,2/19/2024 6:31 AM,OK
2026-05-13 22:34:38,SEC RFP-C001521550 - 6001521550,8e8f063f-df28-f111-88b4-6045bd13d56f,2024-09-08T04:32:00Z,9/8/2024 7:32 AM,OK
2026-05-13 22:34:39,SEC RFP C001513701,6ede4845-df28-f111-88b4-6045bd13d56f,2024-08-25T01:02:00Z,8/25/2024 4:02 AM,OK
2026-05-13 22:34:40,SEC RFP-C001669018,70de4845-df28-f111-88b4-6045bd13d56f,2025-08-26T04:34:00Z,8/26/2025 7:34 AM,OK
2026-05-13 22:34:42,SEC RFPC001461510,80de4845-df28-f111-88b4-6045bd13d56f,2024-03-21T04:18:00Z,3/21/2024 7:18 AM,OK
2026-05-13 22:34:43,SEC RFP-C001612094,81de4845-df28-f111-88b4-6045bd13d56f,2025-04-16T01:46:00Z,4/16/2025 4:46 AM,OK
2026-05-13 22:34:43,SEC RFPC001442256,83de4845-df28-f111-88b4-6045bd13d56f,2024-05-26T22:42:00Z,5/27/2024 1:42 AM,OK
2026-05-13 22:34:44,SEC RFP-C001648739,5a19764b-df28-f111-88b4-6045bd13d56f,2025-07-13T04:46:00Z,7/13/2025 7:46 AM,OK
2026-05-13 22:34:46,SEC RFPC001446398,6519764b-df28-f111-88b4-6045bd13d56f,2024-02-21T05:30:00Z,2/21/2024 8:30 AM,OK
2026-05-13 22:34:47,SEC RFP- C001647869,7819764b-df28-f111-88b4-6045bd13d56f,2025-07-23T04:10:00Z,7/23/2025 7:10 AM,OK
2026-05-13 22:34:48,SEC RFP C001632466,3bb2b052-df28-f111-88b4-6045bd13d56f,2025-05-29T02:01:00Z,5/29/2025 5:01 AM,OK
2026-05-13 22:34:49,SEC RFP-C001631179,3cb2b052-df28-f111-88b4-6045bd13d56f,2025-05-22T03:36:00Z,5/22/2025 6:36 AM,OK
2026-05-13 22:34:50,SEC RFP-C001650684,44b2b052-df28-f111-88b4-6045bd13d56f,2025-07-10T03:11:00Z,7/10/2025 6:11 AM,OK
2026-05-13 22:34:51,SEC RFP-C001459057,e670b758-df28-f111-88b4-6045bd13d56f,2024-03-31T02:59:00Z,3/31/2024 5:59 AM,OK
2026-05-13 22:34:53,SEC RFP-C001588173,e870b758-df28-f111-88b4-6045bd13d56f,2025-02-15T21:31:00Z,2/16/2025 12:31 AM,OK
2026-05-13 22:34:54,SEC RFP - C001634318,ed70b758-df28-f111-88b4-6045bd13d56f,2025-06-18T00:07:00Z,6/18/2025 3:07 AM,OK
2026-05-13 22:34:55,SEC RFP-C001462674,ee70b758-df28-f111-88b4-6045bd13d56f,2024-04-20T23:52:00Z,4/21/2024 2:52 AM,OK
2026-05-13 22:34:56,SEC RFP 6001569889,ef70b758-df28-f111-88b4-6045bd13d56f,2024-12-16T23:28:00Z,12/17/2024 2:28 AM,OK
2026-05-13 22:34:56,SEC RFP-C001431628,b1a5165f-df28-f111-88b4-6045bd13d56f,2024-01-21T00:47:00Z,1/21/2024 3:47 AM,OK
2026-05-13 22:34:57,SEC RFP-C001510631 - 6001510631,b7a5165f-df28-f111-88b4-6045bd13d56f,2024-08-22T05:11:00Z,8/22/2024 8:11 AM,OK
2026-05-13 22:34:59,SEC RFP-C001534907 - 6001534907,b8a5165f-df28-f111-88b4-6045bd13d56f,2024-10-24T01:46:00Z,10/24/2024 4:46 AM,OK
2026-05-13 22:35:00,SEC RFP-C001664683 - 6001664683,bba5165f-df28-f111-88b4-6045bd13d56f,2025-08-03T23:36:00Z,8/4/2025 2:36 AM,OK
2026-05-13 22:35:01,SEC RFP- C001485606,bca5165f-df28-f111-88b4-6045bd13d56f,2024-06-11T23:13:00Z,6/12/2024 2:13 AM,OK
2026-05-13 22:35:02,SEC RFP-C001645514,c7a5165f-df28-f111-88b4-6045bd13d56f,2025-07-02T05:27:00Z,7/2/2025 8:27 AM,OK
2026-05-13 22:35:04,SEC RFP-C001634678 - 6001634678,9bb6f165-df28-f111-88b4-6045bd13d56f,2025-06-04T04:39:00Z,6/4/2025 7:39 AM,OK
2026-05-13 22:35:04,SEC RFP-C001515580,a1b6f165-df28-f111-88b4-6045bd13d56f,2024-09-04T04:28:00Z,9/4/2024 7:28 AM,OK
2026-05-13 22:35:06,SEC RFP-C001587816,a2b6f165-df28-f111-88b4-6045bd13d56f,2025-02-24T21:46:00Z,2/25/2025 12:46 AM,OK
2026-05-13 22:35:07,SEC RFP-C001588130,a4b6f165-df28-f111-88b4-6045bd13d56f,2025-02-18T03:05:00Z,2/18/2025 6:05 AM,OK
2026-05-13 22:35:08,SEC RFP-C001427098,a5b6f165-df28-f111-88b4-6045bd13d56f,2024-01-04T03:40:00Z,1/4/2024 6:40 AM,OK
2026-05-13 22:35:09,SEC RFP- C001538363,a6b6f165-df28-f111-88b4-6045bd13d56f,2024-11-06T22:20:00Z,11/7/2024 1:20 AM,OK
2026-05-13 22:35:10,SEC RFP C001611616,3d78f66b-df28-f111-88b4-6045bd13d56f,2025-04-08T00:08:00Z,4/8/2025 3:08 AM,OK
2026-05-13 22:35:11,SEC RFP-C001438590,3e78f66b-df28-f111-88b4-6045bd13d56f,2024-01-29T01:29:00Z,1/29/2024 4:29 AM,OK
2026-05-13 22:35:12,SEC RFP-C001648777,4178f66b-df28-f111-88b4-6045bd13d56f,2025-07-20T04:30:00Z,7/20/2025 7:30 AM,OK
2026-05-13 22:35:13,SEC RFP-C001661989,4278f66b-df28-f111-88b4-6045bd13d56f,2025-08-12T23:35:00Z,8/13/2025 2:35 AM,OK
2026-05-13 22:35:13,SEC RFP-C001662899,4378f66b-df28-f111-88b4-6045bd13d56f,2025-07-29T00:10:00Z,7/29/2025 3:10 AM,OK
2026-05-13 22:35:14,SEC RFP-C001662309 - 6001662309,6078f66b-df28-f111-88b4-6045bd13d56f,2025-08-13T22:22:00Z,8/14/2025 1:22 AM,OK
2026-05-13 22:35:15,SEC RFP-C001625276 - 6001625276,6178f66b-df28-f111-88b4-6045bd13d56f,2025-05-12T04:31:00Z,5/12/2025 7:31 AM,OK
2026-05-13 22:35:16,SEC RFP-C001640376,24a0f971-df28-f111-88b4-6045bd13d56f,2025-06-25T00:43:00Z,6/25/2025 3:43 AM,OK
2026-05-13 22:35:17,SEC RFP-C001540502,2ca0f971-df28-f111-88b4-6045bd13d56f,2024-12-17T03:21:00Z,12/17/2024 6:21 AM,OK
2026-05-13 22:35:19,SEC RFP - C001538996,2ea0f971-df28-f111-88b4-6045bd13d56f,2024-11-26T06:48:00Z,11/26/2024 9:48 AM,OK
2026-05-13 22:35:20,SEC RFP-C001547512,3ea0f971-df28-f111-88b4-6045bd13d56f,2024-11-13T02:55:00Z,11/13/2024 5:55 AM,OK
2026-05-13 22:35:21,SEC RFP-C001490473,49a0f971-df28-f111-88b4-6045bd13d56f,2024-07-11T04:41:00Z,7/11/2024 7:41 AM,OK
2026-05-13 22:35:22,SEC RFP-C001473418 - 6001473418,4ba0f971-df28-f111-88b4-6045bd13d56f,2024-05-05T04:21:00Z,5/5/2024 7:21 AM,OK
2026-05-13 22:35:23,SEC RFP-C001472913,4da0f971-df28-f111-88b4-6045bd13d56f,2024-05-08T04:15:00Z,5/8/2024 7:15 AM,OK
2026-05-13 22:35:24,SEC RFP-C001518461 - 6001518461,2d584a78-df28-f111-88b4-6045bd13d56f,2024-09-16T08:32:00Z,9/16/2024 11:32 AM,OK
2026-05-13 22:35:24,SEC RFP-C001556024 - 6001556024,2f584a78-df28-f111-88b4-6045bd13d56f,2024-12-14T23:06:00Z,12/15/2024 2:06 AM,OK
2026-05-13 22:35:26,SEC RFP - C001536261,32584a78-df28-f111-88b4-6045bd13d56f,2024-12-10T01:00:00Z,12/10/2024 4:00 AM,OK
2026-05-13 22:35:27,SEC RFP C001507616,37584a78-df28-f111-88b4-6045bd13d56f,2024-08-15T04:13:00Z,8/15/2024 7:13 AM,OK
2026-05-13 22:35:28,SEC RFP C001542253,44584a78-df28-f111-88b4-6045bd13d56f,2024-12-03T04:13:00Z,12/3/2024 7:13 AM,OK
2026-05-13 22:35:29,SEC RFP-C001509037 - 6001509037,46584a78-df28-f111-88b4-6045bd13d56f,2024-08-20T05:17:00Z,8/20/2024 8:17 AM,OK
2026-05-13 22:35:30,SEC RFP-C001521129,47584a78-df28-f111-88b4-6045bd13d56f,2024-09-11T04:30:00Z,9/11/2024 7:30 AM,OK
2026-05-13 22:35:31,SEC RFP-C001470148,48584a78-df28-f111-88b4-6045bd13d56f,2024-04-25T01:40:00Z,4/25/2024 4:40 AM,OK
2026-05-13 22:35:32,SEC RFP-C001556925,5d36457e-df28-f111-88b4-6045bd13d56f,2024-12-18T04:33:00Z,12/18/2024 7:33 AM,OK
2026-05-13 22:35:33,SEC RFP-C001490841,5e36457e-df28-f111-88b4-6045bd13d56f,2024-07-02T03:59:00Z,7/2/2024 6:59 AM,OK
2026-05-13 22:35:34,SEC RFP-C001503128 - 6001503128,5f36457e-df28-f111-88b4-6045bd13d56f,2024-08-14T01:40:00Z,8/14/2024 4:40 AM,OK
2026-05-13 22:35:36,SEC RFP-C001518077,6036457e-df28-f111-88b4-6045bd13d56f,2024-09-09T23:11:00Z,9/10/2024 2:11 AM,OK
2026-05-13 22:35:37,SEC RFP-C001502269,6736457e-df28-f111-88b4-6045bd13d56f,2024-08-07T16:54:00Z,8/7/2024 7:54 PM,OK
2026-05-13 22:35:38,SEC RFP-C001500401 - 6001500401,7236457e-df28-f111-88b4-6045bd13d56f,2024-08-01T05:00:00Z,8/1/2024 8:00 AM,OK
2026-05-13 22:35:40,SEC RFP - 6001539274,7336457e-df28-f111-88b4-6045bd13d56f,2024-10-28T04:49:00Z,10/28/2024 7:49 AM,OK
2026-05-13 22:35:41,SEC RFP-C001519753,6f2d5f84-df28-f111-88b4-6045bd13d56f,2024-09-09T02:35:00Z,9/9/2024 5:35 AM,OK
2026-05-13 22:35:42,SEC RFP-C001494385,702d5f84-df28-f111-88b4-6045bd13d56f,2024-07-13T22:56:00Z,7/14/2024 1:56 AM,OK
2026-05-13 22:35:43,SEC RFP-C001494571,712d5f84-df28-f111-88b4-6045bd13d56f,2024-05-23T05:12:00Z,5/23/2024 8:12 AM,OK
2026-05-13 22:35:44,SEC RFP C001542228,752d5f84-df28-f111-88b4-6045bd13d56f,2024-11-17T23:18:00Z,11/18/2024 2:18 AM,OK
2026-05-13 22:35:45,SEC RFP-C001470761,802d5f84-df28-f111-88b4-6045bd13d56f,2024-04-28T05:29:00Z,4/28/2024 8:29 AM,OK
2026-05-13 22:35:46,SEC RFP - C001496386,812d5f84-df28-f111-88b4-6045bd13d56f,2024-07-14T05:22:00Z,7/14/2024 8:22 AM,OK
2026-05-13 22:35:48,SEC RFP-C001755862,822d5f84-df28-f111-88b4-6045bd13d56f,2026-03-15T00:01:00Z,3/15/2026 3:01 AM,OK
2026-05-13 22:35:49,SEC RFP-C001757328,992d5f84-df28-f111-88b4-6045bd13d56f,2026-03-18T00:21:00Z,3/18/2026 3:21 AM,OK
2026-05-13 22:35:50,SEC RFP-C001521052,c23b9f8a-df28-f111-88b4-6045bd13d56f,2024-09-26T02:21:00Z,9/26/2024 5:21 AM,OK
2026-05-13 22:35:51,SEC RFP - C001524050,dbae9790-df28-f111-88b4-6045bd13d56f,2024-09-30T22:27:00Z,10/1/2024 1:27 AM,OK
2026-05-13 22:35:53,SEC RFP-C001727147,dcae9790-df28-f111-88b4-6045bd13d56f,2026-01-04T03:02:00Z,1/4/2026 6:02 AM,OK
2026-05-13 22:35:54,SEC RFPC001749818,e5ae9790-df28-f111-88b4-6045bd13d56f,2026-02-26T11:46:00Z,2/26/2026 2:46 PM,OK
2026-05-13 22:35:55,SEC RFP-C001738255,99580797-df28-f111-88b4-6045bd13d56f,2026-02-15T01:35:00Z,2/15/2026 4:35 AM,OK
2026-05-13 22:35:56,SEC RFP,ffaa1979-e028-f111-88b4-6045bd13d56f,2024-01-31T00:03:00Z,1/31/2024 3:03 AM,OK
2026-05-13 22:35:57,RFQ - C001652754,09c15b9f-e028-f111-88b4-6045bd13d56f,2025-07-20T05:16:00Z,7/20/2025 8:16 AM,OK
2026-05-13 22:35:59,RFQ - C001596029,d3d839d1-e028-f111-88b4-6045bd13d56f,2025-02-24T21:43:00Z,2/25/2025 12:43 AM,OK
2026-05-13 22:36:00,RFQ - C001491702 - 6001491702,5454b51e-e128-f111-88b4-6045bd13d56f,2024-07-02T05:43:00Z,7/2/2024 8:43 AM,OK
2026-05-13 22:36:01,SEC RFP-C001733699,6bd67a2b-e128-f111-88b4-6045bd13d56f,2026-02-09T03:03:00Z,2/9/2026 6:03 AM,OK
2026-05-13 22:36:01,SEC RFP-C001737528,2ae2ae31-e128-f111-88b4-6045bd13d56f,2026-01-28T03:27:00Z,1/28/2026 6:27 AM,OK
2026-05-13 22:36:03,SEC RFP-C001723233,2be2ae31-e128-f111-88b4-6045bd13d56f,2026-01-28T00:16:00Z,1/28/2026 3:16 AM,OK
2026-05-13 22:36:04,SEC RFP C001718188,2de2ae31-e128-f111-88b4-6045bd13d56f,2025-12-20T18:59:00Z,12/20/2025 9:59 PM,OK
2026-05-13 22:36:04,SEC RFP-C001722740,2ee2ae31-e128-f111-88b4-6045bd13d56f,2026-01-14T03:12:00Z,1/14/2026 6:12 AM,OK
2026-05-13 22:36:05,SEC RFP- C001721458,39e2ae31-e128-f111-88b4-6045bd13d56f,2025-12-30T00:55:00Z,12/30/2025 3:55 AM,OK
2026-05-13 22:36:06,SEC RFP C001689401,3de2ae31-e128-f111-88b4-6045bd13d56f,2025-12-15T03:21:00Z,12/15/2025 6:21 AM,OK
2026-05-13 22:36:08,SEC RFP-C001714250,cf4d4738-e128-f111-88b4-6045bd13d56f,2025-11-20T04:54:00Z,11/20/2025 7:54 AM,OK
2026-05-13 22:36:09,SEC RFP C001704350,d04d4738-e128-f111-88b4-6045bd13d56f,2025-11-11T02:08:00Z,11/11/2025 5:08 AM,OK
2026-05-13 22:36:10,SEC RFP-C001701641,d14d4738-e128-f111-88b4-6045bd13d56f,2025-10-23T01:12:00Z,10/23/2025 4:12 AM,OK
2026-05-13 22:36:11,SEC RFP-C001701082,d24d4738-e128-f111-88b4-6045bd13d56f,2025-11-16T23:13:00Z,11/17/2025 2:13 AM,OK
2026-05-13 22:36:12,SEC RFP-C001702533,df7b1d3f-e128-f111-88b4-6045bd13d56f,2025-11-02T21:46:00Z,11/3/2025 12:46 AM,OK
2026-05-13 22:36:13,SEC RFP-C001698609,067c1d3f-e128-f111-88b4-6045bd13d56f,2025-11-05T01:00:00Z,11/5/2025 4:00 AM,OK
2026-05-13 22:36:14,SEC RFP-C001701695,737c1d3f-e128-f111-88b4-6045bd13d56f,2025-11-01T22:29:00Z,11/2/2025 1:29 AM,OK
2026-05-13 22:36:15,SEC RFP-C001700406,847c1d3f-e128-f111-88b4-6045bd13d56f,2025-11-03T21:20:00Z,11/4/2025 12:20 AM,OK
2026-05-13 22:36:16,SEC RFPC001698588,8f7c1d3f-e128-f111-88b4-6045bd13d56f,2025-11-02T03:19:00Z,11/2/2025 6:19 AM,OK
2026-05-13 22:36:16,SEC RFP - C001678139,967c1d3f-e128-f111-88b4-6045bd13d56f,2025-10-30T03:32:00Z,10/30/2025 6:32 AM,OK
2026-05-13 22:36:17,RFQ - C001694784,8a60c645-e128-f111-88b4-6045bd13d56f,2025-10-23T19:20:00Z,10/23/2025 10:20 PM,OK
2026-05-13 22:36:18,SEC RFP - C001695848,8d60c645-e128-f111-88b4-6045bd13d56f,2025-10-19T03:50:00Z,10/19/2025 6:50 AM,OK
2026-05-13 22:36:19,SEC RFP - C001692790,9560c645-e128-f111-88b4-6045bd13d56f,2025-10-15T22:37:00Z,10/16/2025 1:37 AM,OK
2026-05-13 22:36:20,SEC RFP-C001686172,9c60c645-e128-f111-88b4-6045bd13d56f,2025-10-14T01:34:00Z,10/14/2025 4:34 AM,OK
2026-05-13 22:36:21,SEC RFP- C001682340,9f60c645-e128-f111-88b4-6045bd13d56f,2025-09-24T03:55:00Z,9/24/2025 6:55 AM,OK
2026-05-13 22:36:22,SEC RFP-C001685428 - 6001685428,a460c645-e128-f111-88b4-6045bd13d56f,2025-09-24T03:03:00Z,9/24/2025 6:03 AM,OK
2026-05-13 22:36:23,SEC RFP - C001687717,0ad6c54b-e128-f111-88b4-6045bd13d56f,2025-09-27T23:12:00Z,9/28/2025 2:12 AM,OK
2026-05-13 22:36:24,SEC RFP - C001683688,0ed6c54b-e128-f111-88b4-6045bd13d56f,2025-09-24T03:48:00Z,9/24/2025 6:48 AM,OK
2026-05-13 22:36:25,SEC RFP C001678885,0fd6c54b-e128-f111-88b4-6045bd13d56f,2025-09-20T20:24:00Z,9/20/2025 11:24 PM,OK
2026-05-13 22:36:26,SEC RFP-C001674288,14d6c54b-e128-f111-88b4-6045bd13d56f,2025-09-21T01:24:00Z,9/21/2025 4:24 AM,OK
2026-05-13 22:36:27,SEC RFP-C001669576,90701169-e128-f111-88b4-6045bd13d56f,2025-08-26T02:25:00Z,8/26/2025 5:25 AM,OK
2026-05-13 22:36:28,SEC RFPC001669579,91701169-e128-f111-88b4-6045bd13d56f,2025-08-29T23:42:00Z,8/30/2025 2:42 AM,OK
2026-05-13 22:36:29,SEC RFP - C001671242,97701169-e128-f111-88b4-6045bd13d56f,2025-08-28T04:11:00Z,8/28/2025 7:11 AM,OK
2026-05-13 22:36:55,SEC RFP-C001665625,9f701169-e128-f111-88b4-6045bd13d56f,2025-08-12T00:22:00Z,8/12/2025 3:22 AM,OK
2026-05-13 22:36:56,SEC RFP-C00167634,a2701169-e128-f111-88b4-6045bd13d56f,2025-09-14T00:59:00Z,9/14/2025 3:59 AM,OK
2026-05-13 22:36:57,SEC RFP-C001718985,edbf8a6f-e128-f111-88b4-6045bd13d56f,2026-01-04T03:51:00Z,1/4/2026 6:51 AM,OK
2026-05-13 22:36:58,SEC RFP-C001627072,efbf8a6f-e128-f111-88b4-6045bd13d56f,2025-05-21T01:42:00Z,5/21/2025 4:42 AM,OK
2026-05-13 22:36:59,SEC RFP-C001513924 - 6001513924,31c08a6f-e128-f111-88b4-6045bd13d56f,2024-08-12T11:18:00Z,8/12/2024 2:18 PM,OK
2026-05-13 22:37:00,SEC RFP - C001605342,55c08a6f-e128-f111-88b4-6045bd13d56f,2025-03-25T16:45:00Z,3/25/2025 7:45 PM,OK
2026-05-13 22:37:01,SEC RFP- C001647953,7ac08a6f-e128-f111-88b4-6045bd13d56f,2025-07-12T05:50:00Z,7/12/2025 8:50 AM,OK
2026-05-13 22:37:02,SEC RFP-C001435105,15c18a6f-e128-f111-88b4-6045bd13d56f,2024-01-24T03:44:00Z,1/24/2024 6:44 AM,OK
2026-05-13 22:37:04,SEC RFP-C001447424,6d498875-e128-f111-88b4-6045bd13d56f,2024-03-02T23:59:00Z,3/3/2024 2:59 AM,OK
2026-05-13 22:37:04,SEC RFP-6001621274,76498875-e128-f111-88b4-6045bd13d56f,2025-04-30T04:11:00Z,4/30/2025 7:11 AM,OK
2026-05-13 22:37:05,SEC RFP-C001483415 - 6001483415,7a498875-e128-f111-88b4-6045bd13d56f,2024-06-10T02:58:00Z,6/10/2024 5:58 AM,OK
2026-05-13 22:37:06,SEC RFPC001485908,93498875-e128-f111-88b4-6045bd13d56f,2024-06-11T03:23:00Z,6/11/2024 6:23 AM,OK
2026-05-13 22:37:07,SEC RFP - C001635260,82239e7b-e128-f111-88b4-6045bd13d56f,2025-06-04T05:31:00Z,6/4/2025 8:31 AM,OK
2026-05-13 22:37:08,SEC RFP-C001594779,86239e7b-e128-f111-88b4-6045bd13d56f,2025-03-03T00:22:00Z,3/3/2025 3:22 AM,OK
2026-05-13 22:37:09,SEC RFP-C001651314,96239e7b-e128-f111-88b4-6045bd13d56f,2025-07-22T01:18:00Z,7/22/2025 4:18 AM,OK
2026-05-13 22:37:10,SEC RFP - C001647202,c0239e7b-e128-f111-88b4-6045bd13d56f,2025-07-07T21:39:00Z,7/8/2025 12:39 AM,OK
2026-05-13 22:37:11,SEC RFP-C001539920,c4239e7b-e128-f111-88b4-6045bd13d56f,2024-11-03T21:46:00Z,11/4/2024 12:46 AM,OK
2026-05-13 22:37:12,SEC RFPc001506925,cb239e7b-e128-f111-88b4-6045bd13d56f,2024-08-26T03:27:00Z,8/26/2024 6:27 AM,OK
2026-05-13 22:37:13,SEC RFP - C001630570,d1239e7b-e128-f111-88b4-6045bd13d56f,2025-05-19T03:36:00Z,5/19/2025 6:36 AM,OK
2026-05-13 22:37:14,SEC RFP-C001457519-6001457519,da239e7b-e128-f111-88b4-6045bd13d56f,2024-03-24T05:28:00Z,3/24/2024 8:28 AM,OK
2026-05-13 22:37:15,SEC RFP-C001620076,7a91b581-e128-f111-88b4-6045bd13d56f,2025-05-05T03:45:00Z,5/5/2025 6:45 AM,OK
2026-05-13 22:37:15,SEC RFP-C001531022 - 6001531022,af91b581-e128-f111-88b4-6045bd13d56f,2024-10-19T22:52:00Z,10/20/2024 1:52 AM,OK
2026-05-13 22:37:16,SEC RFP C001624659,be91b581-e128-f111-88b4-6045bd13d56f,2025-05-17T23:48:00Z,5/18/2025 2:48 AM,OK
2026-05-13 22:37:17,SEC RFP-C001614537,c591b581-e128-f111-88b4-6045bd13d56f,2025-04-22T00:59:00Z,4/22/2025 3:59 AM,OK
2026-05-13 22:37:18,SEC RFP-C001451783,a0fcbe87-e128-f111-88b4-6045bd13d56f,2024-03-14T05:11:00Z,3/14/2024 8:11 AM,OK
2026-05-13 22:37:19,SEC RFP-C001593750,a3fcbe87-e128-f111-88b4-6045bd13d56f,2025-02-14T11:51:00Z,2/14/2025 2:51 PM,OK
2026-05-13 22:37:21,SEC RFP-C001650097,a4fcbe87-e128-f111-88b4-6045bd13d56f,2025-07-21T06:09:00Z,7/21/2025 9:09 AM,OK
2026-05-13 22:37:22,SEC RFP C001654158,bafcbe87-e128-f111-88b4-6045bd13d56f,2025-07-27T01:15:00Z,7/27/2025 4:15 AM,OK
2026-05-13 22:37:23,SEC RFP- C001647945,1be3e48d-e128-f111-88b4-6045bd13d56f,2025-07-14T22:27:00Z,7/15/2025 1:27 AM,OK
2026-05-13 22:37:24,SEC RFP-C001616700 - 6001616700,1ce3e48d-e128-f111-88b4-6045bd13d56f,2025-04-24T03:29:00Z,4/24/2025 6:29 AM,OK
2026-05-13 22:37:24,SEC RFP-C001665277,34e3e48d-e128-f111-88b4-6045bd13d56f,2025-08-14T00:25:00Z,8/14/2025 3:25 AM,OK
2026-05-13 22:37:25,SEC RFP-C001633704,35e3e48d-e128-f111-88b4-6045bd13d56f,2025-06-15T02:19:00Z,6/15/2025 5:19 AM,OK
2026-05-13 22:37:26,SEC RFP - C001544932,13cff793-e128-f111-88b4-6045bd13d56f,2024-11-13T22:25:00Z,11/14/2024 1:25 AM,OK
2026-05-13 22:37:27,SEC RFP C001527352,1ecff793-e128-f111-88b4-6045bd13d56f,2024-10-06T05:23:00Z,10/6/2024 8:23 AM,OK
2026-05-13 22:37:28,SEC RFP C001483729,4dcff793-e128-f111-88b4-6045bd13d56f,2024-06-25T03:08:00Z,6/25/2024 6:08 AM,OK
2026-05-13 22:37:29,SEC RFPC001640915,51cff793-e128-f111-88b4-6045bd13d56f,2025-06-22T03:34:00Z,6/22/2025 6:34 AM,OK
2026-05-13 22:37:30,SEC RFP-C001601539 - 6001601539,ce01149a-e128-f111-88b4-6045bd13d56f,2025-03-06T01:06:00Z,3/6/2025 4:06 AM,OK
2026-05-13 22:37:31,SEC RFP-C001596839 - 6001596839,dc01149a-e128-f111-88b4-6045bd13d56f,2025-02-20T00:12:00Z,2/20/2025 3:12 AM,OK
2026-05-13 22:37:32,SEC RFPC001649540,e301149a-e128-f111-88b4-6045bd13d56f,2025-07-29T22:34:00Z,7/30/2025 1:34 AM,OK
2026-05-13 22:37:33,SEC RFP-C001631188 - 6001631188,b05c13a0-e128-f111-88b4-6045bd13d56f,2025-05-28T00:23:00Z,5/28/2025 3:23 AM,OK
2026-05-13 22:37:34,SEC RFP-C001516214,b25c13a0-e128-f111-88b4-6045bd13d56f,2024-08-29T04:57:00Z,8/29/2024 7:57 AM,OK
2026-05-13 22:37:35,SEC RFP-C001505350,bb5c13a0-e128-f111-88b4-6045bd13d56f,2024-09-02T23:35:00Z,9/3/2024 2:35 AM,OK
2026-05-13 22:37:36,SEC RFP-C001586862 - 6001586862,334a8aa6-e128-f111-88b4-6045bd13d56f,2025-02-10T22:31:00Z,2/11/2025 1:31 AM,OK
2026-05-13 22:37:37,SEC RFP-C001656737,344a8aa6-e128-f111-88b4-6045bd13d56f,2025-07-27T08:52:00Z,7/27/2025 11:52 AM,OK
2026-05-13 22:37:38,SEC RFP-C001538336 - 6001538336,354a8aa6-e128-f111-88b4-6045bd13d56f,2024-11-03T01:40:00Z,11/3/2024 4:40 AM,OK
2026-05-13 22:37:39,SEC RFP-C001513925 - 6001513925,3c4a8aa6-e128-f111-88b4-6045bd13d56f,2024-09-05T13:13:00Z,9/5/2024 4:13 PM,OK
2026-05-13 22:37:41,SEC RFP_C001665256,3e4a8aa6-e128-f111-88b4-6045bd13d56f,2025-08-17T02:42:00Z,8/17/2025 5:42 AM,OK
2026-05-13 22:37:41,SEC RFP - C001553309,3f4a8aa6-e128-f111-88b4-6045bd13d56f,2025-01-15T04:12:00Z,1/15/2025 7:12 AM,OK
2026-05-13 22:37:43,SEC RFP - C001628378,874385ac-e128-f111-88b4-6045bd13d56f,2025-05-29T00:08:00Z,5/29/2025 3:08 AM,OK
2026-05-13 22:37:44,SEC RFP C001642772,894385ac-e128-f111-88b4-6045bd13d56f,2025-07-10T03:53:00Z,7/10/2025 6:53 AM,OK
2026-05-13 22:37:45,SEC RFPC001556906,8d4385ac-e128-f111-88b4-6045bd13d56f,2025-01-14T06:07:00Z,1/14/2025 9:07 AM,OK
2026-05-13 22:37:46,SEC RFP - C001600628,904385ac-e128-f111-88b4-6045bd13d56f,2025-03-03T00:59:00Z,3/3/2025 3:59 AM,OK
2026-05-13 22:37:47,SEC RFP-C001527822,954385ac-e128-f111-88b4-6045bd13d56f,2024-10-09T21:51:00Z,10/10/2024 12:51 AM,OK
2026-05-13 22:37:48,SEC RFP-C001544951 - 6001544951,964385ac-e128-f111-88b4-6045bd13d56f,2024-11-09T04:54:00Z,11/9/2024 7:54 AM,OK
2026-05-13 22:37:49,SEC RFP - C001552719,9c4385ac-e128-f111-88b4-6045bd13d56f,2024-12-17T03:48:00Z,12/17/2024 6:48 AM,OK
2026-05-13 22:37:50,SEC RFP-C001661314,9d4385ac-e128-f111-88b4-6045bd13d56f,2025-08-07T05:13:00Z,8/7/2025 8:13 AM,OK
2026-05-13 22:37:51,SEC RFP-C001633260,1f3da6b2-e128-f111-88b4-6045bd13d56f,2025-06-02T04:44:00Z,6/2/2025 7:44 AM,OK
2026-05-13 22:37:52,SEC RFP-C001599728,203da6b2-e128-f111-88b4-6045bd13d56f,2025-03-03T00:06:00Z,3/3/2025 3:06 AM,OK
2026-05-13 22:37:53,SEC RFP-C001528245 - 6001528245,253da6b2-e128-f111-88b4-6045bd13d56f,2024-10-08T01:12:00Z,10/8/2024 4:12 AM,OK
2026-05-13 22:37:54,SEC RFP - C001505885,2e3da6b2-e128-f111-88b4-6045bd13d56f,2024-08-25T04:35:00Z,8/25/2024 7:35 AM,OK
2026-05-13 22:37:56,SEC RFP- C001457753,343da6b2-e128-f111-88b4-6045bd13d56f,2024-03-18T11:47:00Z,3/18/2024 2:47 PM,OK
2026-05-13 22:37:57,SEC RFP- C001479786 - 6001479786,d64f05b9-e128-f111-88b4-6045bd13d56f,2024-05-22T03:25:00Z,5/22/2024 6:25 AM,OK
2026-05-13 22:37:58,SEC RFP C001449677,d74f05b9-e128-f111-88b4-6045bd13d56f,2024-03-03T00:40:00Z,3/3/2024 3:40 AM,OK
2026-05-13 22:37:59,SEC RFP-C001618299,d84f05b9-e128-f111-88b4-6045bd13d56f,2025-04-30T02:22:00Z,4/30/2025 5:22 AM,OK
2026-05-13 22:38:00,SEC RFP- C001609247 - 6001609247,dd4f05b9-e128-f111-88b4-6045bd13d56f,2025-03-26T00:43:00Z,3/26/2025 3:43 AM,OK
2026-05-13 22:38:01,SEC RFP-C001604484,e54f05b9-e128-f111-88b4-6045bd13d56f,2025-03-13T02:34:00Z,3/13/2025 5:34 AM,OK
2026-05-13 22:38:09,SEC RFP - C001589521,b0a115bf-e128-f111-88b4-6045bd13d56f,2025-02-13T00:32:00Z,2/13/2025 3:32 AM,OK
2026-05-13 22:38:11,SEC RFP-C001435302,b1a115bf-e128-f111-88b4-6045bd13d56f,2024-02-01T03:40:00Z,2/1/2024 6:40 AM,OK
2026-05-13 22:38:12,SEC RFP-C001630032,b2a115bf-e128-f111-88b4-6045bd13d56f,2025-05-19T04:14:00Z,5/19/2025 7:14 AM,OK
2026-05-13 22:38:13,SEC RFP- C001609586,b7a115bf-e128-f111-88b4-6045bd13d56f,2025-04-05T12:19:00Z,4/5/2025 3:19 PM,OK
2026-05-13 22:38:14,SEC RFP-C001623966 - 6001623966,bca115bf-e128-f111-88b4-6045bd13d56f,2025-04-29T23:19:00Z,4/30/2025 2:19 AM,OK
2026-05-13 22:38:15,SEC RFP-C001640389,bda115bf-e128-f111-88b4-6045bd13d56f,2025-06-23T04:24:00Z,6/23/2025 7:24 AM,OK
2026-05-13 22:38:16,SEC RFP-C001629202,148f1cc5-e128-f111-88b4-6045bd13d56f,2025-05-25T23:37:00Z,5/26/2025 2:37 AM,OK
2026-05-13 22:38:18,SEC RFP-C001635342,158f1cc5-e128-f111-88b4-6045bd13d56f,2025-06-03T02:44:00Z,6/3/2025 5:44 AM,OK
2026-05-13 22:38:19,SEC RFP- C001519643,388f1cc5-e128-f111-88b4-6045bd13d56f,2024-09-08T23:53:00Z,9/9/2024 2:53 AM,OK
2026-05-13 22:38:20,SEC RFP-C001491261 - 6001491261,608f1cc5-e128-f111-88b4-6045bd13d56f,2024-07-07T03:20:00Z,7/7/2024 6:20 AM,OK
2026-05-13 22:38:21,SEC RFP C001509969,dc8421cb-e128-f111-88b4-6045bd13d56f,2024-08-09T06:59:00Z,8/9/2024 9:59 AM,OK
2026-05-13 22:38:22,SEC RFP-C001521072 - 6001521072,dd8421cb-e128-f111-88b4-6045bd13d56f,2024-09-20T23:01:00Z,9/21/2024 2:01 AM,OK
2026-05-13 22:38:24,SEC RFP-C001556943,e58421cb-e128-f111-88b4-6045bd13d56f,2024-12-16T20:58:00Z,12/16/2024 11:58 PM,OK
2026-05-13 22:38:24,SEC RFP-C001553964,f28421cb-e128-f111-88b4-6045bd13d56f,2024-12-24T03:29:00Z,12/24/2024 6:29 AM,OK
2026-05-13 22:38:26,SEC RFP-C001560378 - 6001560378,f58421cb-e128-f111-88b4-6045bd13d56f,2024-12-17T02:38:00Z,12/17/2024 5:38 AM,OK
2026-05-13 22:38:26,SEC RFP- C001520314,f88421cb-e128-f111-88b4-6045bd13d56f,2024-09-10T01:31:00Z,9/10/2024 4:31 AM,OK
2026-05-13 22:38:27,SEC RFPC001473352,fc8421cb-e128-f111-88b4-6045bd13d56f,2024-04-30T02:58:00Z,4/30/2024 5:58 AM,OK
2026-05-13 22:38:28,SEC RFP-C001556941 - 6001556941,fcae58d1-e128-f111-88b4-6045bd13d56f,2024-12-15T01:02:00Z,12/15/2024 4:02 AM,OK
2026-05-13 22:38:29,SEC RFPC001473002,03af58d1-e128-f111-88b4-6045bd13d56f,2024-05-08T05:17:00Z,5/8/2024 8:17 AM,OK
2026-05-13 22:38:30,SEC RFP- C001518405 - 6001518405,11af58d1-e128-f111-88b4-6045bd13d56f,2024-09-12T02:25:00Z,9/12/2024 5:25 AM,OK
2026-05-13 22:38:32,SEC RFP-C001477872,a26bb2d7-e128-f111-88b4-6045bd13d56f,2024-05-23T02:13:00Z,5/23/2024 5:13 AM,OK
2026-05-13 22:38:33,SEC RFP-C001761482,85ef0db8-2933-f111-88b4-6045bd13d56f,2026-04-07T14:21:00Z,4/7/2026 5:21 PM,OK
2026-05-13 22:38:34,SEC RFP-C001761425 - 6001761425,96ef0db8-2933-f111-88b4-6045bd13d56f,2026-04-07T10:54:00Z,4/7/2026 1:54 PM,OK
2026-05-13 22:38:35,SEC RFP - C001753801,b4ef0db8-2933-f111-88b4-6045bd13d56f,2026-03-26T11:55:00Z,3/26/2026 2:55 PM,OK
2026-05-13 22:38:36,SEC RFP- C001760312,feef0db8-2933-f111-88b4-6045bd13d56f,2026-04-05T11:53:00Z,4/5/2026 2:53 PM,OK
2026-05-13 22:38:37,SEC RFP-C001759047,ece908be-2933-f111-88b4-6045bd13d56f,2026-04-02T10:23:00Z,4/2/2026 1:23 PM,OK
2026-05-13 22:38:38,SEC RFP-C001759976,f1e908be-2933-f111-88b4-6045bd13d56f,2026-04-02T13:27:00Z,4/2/2026 4:27 PM,OK
2026-05-13 22:38:39,SEC RFP-C001760343,553fbbc3-873c-f111-88b4-6045bd13d56f,2026-04-09T14:27:00Z,4/9/2026 5:27 PM,OK
2026-05-13 22:38:40,SEC RFP-C001762800,593fbbc3-873c-f111-88b4-6045bd13d56f,2026-04-12T09:49:00Z,4/12/2026 12:49 PM,OK
2026-05-13 22:38:41,SEC RFP-C001763283,5d3fbbc3-873c-f111-88b4-6045bd13d56f,2026-04-12T09:22:00Z,4/12/2026 12:22 PM,OK
2026-05-13 22:38:42,SEC RFP-C001765390,20ae97ca-873c-f111-88b4-6045bd13d56f,2026-04-19T09:58:00Z,4/19/2026 12:58 PM,OK
2026-05-13 22:38:44,SEC RFP-C001766666,736aafd0-873c-f111-88b4-6045bd13d56f,2026-04-19T15:23:00Z,4/19/2026 6:23 PM,OK
2026-05-13 22:38:45,SEC RFP - C001754734,bca6d654-dd28-f111-88b4-7c1e522e1e3b,2026-03-10T13:23:00Z,3/10/2026 4:23 PM,OK
2026-05-13 22:38:45,SEC RFP-C001754747,b2ddd85a-dd28-f111-88b4-7c1e522e1e3b,2026-03-11T12:48:00Z,3/11/2026 3:48 PM,OK
2026-05-13 22:38:46,SEC RFP- C001736630,c3ddd85a-dd28-f111-88b4-7c1e522e1e3b,2026-02-04T00:47:00Z,2/4/2026 3:47 AM,OK
2026-05-13 22:38:47,SEC RFP-C001620021,d1b8e720-de28-f111-88b4-7c1e522e1e3b,2025-04-24T02:51:00Z,4/24/2025 5:51 AM,OK
2026-05-13 22:38:48,SEC RFP-C001438635,58040779-de28-f111-88b4-7c1e522e1e3b,2024-01-28T23:28:00Z,1/29/2024 2:28 AM,OK
2026-05-13 22:38:49,C001433055,03d2447f-de28-f111-88b4-7c1e522e1e3b,2024-01-30T02:46:00Z,1/30/2024 5:46 AM,OK
2026-05-13 22:38:50,SEC RFP-C001737468,5b553d85-de28-f111-88b4-7c1e522e1e3b,2026-02-02T03:17:00Z,2/2/2026 6:17 AM,OK
2026-05-13 22:38:51,SEC RFP-C001729202,5d553d85-de28-f111-88b4-7c1e522e1e3b,2026-02-02T03:11:00Z,2/2/2026 6:11 AM,OK
2026-05-13 22:38:52,SEC RFP-C001734602,6e553d85-de28-f111-88b4-7c1e522e1e3b,2026-01-27T23:41:00Z,1/28/2026 2:41 AM,OK
2026-05-13 22:38:53,SEC RFP-C001712586,9c8b598b-de28-f111-88b4-7c1e522e1e3b,2026-01-12T23:37:00Z,1/13/2026 2:37 AM,OK
2026-05-13 22:38:54,SEC RFP-C001713726,d9077891-de28-f111-88b4-7c1e522e1e3b,2025-12-07T23:53:00Z,12/8/2025 2:53 AM,OK
2026-05-13 22:38:55,SEC RFP- C001709647,e2077891-de28-f111-88b4-7c1e522e1e3b,2025-12-08T21:58:00Z,12/9/2025 12:58 AM,OK
2026-05-13 22:38:56,SEC RFP-C001707490,ee077891-de28-f111-88b4-7c1e522e1e3b,2025-11-16T03:16:00Z,11/16/2025 6:16 AM,OK
2026-05-13 22:38:58,SEC RFP-C001698569 - 6001698569,f0077891-de28-f111-88b4-7c1e522e1e3b,2025-11-09T03:32:00Z,11/9/2025 6:32 AM,OK
2026-05-13 22:38:59,SEC RFPC001701163,f1077891-de28-f111-88b4-7c1e522e1e3b,2025-11-22T03:34:00Z,11/22/2025 6:34 AM,OK
2026-05-13 22:39:00,SEC RFP-C001704363,0bc28197-de28-f111-88b4-7c1e522e1e3b,2025-11-16T23:35:00Z,11/17/2025 2:35 AM,OK
2026-05-13 22:39:00,SEC RFP-C001701672,0dc28197-de28-f111-88b4-7c1e522e1e3b,2025-11-13T06:55:00Z,11/13/2025 9:55 AM,OK
2026-05-13 22:39:01,SEC RFP-C001696296,19c28197-de28-f111-88b4-7c1e522e1e3b,2025-10-18T23:55:00Z,10/19/2025 2:55 AM,OK
2026-05-13 22:39:02,SEC RFP-C001689846,18148b9d-de28-f111-88b4-7c1e522e1e3b,2025-10-26T04:08:00Z,10/26/2025 7:08 AM,OK
2026-05-13 22:39:03,SEC RFP-C001693422,1b148b9d-de28-f111-88b4-7c1e522e1e3b,2025-10-14T23:33:00Z,10/15/2025 2:33 AM,OK
2026-05-13 22:39:04,SEC RFP-C001683084,34148b9d-de28-f111-88b4-7c1e522e1e3b,2025-10-08T04:13:00Z,10/8/2025 7:13 AM,OK
2026-05-13 22:39:05,SEC RFP-C001687692,41148b9d-de28-f111-88b4-7c1e522e1e3b,2025-10-08T02:21:00Z,10/8/2025 5:21 AM,OK
2026-05-13 22:39:06,SEC RFP-C001677511,e69183a3-de28-f111-88b4-7c1e522e1e3b,2025-09-07T21:20:00Z,9/8/2025 12:20 AM,OK
2026-05-13 22:39:07,SEC RFP-C001681002,eb9183a3-de28-f111-88b4-7c1e522e1e3b,2025-09-13T21:33:00Z,9/14/2025 12:33 AM,OK
2026-05-13 22:39:15,SEC RFP-C001675391 - 6001675391,5893f0b5-de28-f111-88b4-7c1e522e1e3b,2025-08-26T23:10:00Z,8/27/2025 2:10 AM,OK
2026-05-13 22:39:16,SEC RFP-C001673566,6693f0b5-de28-f111-88b4-7c1e522e1e3b,2025-08-04T01:42:00Z,8/4/2025 4:42 AM,OK
2026-05-13 22:39:18,SEC RFP- C001678253,6d93f0b5-de28-f111-88b4-7c1e522e1e3b,2025-09-16T03:58:00Z,9/16/2025 6:58 AM,OK
2026-05-13 22:39:19,SEC RFP-C001665266,e10fe9bb-de28-f111-88b4-7c1e522e1e3b,2025-08-28T02:36:00Z,8/28/2025 5:36 AM,OK
2026-05-13 22:39:20,SEC RFP-C001666385,0e10e9bb-de28-f111-88b4-7c1e522e1e3b,2025-08-18T09:37:00Z,8/18/2025 12:37 PM,OK
2026-05-13 22:39:21,SEC RFP-C001666477,1a10e9bb-de28-f111-88b4-7c1e522e1e3b,2025-08-26T03:31:00Z,8/26/2025 6:31 AM,OK
2026-05-13 22:39:22,SEC RFP-C001670564,3b10e9bb-de28-f111-88b4-7c1e522e1e3b,2025-09-14T00:26:00Z,9/14/2025 3:26 AM,OK
2026-05-13 22:39:24,SEC RFP-C001677268,33260ac2-de28-f111-88b4-7c1e522e1e3b,2025-09-18T05:20:00Z,9/18/2025 8:20 AM,OK
2026-05-13 22:39:25,SEC RFP-C001666474,42260ac2-de28-f111-88b4-7c1e522e1e3b,2025-08-20T08:45:00Z,8/20/2025 11:45 AM,OK
2026-05-13 22:39:26,SEC RFP-C001657554,52260ac2-de28-f111-88b4-7c1e522e1e3b,2025-08-17T03:25:00Z,8/17/2025 6:25 AM,OK
2026-05-13 22:39:27,SEC RFPC001585087,61260ac2-de28-f111-88b4-7c1e522e1e3b,2025-02-05T02:47:00Z,2/5/2025 5:47 AM,OK
2026-05-13 22:39:27,SEC RFPC001588798,65260ac2-de28-f111-88b4-7c1e522e1e3b,2025-02-09T02:44:00Z,2/9/2025 5:44 AM,OK
2026-05-13 22:39:28,SEC RFP-C001662000,6e260ac2-de28-f111-88b4-7c1e522e1e3b,2025-07-31T04:23:00Z,7/31/2025 7:23 AM,OK
2026-05-13 22:39:29,SEC RFP-C001585674 - 6001585674,7d260ac2-de28-f111-88b4-7c1e522e1e3b,2025-02-02T23:26:00Z,2/3/2025 2:26 AM,OK
2026-05-13 22:39:30,SEC RFPC001436728,5bb921c8-de28-f111-88b4-7c1e522e1e3b,2024-01-29T01:54:00Z,1/29/2024 4:54 AM,OK
2026-05-13 22:39:31,SEC RFP C001458453,69b921c8-de28-f111-88b4-7c1e522e1e3b,2024-03-19T04:55:00Z,3/19/2024 7:55 AM,OK
2026-05-13 22:39:32,SEC RFP C001528227,94b921c8-de28-f111-88b4-7c1e522e1e3b,2024-10-16T01:43:00Z,10/16/2024 4:43 AM,OK
2026-05-13 22:39:33,SEC RFP-C001528252 - 6001528252,a3b921c8-de28-f111-88b4-7c1e522e1e3b,2024-10-09T05:46:00Z,10/9/2024 8:46 AM,OK
2026-05-13 22:39:34,SEC RFP-C001665268,b4b921c8-de28-f111-88b4-7c1e522e1e3b,2025-07-29T05:19:00Z,7/29/2025 8:19 AM,OK
2026-05-13 22:39:36,SEC RFP-C001628379,c5b921c8-de28-f111-88b4-7c1e522e1e3b,2025-05-11T23:08:00Z,5/12/2025 2:08 AM,OK
2026-05-13 22:39:37,SEC RFP-C001459571,a3dc1ece-de28-f111-88b4-7c1e522e1e3b,2024-03-21T05:30:00Z,3/21/2024 8:30 AM,OK
2026-05-13 22:39:38,SEC RFP C001661962,a8dc1ece-de28-f111-88b4-7c1e522e1e3b,2025-08-05T02:08:00Z,8/5/2025 5:08 AM,OK
2026-05-13 22:39:39,SEC RFPC001459538,bcdc1ece-de28-f111-88b4-7c1e522e1e3b,2024-03-20T05:32:00Z,3/20/2024 8:32 AM,OK
2026-05-13 22:39:40,SEC RFPC001555394,c7dc1ece-de28-f111-88b4-7c1e522e1e3b,2025-01-07T03:16:00Z,1/7/2025 6:16 AM,OK
2026-05-13 22:39:41,SEC RFP C001549747,cddc1ece-de28-f111-88b4-7c1e522e1e3b,2024-12-30T01:59:00Z,12/30/2024 4:59 AM,OK
2026-05-13 22:39:42,SEC RFP- C001423234,962c2fd4-de28-f111-88b4-7c1e522e1e3b,2024-01-04T04:00:00Z,1/4/2024 7:00 AM,OK
2026-05-13 22:39:44,SEC RFPC001527894,245b33da-de28-f111-88b4-7c1e522e1e3b,2024-10-07T05:11:00Z,10/7/2024 8:11 AM,OK
2026-05-13 22:39:45,SEC RFPC001670637,275b33da-de28-f111-88b4-7c1e522e1e3b,2025-08-20T06:52:00Z,8/20/2025 9:52 AM,OK
2026-05-13 22:39:46,SEC RFP-C001561740,2e5b33da-de28-f111-88b4-7c1e522e1e3b,2025-01-13T23:51:00Z,1/14/2025 2:51 AM,OK
2026-05-13 22:39:47,SEC RFP-C001442426,375b33da-de28-f111-88b4-7c1e522e1e3b,2024-02-18T06:04:00Z,2/18/2024 9:04 AM,OK
2026-05-13 22:39:48,SEC RFP - C001595983,3c5b33da-de28-f111-88b4-7c1e522e1e3b,2025-03-19T00:02:00Z,3/19/2025 3:02 AM,OK
2026-05-13 22:39:49,SEC RFP-C001532902 - 6001532902,93c537e0-de28-f111-88b4-7c1e522e1e3b,2024-10-21T21:57:00Z,10/22/2024 12:57 AM,OK
2026-05-13 22:39:50,SEC RFP-C001648746 - 6001648746,32a68fe6-de28-f111-88b4-7c1e522e1e3b,2025-07-15T03:39:00Z,7/15/2025 6:39 AM,OK
2026-05-13 22:39:51,SEC RFP - C001511670,44a68fe6-de28-f111-88b4-7c1e522e1e3b,2024-08-26T01:17:00Z,8/26/2024 4:17 AM,OK
2026-05-13 22:39:52,SEC RFP-C001625253,4ca68fe6-de28-f111-88b4-7c1e522e1e3b,2025-05-18T03:54:00Z,5/18/2025 6:54 AM,OK
2026-05-13 22:39:53,SEC RFP-C001510661,06b09dec-de28-f111-88b4-7c1e522e1e3b,2024-08-21T04:04:00Z,8/21/2024 7:04 AM,OK
2026-05-13 22:39:54,SEC RFP-C001459312-6001459312,0fb09dec-de28-f111-88b4-7c1e522e1e3b,2024-03-18T05:10:00Z,3/18/2024 8:10 AM,OK
2026-05-13 22:39:55,SEC RFP-C001646189,16b09dec-de28-f111-88b4-7c1e522e1e3b,2025-06-26T03:37:00Z,6/26/2025 6:37 AM,OK
2026-05-13 22:40:01,SEC RFP-C001459593,1bb09dec-de28-f111-88b4-7c1e522e1e3b,2024-04-02T03:07:00Z,4/2/2024 6:07 AM,OK
2026-05-13 22:40:03,SEC RFP- C001542952,20b09dec-de28-f111-88b4-7c1e522e1e3b,2024-11-26T03:44:00Z,11/26/2024 6:44 AM,OK
2026-05-13 22:40:04,SEC RFP-C001483718,d53f96f2-de28-f111-88b4-7c1e522e1e3b,2024-06-05T03:26:00Z,6/5/2024 6:26 AM,OK
2026-05-13 22:40:05,SEC RFP-C001651891 - 6001651891,ea3f96f2-de28-f111-88b4-7c1e522e1e3b,2025-07-21T03:49:00Z,7/21/2025 6:49 AM,OK
2026-05-13 22:40:06,SEC RFP-C001600096,fb3f96f2-de28-f111-88b4-7c1e522e1e3b,2025-03-06T00:14:00Z,3/6/2025 3:14 AM,OK
2026-05-13 22:40:07,SEC RFP-C001625826,a8fb60f9-de28-f111-88b4-7c1e522e1e3b,2025-05-13T03:49:00Z,5/13/2025 6:49 AM,OK
2026-05-13 22:40:08,SEC RFP-C001654187 - 6001654187,affb60f9-de28-f111-88b4-7c1e522e1e3b,2025-07-19T11:53:00Z,7/19/2025 2:53 PM,OK
2026-05-13 22:40:09,SEC RFP-C001433167,d7fb60f9-de28-f111-88b4-7c1e522e1e3b,2024-02-20T23:18:00Z,2/21/2024 2:18 AM,OK
2026-05-13 22:40:37,SEC RFP-C001534259 - 6001534259,f8d269ff-de28-f111-88b4-7c1e522e1e3b,2024-10-21T03:09:00Z,10/21/2024 6:09 AM,OK
2026-05-13 22:40:38,SEC RFP-C001483935,ffd269ff-de28-f111-88b4-7c1e522e1e3b,2024-06-11T01:31:00Z,6/11/2024 4:31 AM,OK
2026-05-13 22:40:39,SEC RFP-C001642287 - 6001642287,02d369ff-de28-f111-88b4-7c1e522e1e3b,2025-06-29T03:40:00Z,6/29/2025 6:40 AM,OK
2026-05-13 22:40:40,SEC RFP-C001651908,79ec6b05-df28-f111-88b4-7c1e522e1e3b,2025-07-19T22:42:00Z,7/20/2025 1:42 AM,OK
2026-05-13 22:40:41,SEC RFP- C001472373 - 6001472373,9b23100c-df28-f111-88b4-7c1e522e1e3b,2024-05-05T04:27:00Z,5/5/2024 7:27 AM,OK
2026-05-13 22:40:43,SEC RFP-C001524424,a823100c-df28-f111-88b4-7c1e522e1e3b,2024-09-29T04:46:00Z,9/29/2024 7:46 AM,OK
2026-05-13 22:40:44,SEC RFP C001507615,cbfa0a12-df28-f111-88b4-7c1e522e1e3b,2024-08-12T01:34:00Z,8/12/2024 4:34 AM,OK
2026-05-13 22:40:45,SEC RFP-C001502253,ecfa0a12-df28-f111-88b4-7c1e522e1e3b,2024-07-29T01:08:00Z,7/29/2024 4:08 AM,OK
2026-05-13 22:40:45,SEC RFP-C001476517,11073318-df28-f111-88b4-7c1e522e1e3b,2024-05-23T04:14:00Z,5/23/2024 7:14 AM,OK
2026-05-13 22:40:47,SEC RFP-C001524448,3f073318-df28-f111-88b4-7c1e522e1e3b,2024-09-29T05:00:00Z,9/29/2024 8:00 AM,OK
2026-05-13 22:40:48,SEC RFP-C001538357,41073318-df28-f111-88b4-7c1e522e1e3b,2024-11-09T10:29:00Z,11/9/2024 1:29 PM,OK
2026-05-13 22:40:49,SEC RFP-C001476359,a445411e-df28-f111-88b4-7c1e522e1e3b,2024-05-14T21:58:00Z,5/15/2024 12:58 AM,OK
2026-05-13 22:40:50,SEC RFP-C001491263 - 6001491263,c745411e-df28-f111-88b4-7c1e522e1e3b,2024-07-04T03:04:00Z,7/4/2024 6:04 AM,OK
2026-05-13 22:40:51,RFQ - C001730018,1fa24324-df28-f111-88b4-7c1e522e1e3b,2026-01-17T22:09:00Z,1/18/2026 1:09 AM,OK
2026-05-13 22:40:52,SEC RFP-C001707777,34a24324-df28-f111-88b4-7c1e522e1e3b,2025-12-30T03:53:00Z,12/30/2025 6:53 AM,OK
2026-05-13 22:40:53,SEC RFP-C001521048,f4c8452a-df28-f111-88b4-7c1e522e1e3b,2024-09-16T04:41:00Z,9/16/2024 7:41 AM,OK
2026-05-13 22:40:54,SEC RFP-C001754781,bbbd4530-df28-f111-88b4-7c1e522e1e3b,2026-03-11T11:08:00Z,3/11/2026 2:08 PM,OK
2026-05-13 22:40:55,SEC RFP-C001724607,c2bd4530-df28-f111-88b4-7c1e522e1e3b,2025-12-26T23:17:00Z,12/27/2025 2:17 AM,OK
2026-05-13 22:40:56,SEC RFP-C001691162,d7bd4530-df28-f111-88b4-7c1e522e1e3b,2025-10-13T00:20:00Z,10/13/2025 3:20 AM,OK
2026-05-13 22:40:58,SEC RFP-C001681652,4efffc36-df28-f111-88b4-7c1e522e1e3b,2025-09-21T03:44:00Z,9/21/2025 6:44 AM,OK
2026-05-13 22:40:59,SEC RFP-C001639673,76fffc36-df28-f111-88b4-7c1e522e1e3b,2025-06-23T02:38:00Z,6/23/2025 5:38 AM,OK
2026-05-13 22:41:00,SEC RFP-C001577979,9ef3f143-df28-f111-88b4-7c1e522e1e3b,2024-12-25T04:37:00Z,12/25/2024 7:37 AM,OK
2026-05-13 22:41:01,SEC RFP-C001449814,a1f3f143-df28-f111-88b4-7c1e522e1e3b,2024-03-06T22:16:00Z,3/7/2024 1:16 AM,OK
2026-05-13 22:41:03,SEC RFPC001593749,a9f3f143-df28-f111-88b4-7c1e522e1e3b,2025-02-26T10:29:00Z,2/26/2025 1:29 PM,OK
2026-05-13 22:41:04,SEC RFP-C001656716,abf3f143-df28-f111-88b4-7c1e522e1e3b,2025-07-26T05:04:00Z,7/26/2025 8:04 AM,OK
2026-05-13 22:41:05,SEC RFP-C001438644,50f1ec49-df28-f111-88b4-7c1e522e1e3b,2024-02-02T08:42:00Z,2/2/2024 11:42 AM,OK
2026-05-13 22:41:06,SEC RFP-C001617296,53f1ec49-df28-f111-88b4-7c1e522e1e3b,2025-04-27T04:13:00Z,4/27/2025 7:13 AM,OK
2026-05-13 22:41:07,SEC RFP-C001657586,56f1ec49-df28-f111-88b4-7c1e522e1e3b,2025-08-11T04:48:00Z,8/11/2025 7:48 AM,OK
2026-05-13 22:41:08,SEC RFP - C001569847,5cf1ec49-df28-f111-88b4-7c1e522e1e3b,2025-02-03T03:26:00Z,2/3/2025 6:26 AM,OK
2026-05-13 22:41:09,SEC RFP-C001583450 - 6001583450,60f1ec49-df28-f111-88b4-7c1e522e1e3b,2025-02-05T03:54:00Z,2/5/2025 6:54 AM,OK
2026-05-13 22:41:10,SEC RFP-C001647936 - 6001647936,77f1ec49-df28-f111-88b4-7c1e522e1e3b,2025-07-13T03:47:00Z,7/13/2025 6:47 AM,OK
2026-05-13 22:41:11,SEC RFP - C001661326,f11af44f-df28-f111-88b4-7c1e522e1e3b,2025-07-31T04:16:00Z,7/31/2025 7:16 AM,OK
2026-05-13 22:41:12,SEC RFP-C001538407,1a1bf44f-df28-f111-88b4-7c1e522e1e3b,2024-11-03T01:01:00Z,11/3/2024 4:01 AM,OK
2026-05-13 22:41:13,SEC RFPC001647897,1c1bf44f-df28-f111-88b4-7c1e522e1e3b,2025-06-26T03:16:00Z,6/26/2025 6:16 AM,OK
2026-05-13 22:41:15,SEC RFP - C001536821,201bf44f-df28-f111-88b4-7c1e522e1e3b,2024-11-20T01:57:00Z,11/20/2024 4:57 AM,OK
2026-05-13 22:41:16,SEC RFP - C001446090,4bc0ec55-df28-f111-88b4-7c1e522e1e3b,2024-03-03T02:25:00Z,3/3/2024 5:25 AM,OK
2026-05-13 22:41:17,SEC RFP-C001604513 - 6001604513,5cc0ec55-df28-f111-88b4-7c1e522e1e3b,2025-03-17T01:23:00Z,3/17/2025 4:23 AM,OK
2026-05-13 22:41:18,SEC RFP-C001515794 - 6001515794,64c0ec55-df28-f111-88b4-7c1e522e1e3b,2024-08-29T06:19:00Z,8/29/2024 9:19 AM,OK
2026-05-13 22:41:19,SEC RFP-C001651215 - 6001651215,74c0ec55-df28-f111-88b4-7c1e522e1e3b,2025-07-15T01:47:00Z,7/15/2025 4:47 AM,OK
2026-05-13 22:41:20,SEC RFP- C001540262 - 6001540262,99fb3f5c-df28-f111-88b4-7c1e522e1e3b,2024-11-01T21:49:00Z,11/2/2024 12:49 AM,OK
2026-05-13 22:41:22,SEC RFP-C001524507,a2fb3f5c-df28-f111-88b4-7c1e522e1e3b,2024-09-18T05:09:00Z,9/18/2024 8:09 AM,OK
2026-05-13 22:41:23,SEC RFP - C001651259,acfb3f5c-df28-f111-88b4-7c1e522e1e3b,2025-07-19T23:59:00Z,7/20/2025 2:59 AM,OK
2026-05-13 22:41:24,SEC RFP - C001574605,52ab6a62-df28-f111-88b4-7c1e522e1e3b,2025-01-13T21:35:00Z,1/14/2025 12:35 AM,OK
2026-05-13 22:41:25,SEC RFP-C001653323 - 6001653323,5eab6a62-df28-f111-88b4-7c1e522e1e3b,2025-07-16T04:07:00Z,7/16/2025 7:07 AM,OK
2026-05-13 22:41:26,SEC RFP-C001634255,64ab6a62-df28-f111-88b4-7c1e522e1e3b,2025-06-03T00:43:00Z,6/3/2025 3:43 AM,OK
2026-05-13 22:41:27,SEC RFP-C001606460,65ab6a62-df28-f111-88b4-7c1e522e1e3b,2025-03-10T04:38:00Z,3/10/2025 7:38 AM,OK
2026-05-13 22:41:28,SEC RFP C001654225,67ab6a62-df28-f111-88b4-7c1e522e1e3b,2025-07-22T02:18:00Z,7/22/2025 5:18 AM,OK
2026-05-13 22:41:29,SEC RFP 6001597806,6c70d769-df28-f111-88b4-7c1e522e1e3b,2025-02-25T23:40:00Z,2/26/2025 2:40 AM,OK
2026-05-13 22:41:30,SEC RFPC001634696,7f0bdc6f-df28-f111-88b4-7c1e522e1e3b,2025-05-25T04:43:00Z,5/25/2025 7:43 AM,OK
2026-05-13 22:41:31,SEC RFP - C001437739,820bdc6f-df28-f111-88b4-7c1e522e1e3b,2024-01-30T21:36:00Z,1/31/2024 12:36 AM,OK
2026-05-13 22:41:32,SEC RFP-C001612906,850bdc6f-df28-f111-88b4-7c1e522e1e3b,2025-04-16T00:09:00Z,4/16/2025 3:09 AM,OK
2026-05-13 22:41:34,SEC RFP-C001476117,a80bdc6f-df28-f111-88b4-7c1e522e1e3b,2024-05-21T23:46:00Z,5/22/2024 2:46 AM,OK
2026-05-13 22:41:35,SEC RFP-C001503913,a0c5d475-df28-f111-88b4-7c1e522e1e3b,2024-08-19T01:07:00Z,8/19/2024 4:07 AM,OK
2026-05-13 22:41:37,SEC RFP-C001492269,abc5d475-df28-f111-88b4-7c1e522e1e3b,2024-07-01T14:44:00Z,7/1/2024 5:44 PM,OK
2026-05-13 22:41:38,SEC RFP-C001476074,07c6d475-df28-f111-88b4-7c1e522e1e3b,2024-05-19T03:44:00Z,5/19/2024 6:44 AM,OK
2026-05-13 22:41:40,SEC RFP-C001500408,18c6d475-df28-f111-88b4-7c1e522e1e3b,2024-08-07T16:47:00Z,8/7/2024 7:47 PM,OK
2026-05-13 22:41:41,SEC RFP- C001475098 - 6001475098,199acf7b-df28-f111-88b4-7c1e522e1e3b,2024-05-17T08:43:00Z,5/17/2024 11:43 AM,OK
2026-05-13 22:41:42,SEC RFP C001507026,409acf7b-df28-f111-88b4-7c1e522e1e3b,2024-08-17T03:23:00Z,8/17/2024 6:23 AM,OK
2026-05-13 22:41:44,SEC RFP-C001490332,4a9acf7b-df28-f111-88b4-7c1e522e1e3b,2024-06-26T11:29:00Z,6/26/2024 2:29 PM,OK
2026-05-13 22:41:45,SEC RFP C001494431,529acf7b-df28-f111-88b4-7c1e522e1e3b,2024-07-29T23:42:00Z,7/30/2024 2:42 AM,OK
2026-05-13 22:41:46,SEC RFP- C001557637 - 6001557637,258dca81-df28-f111-88b4-7c1e522e1e3b,2024-12-10T21:44:00Z,12/11/2024 12:44 AM,OK
2026-05-13 22:41:47,SEC RFP-C001518477 - 6001518477,3c8dca81-df28-f111-88b4-7c1e522e1e3b,2024-09-09T23:45:00Z,9/10/2024 2:45 AM,OK
2026-05-13 22:41:49,SEC RFP-C001556902,458dca81-df28-f111-88b4-7c1e522e1e3b,2024-12-15T02:34:00Z,12/15/2024 5:34 AM,OK
2026-05-13 22:41:50,SEC RFP-C001552216 - 6001552216,468dca81-df28-f111-88b4-7c1e522e1e3b,2024-12-09T03:54:00Z,12/9/2024 6:54 AM,OK
2026-05-13 22:41:51,SEC RFP - C001513820,478dca81-df28-f111-88b4-7c1e522e1e3b,2024-09-16T06:11:00Z,9/16/2024 9:11 AM,OK
2026-05-13 22:41:52,SEC RFP-C001743141,2c1bf08d-df28-f111-88b4-7c1e522e1e3b,2026-02-23T14:21:00Z,2/23/2026 5:21 PM,OK
2026-05-13 22:41:53,SEC RFP- C001721455,341bf08d-df28-f111-88b4-7c1e522e1e3b,2026-01-01T00:43:00Z,1/1/2026 3:43 AM,OK
2026-05-13 22:41:54,SEC RFP - C001746792,351bf08d-df28-f111-88b4-7c1e522e1e3b,2026-02-23T18:31:00Z,2/23/2026 9:31 PM,OK
2026-05-13 22:42:37,RFQ - C001749183,b610ed93-df28-f111-88b4-7c1e522e1e3b,2026-02-26T15:44:00Z,2/26/2026 6:44 PM,OK
2026-05-13 22:42:39,SEC RFP - C001752937,c910ed93-df28-f111-88b4-7c1e522e1e3b,2026-03-08T10:59:00Z,3/8/2026 1:59 PM,OK
2026-05-13 22:42:40,SEC RFP-C001754752,e5a3f199-df28-f111-88b4-7c1e522e1e3b,2026-03-10T13:45:00Z,3/10/2026 4:45 PM,OK
2026-05-13 22:42:41,SEC RFP-C001754746,e8a3f199-df28-f111-88b4-7c1e522e1e3b,2026-03-10T12:33:00Z,3/10/2026 3:33 PM,OK
2026-05-13 22:42:43,SEC RFP-C001718279,faa3f199-df28-f111-88b4-7c1e522e1e3b,2026-01-26T01:52:00Z,1/26/2026 4:52 AM,OK
2026-05-13 22:42:44,SEC RFP-C001738938,fca3f199-df28-f111-88b4-7c1e522e1e3b,2026-01-27T21:59:00Z,1/28/2026 12:59 AM,OK
2026-05-13 22:42:45,SEC RFP-C001660895,cc74f08c-e028-f111-88b4-7c1e522e1e3b,2025-08-05T00:27:00Z,8/5/2025 3:27 AM,OK
2026-05-13 22:42:46,SEC-RFQ C001546509,00f01c04-e128-f111-88b4-7c1e522e1e3b,2024-11-20T07:18:00Z,11/20/2024 10:18 AM,OK
2026-05-13 22:42:47,SEC RFP-C001733719,9724ed30-e128-f111-88b4-7c1e522e1e3b,2026-02-05T03:28:00Z,2/5/2026 6:28 AM,OK
2026-05-13 22:42:49,SEC RFP- C001733710,9d24ed30-e128-f111-88b4-7c1e522e1e3b,2026-01-28T03:21:00Z,1/28/2026 6:21 AM,OK
2026-05-13 22:42:50,SEC RFP-C001732692,a424ed30-e128-f111-88b4-7c1e522e1e3b,2026-01-13T21:26:00Z,1/14/2026 12:26 AM,OK
2026-05-13 22:42:51,SEC RFP-C001726037,a724ed30-e128-f111-88b4-7c1e522e1e3b,2025-12-03T23:46:00Z,12/4/2025 2:46 AM,OK
2026-05-13 22:42:52,SEC RFP-C001727095,ac24ed30-e128-f111-88b4-7c1e522e1e3b,2026-01-12T20:43:00Z,1/12/2026 11:43 PM,OK
2026-05-13 22:42:53,SEC RFPC001724003,ae24ed30-e128-f111-88b4-7c1e522e1e3b,2026-01-13T02:55:00Z,1/13/2026 5:55 AM,OK
2026-05-13 22:42:54,SEC RFP-C001718306,a04fa437-e128-f111-88b4-7c1e522e1e3b,2025-12-21T00:23:00Z,12/21/2025 3:23 AM,OK
2026-05-13 22:42:55,SEC RFP-C001713774,a14fa437-e128-f111-88b4-7c1e522e1e3b,2025-12-25T03:20:00Z,12/25/2025 6:20 AM,OK
2026-05-13 22:42:57,SEC RFP-C001711561,a34fa437-e128-f111-88b4-7c1e522e1e3b,2025-12-09T23:09:00Z,12/10/2025 2:09 AM,OK
2026-05-13 22:42:58,SEC RFP- C001713109,b34fa437-e128-f111-88b4-7c1e522e1e3b,2025-12-07T02:53:00Z,12/7/2025 5:53 AM,OK
2026-05-13 22:42:59,SEC RFP-C001699303 - 6001699303,b74fa437-e128-f111-88b4-7c1e522e1e3b,2025-10-30T01:04:00Z,10/30/2025 4:04 AM,OK
2026-05-13 22:43:00,SEC RFP-C001706557,b84fa437-e128-f111-88b4-7c1e522e1e3b,2025-11-01T22:46:00Z,11/2/2025 1:46 AM,OK
2026-05-13 22:43:02,SEC RFP- C001692848,c94fa437-e128-f111-88b4-7c1e522e1e3b,2025-11-18T01:42:00Z,11/18/2025 4:42 AM,OK
2026-05-13 22:43:03,SEC RFP-C001701719,4b0c013e-e128-f111-88b4-7c1e522e1e3b,2025-11-08T23:00:00Z,11/9/2025 2:00 AM,OK
2026-05-13 22:43:04,SEC RFP-C001701723,4d0c013e-e128-f111-88b4-7c1e522e1e3b,2025-11-06T01:47:00Z,11/6/2025 4:47 AM,OK
2026-05-13 22:43:05,SEC RFP-C001699381,500c013e-e128-f111-88b4-7c1e522e1e3b,2025-11-08T22:38:00Z,11/9/2025 1:38 AM,OK
2026-05-13 22:43:06,SEC RFP-C001700386,650c013e-e128-f111-88b4-7c1e522e1e3b,2025-11-03T03:43:00Z,11/3/2025 6:43 AM,OK
2026-05-13 22:43:07,SEC RFPC001697854,e6543344-e128-f111-88b4-7c1e522e1e3b,2025-10-28T05:20:00Z,10/28/2025 8:20 AM,OK
2026-05-13 22:43:09,SEC RFP-C001685402,f8543344-e128-f111-88b4-7c1e522e1e3b,2025-10-16T10:59:00Z,10/16/2025 1:59 PM,OK
2026-05-13 22:43:10,SEC RFP-C001691866,f9543344-e128-f111-88b4-7c1e522e1e3b,2025-10-19T16:20:00Z,10/19/2025 7:20 PM,OK
2026-05-13 22:43:11,SEC RFP-C001695709,fa543344-e128-f111-88b4-7c1e522e1e3b,2025-10-13T23:34:00Z,10/14/2025 2:34 AM,OK
2026-05-13 22:43:13,SEC RFP-C001734554,14949d62-e128-f111-88b4-7c1e522e1e3b,2026-02-03T21:30:00Z,2/4/2026 12:30 AM,OK
2026-05-13 22:43:14,SEC RFP - C001659822,21949d62-e128-f111-88b4-7c1e522e1e3b,2025-09-10T02:11:00Z,9/10/2025 5:11 AM,OK
2026-05-13 22:43:15,SEC RFP-C001671222,309e9c68-e128-f111-88b4-7c1e522e1e3b,2025-09-02T01:02:00Z,9/2/2025 4:02 AM,OK
2026-05-13 22:43:16,SEC RFP-C001538393,59ba8e74-e128-f111-88b4-7c1e522e1e3b,2024-10-30T03:56:00Z,10/30/2024 6:56 AM,OK
2026-05-13 22:43:17,SEC RFP-C001614944 - 6001614944,64ba8e74-e128-f111-88b4-7c1e522e1e3b,2025-04-15T03:59:00Z,4/15/2025 6:59 AM,OK
2026-05-13 22:43:18,SEC RFP- C001633255 - 6001633255,079eb47a-e128-f111-88b4-7c1e522e1e3b,2025-06-01T21:22:00Z,6/2/2025 12:22 AM,OK
2026-05-13 22:43:20,SEC RFP-C001599675,099eb47a-e128-f111-88b4-7c1e522e1e3b,2025-03-13T00:39:00Z,3/13/2025 3:39 AM,OK
2026-05-13 22:43:39,SEC RFP-C001618252,129eb47a-e128-f111-88b4-7c1e522e1e3b,2025-05-01T02:00:00Z,5/1/2025 5:00 AM,OK
2026-05-13 22:43:41,SEC RFP-C001533889 - 6001533889,139eb47a-e128-f111-88b4-7c1e522e1e3b,2024-10-23T05:11:00Z,10/23/2024 8:11 AM,OK
2026-05-13 22:43:42,SEC RFP - C001463537,199eb47a-e128-f111-88b4-7c1e522e1e3b,2024-04-07T00:51:00Z,4/7/2024 3:51 AM,OK
2026-05-13 22:43:43,SEC RFP-C001598673,7f59ae81-e128-f111-88b4-7c1e522e1e3b,2025-03-05T23:46:00Z,3/6/2025 2:46 AM,OK
2026-05-13 22:43:44,SEC RFP-C001617273,8159ae81-e128-f111-88b4-7c1e522e1e3b,2025-04-21T05:20:00Z,4/21/2025 8:20 AM,OK
2026-05-13 22:43:45,SEC RFP C001632483,9e59ae81-e128-f111-88b4-7c1e522e1e3b,2025-06-02T22:24:00Z,6/3/2025 1:24 AM,OK
2026-05-13 22:43:46,SEC RFP - C001640862,e2f7a687-e128-f111-88b4-7c1e522e1e3b,2025-06-23T04:56:00Z,6/23/2025 7:56 AM,OK
2026-05-13 22:43:47,SEC RFP-C001531484,eef7a687-e128-f111-88b4-7c1e522e1e3b,2024-10-08T00:00:00Z,10/8/2024 3:00 AM,OK
2026-05-13 22:43:48,SEC RFP - C001624126,f8f7a687-e128-f111-88b4-7c1e522e1e3b,2025-06-03T22:48:00Z,6/4/2025 1:48 AM,OK
2026-05-13 22:43:49,SEC RFP C001537575,4dfebb8d-e128-f111-88b4-7c1e522e1e3b,2024-10-30T22:46:00Z,10/31/2024 1:46 AM,OK
2026-05-13 22:43:51,SEC RFP-C001647138,6cfebb8d-e128-f111-88b4-7c1e522e1e3b,2025-07-17T13:58:00Z,7/17/2025 4:58 PM,OK
2026-05-13 22:43:52,SEC RFP-C001482102,83febb8d-e128-f111-88b4-7c1e522e1e3b,2024-06-05T22:15:00Z,6/6/2024 1:15 AM,OK
2026-05-13 22:43:53,SEC RFP C001622710,a6febb8d-e128-f111-88b4-7c1e522e1e3b,2025-05-07T23:04:00Z,5/8/2025 2:04 AM,OK
2026-05-13 22:43:55,SEC RFP- C001658084 - 6001658084,1eaec293-e128-f111-88b4-7c1e522e1e3b,2025-07-27T01:02:00Z,7/27/2025 4:02 AM,OK
2026-05-13 22:43:56,SEC RFP 6001580620,2eaec293-e128-f111-88b4-7c1e522e1e3b,2025-01-22T22:53:00Z,1/23/2025 1:53 AM,OK
2026-05-13 22:43:57,SEC RFP-C001666476,3aaec293-e128-f111-88b4-7c1e522e1e3b,2025-08-25T00:58:00Z,8/25/2025 3:58 AM,OK
2026-05-13 22:43:58,SEC RFP-C001510943,4976bb99-e128-f111-88b4-7c1e522e1e3b,2024-08-29T06:06:00Z,8/29/2024 9:06 AM,OK
2026-05-13 22:43:59,SEC RFPC001436731,1847c29f-e128-f111-88b4-7c1e522e1e3b,2024-01-23T23:21:00Z,1/24/2024 2:21 AM,OK
2026-05-13 22:44:01,SEC RFP-C001483834 - 6001483834,2f47c29f-e128-f111-88b4-7c1e522e1e3b,2024-06-04T04:08:00Z,6/4/2024 7:08 AM,OK
2026-05-13 22:44:02,SEC RFP-C001575801,3247c29f-e128-f111-88b4-7c1e522e1e3b,2024-12-17T04:05:00Z,12/17/2024 7:05 AM,OK
2026-05-13 22:44:03,SEC RFP C001652739,7b31cba5-e128-f111-88b4-7c1e522e1e3b,2025-07-28T05:15:00Z,7/28/2025 8:15 AM,OK
2026-05-13 22:44:04,SEC RFP-C001626976,5dc0cfab-e128-f111-88b4-7c1e522e1e3b,2025-05-12T05:04:00Z,5/12/2025 8:04 AM,OK
2026-05-13 22:44:05,SEC RFP- C001643822,5ec0cfab-e128-f111-88b4-7c1e522e1e3b,2025-07-10T00:53:00Z,7/10/2025 3:53 AM,OK
2026-05-13 22:44:07,SEC RFP - C001633715,1d1b2ab2-e128-f111-88b4-7c1e522e1e3b,2025-05-28T05:22:00Z,5/28/2025 8:22 AM,OK
2026-05-13 22:44:08,SEC RFP - C001640433,2f1b2ab2-e128-f111-88b4-7c1e522e1e3b,2025-07-15T01:35:00Z,7/15/2025 4:35 AM,OK
2026-05-13 22:44:09,SEC RFP-C001516771,eb2667be-e128-f111-88b4-7c1e522e1e3b,2024-09-04T22:11:00Z,9/5/2024 1:11 AM,OK
2026-05-13 22:44:10,SEC RFP-C001532019 - 6001532019,7db05dc4-e128-f111-88b4-7c1e522e1e3b,2024-10-20T04:53:00Z,10/20/2024 7:53 AM,OK
2026-05-13 22:44:11,SEC RFP - C001440370,7eb05dc4-e128-f111-88b4-7c1e522e1e3b,2024-02-07T02:32:00Z,2/7/2024 5:32 AM,OK
2026-05-13 22:44:13,SEC RFQ - C001521324,84b05dc4-e128-f111-88b4-7c1e522e1e3b,2024-09-08T06:04:00Z,9/8/2024 9:04 AM,OK
2026-05-13 22:44:23,SEC RFP-C001472727,85b05dc4-e128-f111-88b4-7c1e522e1e3b,2024-05-16T11:02:00Z,5/16/2024 2:02 PM,OK
2026-05-13 22:44:24,SEC RFP - C001486844,8cb05dc4-e128-f111-88b4-7c1e522e1e3b,2024-06-26T04:36:00Z,6/26/2024 7:36 AM,OK
2026-05-13 22:44:25,SEC RFP-C001488752,d6c68aca-e128-f111-88b4-7c1e522e1e3b,2024-06-30T22:29:00Z,7/1/2024 1:29 AM,OK
2026-05-13 22:44:26,SEC RFP C001472180,e0c68aca-e128-f111-88b4-7c1e522e1e3b,2024-05-15T22:16:00Z,5/16/2024 1:16 AM,OK
2026-05-13 22:44:27,SEC RFP C001492114,102ea7d0-e128-f111-88b4-7c1e522e1e3b,2024-07-14T05:06:00Z,7/14/2024 8:06 AM,OK
2026-05-13 22:44:28,SEC RFP C001527378,232ea7d0-e128-f111-88b4-7c1e522e1e3b,2024-10-06T04:54:00Z,10/6/2024 7:54 AM,OK
2026-05-13 22:44:29,SEC RFP-C001494641,242ea7d0-e128-f111-88b4-7c1e522e1e3b,2024-07-13T01:49:00Z,7/13/2024 4:49 AM,OK
2026-05-13 22:44:30,SEC RFP-C001553211,342ea7d0-e128-f111-88b4-7c1e522e1e3b,2024-12-04T21:21:00Z,12/5/2024 12:21 AM,OK
2026-05-13 22:44:32,SEC RFP-C001495071 - 6001495071,352ea7d0-e128-f111-88b4-7c1e522e1e3b,2024-07-25T04:26:00Z,7/25/2024 7:26 AM,OK
2026-05-13 22:44:33,SEC RFP-C001556499,424da9d6-e128-f111-88b4-7c1e522e1e3b,2024-12-18T02:45:00Z,12/18/2024 5:45 AM,OK
2026-05-13 22:44:34,SEC RFP- C001484136,444da9d6-e128-f111-88b4-7c1e522e1e3b,2024-06-12T03:03:00Z,6/12/2024 6:03 AM,OK
2026-05-13 22:44:35,SEC RFP-C001560382,4e4da9d6-e128-f111-88b4-7c1e522e1e3b,2024-12-03T00:11:00Z,12/3/2024 3:11 AM,OK
2026-05-13 22:44:37,SEC RFP- C001758267,84a2dab1-2933-f111-88b4-7c1e522e1e3b,2026-03-26T13:30:00Z,3/26/2026 4:30 PM,OK
2026-05-13 22:44:38,SEC RFP- C001758271,aba2dab1-2933-f111-88b4-7c1e522e1e3b,2026-03-26T13:37:00Z,3/26/2026 4:37 PM,OK
2026-05-13 22:44:39,SEC RFP-C001758774,b574d5b7-2933-f111-88b4-7c1e522e1e3b,2026-03-29T11:10:00Z,3/29/2026 2:10 PM,OK
2026-05-13 22:44:40,SEC RFP-C001761431,396445be-2933-f111-88b4-7c1e522e1e3b,2026-04-07T13:30:00Z,4/7/2026 4:30 PM,OK
2026-05-13 22:44:41,SEC RFP- C001764192,edf2afbd-873c-f111-88b4-7c1e522e1e3b,2026-04-16T14:48:00Z,4/16/2026 5:48 PM,OK
2026-05-13 22:44:42,SEC RFP-C001760901,9c75dfc3-873c-f111-88b4-7c1e522e1e3b,2026-04-16T09:21:00Z,4/16/2026 12:21 PM,OK
2026-05-13 22:44:44,SEC RFP-C001760352,b375dfc3-873c-f111-88b4-7c1e522e1e3b,2026-04-13T14:19:00Z,4/13/2026 5:19 PM,OK
2026-05-13 22:44:45,SEC RFP-C001763877,c997b5ca-873c-f111-88b4-7c1e522e1e3b,2026-04-15T12:48:00Z,4/15/2026 3:48 PM,OK
2026-05-13 22:44:46,SEC RFP - C001765462,cb97b5ca-873c-f111-88b4-7c1e522e1e3b,2026-04-16T14:44:00Z,4/16/2026 5:44 PM,OK
2026-05-13 22:44:47,SEC RFP-C001767602,7698f48b-aa3c-f111-88b4-7c1e522e1e3b,2026-04-20T09:34:00Z,4/20/2026 12:34 PM,OK
2026-05-13 22:44:48,SEC RFP-C001744636,4b37cf4c-dd28-f111-88b4-7c1e5278f52e,2026-02-23T12:42:00Z,2/23/2026 3:42 PM,OK
2026-05-13 22:44:49,SEC RFP C001743167,4c37cf4c-dd28-f111-88b4-7c1e5278f52e,2026-02-18T03:43:00Z,2/18/2026 6:43 AM,OK
2026-05-13 22:44:51,SEC RFP-C001493167,4e37cf4c-dd28-f111-88b4-7c1e5278f52e,2024-07-08T04:27:00Z,7/8/2024 7:27 AM,OK
2026-05-13 22:44:52,SEC RFP- C001721454,5237cf4c-dd28-f111-88b4-7c1e5278f52e,2025-12-30T01:09:00Z,12/30/2025 4:09 AM,OK
2026-05-13 22:44:53,SEC RFP C001743163,5437cf4c-dd28-f111-88b4-7c1e5278f52e,2026-02-20T00:14:00Z,2/20/2026 3:14 AM,OK
2026-05-13 22:44:54,SEC RFP- C001746331,5537cf4c-dd28-f111-88b4-7c1e5278f52e,2026-02-24T09:55:00Z,2/24/2026 12:55 PM,OK
2026-05-13 22:44:55,SEC RFP- C001754721,b1295953-dd28-f111-88b4-7c1e5278f52e,2026-03-10T05:23:00Z,3/10/2026 8:23 AM,OK
2026-05-13 22:44:57,SEC RFP-C001754780,d03f5b59-dd28-f111-88b4-7c1e5278f52e,2026-03-10T15:32:00Z,3/10/2026 6:32 PM,OK
2026-05-13 22:44:58,SEC RFP-C001755174,d13f5b59-dd28-f111-88b4-7c1e5278f52e,2026-03-11T12:56:00Z,3/11/2026 3:56 PM,OK
2026-05-13 22:44:59,SEC RFP-C001733694,d63f5b59-dd28-f111-88b4-7c1e5278f52e,2026-02-03T01:21:00Z,2/3/2026 4:21 AM,OK
2026-05-13 22:45:01,RFQ - C001738317,d73f5b59-dd28-f111-88b4-7c1e5278f52e,2026-02-02T22:10:00Z,2/3/2026 1:10 AM,OK
2026-05-13 22:45:02,SEC RFP-C001630541,e4ccef28-de28-f111-88b4-7c1e5278f52e,2025-05-20T03:49:00Z,5/20/2025 6:49 AM,OK
2026-05-13 22:45:03,RFQ - C001515390 - 6001515390,428ab04e-de28-f111-88b4-7c1e5278f52e,2024-08-21T04:40:00Z,8/21/2024 7:40 AM,OK
2026-05-13 22:45:04,C001454007 -6001454007,de8c4a67-de28-f111-88b4-7c1e5278f52e,2024-03-14T01:59:00Z,3/14/2024 4:59 AM,OK
2026-05-13 22:45:05,SEC RFP-C001732146,8c05c185-de28-f111-88b4-7c1e5278f52e,2026-02-03T05:56:00Z,2/3/2026 8:56 AM,OK
2026-05-13 22:45:06,SEC RFP-C001739762,8e05c185-de28-f111-88b4-7c1e5278f52e,2026-02-03T00:11:00Z,2/3/2026 3:11 AM,OK
2026-05-13 22:45:07,SEC RFP-C001735097 - 6001735097,9e05c185-de28-f111-88b4-7c1e5278f52e,2026-01-24T21:09:00Z,1/25/2026 12:09 AM,OK
2026-05-13 22:45:10,SEC RFP-C001728053,abe4ed8b-de28-f111-88b4-7c1e5278f52e,2025-12-28T22:19:00Z,12/29/2025 1:19 AM,OK
2026-05-13 22:45:11,SEC RFP- C001726491,afe4ed8b-de28-f111-88b4-7c1e5278f52e,2025-12-05T05:29:00Z,12/5/2025 8:29 AM,OK
2026-05-13 22:45:12,SEC RFP-C001715067,b3e4ed8b-de28-f111-88b4-7c1e5278f52e,2025-12-01T03:46:00Z,12/1/2025 6:46 AM,OK
2026-05-13 22:45:14,SEC RFP-C001717691,cae4ed8b-de28-f111-88b4-7c1e5278f52e,2025-10-13T03:34:00Z,10/13/2025 6:34 AM,OK
2026-05-13 22:45:15,SEC RFP-C001713766,cfe4ed8b-de28-f111-88b4-7c1e5278f52e,2025-12-21T22:48:00Z,12/22/2025 1:48 AM,OK
2026-05-13 22:45:16,SEC RFPC001712540,e486ed91-de28-f111-88b4-7c1e5278f52e,2025-12-10T22:13:00Z,12/11/2025 1:13 AM,OK
2026-05-13 22:45:18,SEC RFP-C001707491,ff86ed91-de28-f111-88b4-7c1e5278f52e,2025-11-22T02:54:00Z,11/22/2025 5:54 AM,OK
2026-05-13 22:45:19,SEC RFP-C001708957,1b87ed91-de28-f111-88b4-7c1e5278f52e,2025-11-19T21:45:00Z,11/20/2025 12:45 AM,OK
2026-05-13 22:45:20,SEC RFP C001701142,2787ed91-de28-f111-88b4-7c1e5278f52e,2025-11-11T02:46:00Z,11/11/2025 5:46 AM,OK
2026-05-13 22:45:22,SEC RFP C001701153,2a87ed91-de28-f111-88b4-7c1e5278f52e,2025-11-25T01:04:00Z,11/25/2025 4:04 AM,OK
2026-05-13 22:45:23,SEC RFP-C001701688,552e6298-de28-f111-88b4-7c1e5278f52e,2025-11-16T20:42:00Z,11/16/2025 11:42 PM,OK
2026-05-13 22:45:24,SEC RFP-C001705330,562e6298-de28-f111-88b4-7c1e5278f52e,2025-11-18T01:18:00Z,11/18/2025 4:18 AM,OK
2026-05-13 22:45:25,SEC RFP - C001690366,592e6298-de28-f111-88b4-7c1e5278f52e,2025-11-10T04:11:00Z,11/10/2025 7:11 AM,OK
2026-05-13 22:45:26,SEC RFP - C001701644,5b2e6298-de28-f111-88b4-7c1e5278f52e,2025-11-02T22:38:00Z,11/3/2025 1:38 AM,OK
2026-05-13 22:45:27,SEC RFP-C001692314 - 6001692314,5d2e6298-de28-f111-88b4-7c1e5278f52e,2025-11-04T01:36:00Z,11/4/2025 4:36 AM,OK
2026-05-13 22:45:28,SEC RFP-C001698502,642e6298-de28-f111-88b4-7c1e5278f52e,2025-10-30T11:49:00Z,10/30/2025 2:49 PM,OK
2026-05-13 22:45:29,SEC RFPC001693421,efe0669e-de28-f111-88b4-7c1e5278f52e,2025-10-18T23:40:00Z,10/19/2025 2:40 AM,OK
2026-05-13 22:45:30,SEC RFP-C001688701,f3e0669e-de28-f111-88b4-7c1e5278f52e,2025-09-30T20:44:00Z,9/30/2025 11:44 PM,OK
2026-05-13 22:45:31,SEC RFP- C001681610 - 6001681610,e9c161a4-de28-f111-88b4-7c1e5278f52e,2025-09-21T01:29:00Z,9/21/2025 4:29 AM,OK
2026-05-13 22:45:33,SEC RFP-C001681005,ecc161a4-de28-f111-88b4-7c1e5278f52e,2025-09-21T04:24:00Z,9/21/2025 7:24 AM,OK
2026-05-13 22:45:34,SEC RFP-C001675795,fcc161a4-de28-f111-88b4-7c1e5278f52e,2025-09-21T04:19:00Z,9/21/2025 7:19 AM,OK
2026-05-13 22:45:35,SEC RFP C001739759,01a1a2b6-de28-f111-88b4-7c1e5278f52e,2026-02-15T00:09:00Z,2/15/2026 3:09 AM,OK
2026-05-13 22:45:37,SEC RFP-C001669052 - 6001669052,02a1a2b6-de28-f111-88b4-7c1e5278f52e,2025-08-21T00:51:00Z,8/21/2025 3:51 AM,OK
2026-05-13 22:45:38,SEC RFP- C001675392 - 6001675392,03a1a2b6-de28-f111-88b4-7c1e5278f52e,2025-09-10T01:47:00Z,9/10/2025 4:47 AM,OK
2026-05-13 22:45:39,SEC RFP-C001676358,08a1a2b6-de28-f111-88b4-7c1e5278f52e,2025-09-07T23:17:00Z,9/8/2025 2:17 AM,OK
2026-05-13 22:45:40,SEC RFP- C001668204 - 6001668204,0aa1a2b6-de28-f111-88b4-7c1e5278f52e,2025-08-27T01:27:00Z,8/27/2025 4:27 AM,OK
2026-05-13 22:45:42,SEC RFP-C001670562,e8a195bd-de28-f111-88b4-7c1e5278f52e,2025-08-26T23:23:00Z,8/27/2025 2:23 AM,OK
2026-05-13 22:45:43,SEC RFP-C001675410,eaa195bd-de28-f111-88b4-7c1e5278f52e,2025-09-07T03:34:00Z,9/7/2025 6:34 AM,OK
2026-05-13 22:45:44,SEC RFP-C001669010,f8a195bd-de28-f111-88b4-7c1e5278f52e,2025-09-02T21:30:00Z,9/3/2025 12:30 AM,OK
2026-05-13 22:45:46,SEC RFP-C001678948,fba195bd-de28-f111-88b4-7c1e5278f52e,2025-09-16T23:34:00Z,9/17/2025 2:34 AM,OK
2026-05-13 22:45:47,SEC RFP-C001666473,fda195bd-de28-f111-88b4-7c1e5278f52e,2025-08-20T08:07:00Z,8/20/2025 11:07 AM,OK
2026-05-13 22:45:49,SEC RFP-C001661956,ffa195bd-de28-f111-88b4-7c1e5278f52e,2025-08-19T02:10:00Z,8/19/2025 5:10 AM,OK
2026-05-13 22:45:50,SEC RFP-C001663438,02a295bd-de28-f111-88b4-7c1e5278f52e,2025-08-26T04:19:00Z,8/26/2025 7:19 AM,OK
2026-05-13 22:45:52,SEC RFP C001666464,c8f0dcc3-de28-f111-88b4-7c1e5278f52e,2025-08-28T03:53:00Z,8/28/2025 6:53 AM,OK
2026-05-13 22:45:53,SEC RFP-C001675367,c9f0dcc3-de28-f111-88b4-7c1e5278f52e,2025-09-02T00:50:00Z,9/2/2025 3:50 AM,OK
2026-05-13 22:45:54,SEC RFPC001738240,cbf0dcc3-de28-f111-88b4-7c1e5278f52e,2026-01-27T02:42:00Z,1/27/2026 5:42 AM,OK
2026-05-13 22:45:55,SEC RFP-C001423635,d0f0dcc3-de28-f111-88b4-7c1e5278f52e,2023-12-26T03:12:00Z,12/26/2023 6:12 AM,OK
2026-05-13 22:45:57,SEC RFP-C001627823,d3f0dcc3-de28-f111-88b4-7c1e5278f52e,2025-05-22T01:38:00Z,5/22/2025 4:38 AM,OK
2026-05-13 22:45:58,SEC RFP-C001558708,daf0dcc3-de28-f111-88b4-7c1e5278f52e,2024-12-14T23:24:00Z,12/15/2024 2:24 AM,OK
2026-05-13 22:45:59,SEC RFP-C001563836,3069e8c9-de28-f111-88b4-7c1e5278f52e,2024-11-27T23:01:00Z,11/28/2024 2:01 AM,OK
2026-05-13 22:46:00,SEC RFP-C001481688,3369e8c9-de28-f111-88b4-7c1e5278f52e,2024-05-26T23:52:00Z,5/27/2024 2:52 AM,OK
2026-05-13 22:46:02,SEC RFP-C001658036,3969e8c9-de28-f111-88b4-7c1e5278f52e,2025-08-11T05:37:00Z,8/11/2025 8:37 AM,OK
2026-05-13 22:46:03,SEC RFP C001645590,4269e8c9-de28-f111-88b4-7c1e5278f52e,2025-07-11T21:34:00Z,7/12/2025 12:34 AM,OK
2026-05-13 22:46:05,SEC RFP-C001446255,4569e8c9-de28-f111-88b4-7c1e5278f52e,2024-02-27T21:42:00Z,2/28/2024 12:42 AM,OK
2026-05-13 22:46:06,SEC RFP C001449676,4869e8c9-de28-f111-88b4-7c1e5278f52e,2024-03-06T03:57:00Z,3/6/2024 6:57 AM,OK
2026-05-13 22:46:07,SEC RFP-C001482614,4d69e8c9-de28-f111-88b4-7c1e5278f52e,2024-06-06T00:41:00Z,6/6/2024 3:41 AM,OK
2026-05-13 22:46:08,SEC RFP-C001478687,496a61d0-de28-f111-88b4-7c1e5278f52e,2024-06-11T04:04:00Z,6/11/2024 7:04 AM,OK
2026-05-13 22:46:10,SEC RFP-C001640350-SV,546a61d0-de28-f111-88b4-7c1e5278f52e,2025-06-24T04:02:00Z,6/24/2025 7:02 AM,OK
2026-05-13 22:46:14,SEC RFP-C001440403,5f6a61d0-de28-f111-88b4-7c1e5278f52e,2024-02-02T08:55:00Z,2/2/2024 11:55 AM,OK
2026-05-13 22:46:16,SEC RFP-C001457715,626a61d0-de28-f111-88b4-7c1e5278f52e,2024-03-16T07:45:00Z,3/16/2024 10:45 AM,OK
2026-05-13 22:46:17,SEC RFP-C001531478 - 6001531478,b160c5d6-de28-f111-88b4-7c1e5278f52e,2024-10-16T00:01:00Z,10/16/2024 3:01 AM,OK
2026-05-13 22:46:19,SEC RFP-C001509024 - 6001509024,b260c5d6-de28-f111-88b4-7c1e5278f52e,2024-08-22T00:51:00Z,8/22/2024 3:51 AM,OK
2026-05-13 22:46:20,SEC RFP-C001640325,b460c5d6-de28-f111-88b4-7c1e5278f52e,2025-06-25T03:48:00Z,6/25/2025 6:48 AM,OK
2026-05-13 22:46:21,SEC RFP-C001629200,be60c5d6-de28-f111-88b4-7c1e5278f52e,2025-05-20T23:25:00Z,5/21/2025 2:25 AM,OK
2026-05-13 22:46:22,SEC RFP 6001580627,c260c5d6-de28-f111-88b4-7c1e5278f52e,2025-01-21T21:56:00Z,1/22/2025 12:56 AM,OK
2026-05-13 22:46:23,SEC RFP C001654162,c860c5d6-de28-f111-88b4-7c1e5278f52e,2025-07-28T05:24:00Z,7/28/2025 8:24 AM,OK
2026-05-13 22:46:25,SEC RFP-C001650103 - 6001650103,da60c5d6-de28-f111-88b4-7c1e5278f52e,2025-07-17T01:58:00Z,7/17/2025 4:58 AM,OK
2026-05-13 22:46:26,SEC RFP-C001657539,8ec774de-de28-f111-88b4-7c1e5278f52e,2025-07-30T23:39:00Z,7/31/2025 2:39 AM,OK
2026-05-13 22:46:27,SEC RFPC001662910,8fc774de-de28-f111-88b4-7c1e5278f52e,2025-08-17T01:53:00Z,8/17/2025 4:53 AM,OK
2026-05-13 22:46:29,SEC RFP-C001582094 - 6001582094,92c774de-de28-f111-88b4-7c1e5278f52e,2025-02-01T23:46:00Z,2/2/2025 2:46 AM,OK
2026-05-13 22:46:30,SEC RFP-C001511666 - 6001511666,93c774de-de28-f111-88b4-7c1e5278f52e,2024-08-31T23:52:00Z,9/1/2024 2:52 AM,OK
2026-05-13 22:46:31,SEC RFP- C001643738 - 6001643738,96c774de-de28-f111-88b4-7c1e5278f52e,2025-07-02T03:58:00Z,7/2/2025 6:58 AM,OK
2026-05-13 22:46:33,SEC RFP-C001642265,98c774de-de28-f111-88b4-7c1e5278f52e,2025-07-10T03:43:00Z,7/10/2025 6:43 AM,OK
2026-05-13 22:46:34,SEC RFP-C001454582,9ec774de-de28-f111-88b4-7c1e5278f52e,2024-03-21T05:41:00Z,3/21/2024 8:41 AM,OK
2026-05-13 22:46:35,SEC RFP - C001600623,aac774de-de28-f111-88b4-7c1e5278f52e,2025-03-03T23:30:00Z,3/4/2025 2:30 AM,OK
2026-05-13 22:46:37,SEC RFP-C001628871,201eb0e4-de28-f111-88b4-7c1e5278f52e,2025-05-25T22:58:00Z,5/26/2025 1:58 AM,OK
2026-05-13 22:46:38,SEC RFP- C001649567 - 6001649567,271eb0e4-de28-f111-88b4-7c1e5278f52e,2025-07-14T22:19:00Z,7/15/2025 1:19 AM,OK
2026-05-13 22:46:39,SEC RFPC001553971,281eb0e4-de28-f111-88b4-7c1e5278f52e,2024-12-30T21:51:00Z,12/31/2024 12:51 AM,OK
2026-05-13 22:46:40,SEC RFP-C001655819,391eb0e4-de28-f111-88b4-7c1e5278f52e,2025-07-30T01:39:00Z,7/30/2025 4:39 AM,OK
2026-05-13 22:46:42,SEC RFPC001656722,3c1eb0e4-de28-f111-88b4-7c1e5278f52e,2025-08-04T22:35:00Z,8/5/2025 1:35 AM,OK
2026-05-13 22:46:43,SEC RFP-C001623944,3f1eb0e4-de28-f111-88b4-7c1e5278f52e,2025-05-11T04:32:00Z,5/11/2025 7:32 AM,OK
2026-05-13 22:46:44,SEC RFP - C001552728,e310d1ea-de28-f111-88b4-7c1e5278f52e,2024-12-24T01:13:00Z,12/24/2024 4:13 AM,OK
2026-05-13 22:46:46,SEC RFP-C001450305,e510d1ea-de28-f111-88b4-7c1e5278f52e,2024-03-05T23:17:00Z,3/6/2024 2:17 AM,OK
2026-05-13 22:46:47,SEC RFP-C001577913,f110d1ea-de28-f111-88b4-7c1e5278f52e,2025-01-23T04:14:00Z,1/23/2025 7:14 AM,OK
2026-05-13 22:46:49,SEC RFP C001467363 - 6001467363,f310d1ea-de28-f111-88b4-7c1e5278f52e,2024-04-20T21:54:00Z,4/21/2024 12:54 AM,OK
2026-05-13 22:46:50,SEC RFP- C001657527,e6bef4f0-de28-f111-88b4-7c1e5278f52e,2025-08-04T22:15:00Z,8/5/2025 1:15 AM,OK
2026-05-13 22:46:51,SEC RFP-C001647140,f3bef4f0-de28-f111-88b4-7c1e5278f52e,2025-07-14T01:39:00Z,7/14/2025 4:39 AM,OK
2026-05-13 22:46:52,SEC RFP - C001456957,f4bef4f0-de28-f111-88b4-7c1e5278f52e,2024-03-21T01:18:00Z,3/21/2024 4:18 AM,OK
2026-05-13 22:46:54,SEC RFP - C001455886,f7bef4f0-de28-f111-88b4-7c1e5278f52e,2024-03-04T23:56:00Z,3/5/2024 2:56 AM,OK
2026-05-13 22:46:55,SEC RFP-C001643439,f9bef4f0-de28-f111-88b4-7c1e5278f52e,2025-07-07T03:08:00Z,7/7/2025 6:08 AM,OK
2026-05-13 22:46:56,SEC RFP - C001434715,fdbef4f0-de28-f111-88b4-7c1e5278f52e,2024-01-17T22:29:00Z,1/18/2024 1:29 AM,OK
2026-05-13 22:46:57,SEC RFP-C001605352,febef4f0-de28-f111-88b4-7c1e5278f52e,2025-03-25T00:28:00Z,3/25/2025 3:28 AM,OK
2026-05-13 22:46:58,SEC RFP C001463065 - 6001463065,05bff4f0-de28-f111-88b4-7c1e5278f52e,2024-03-27T13:47:00Z,3/27/2024 4:47 PM,OK
2026-05-13 22:47:00,SEC RFP - C001449067,08bff4f0-de28-f111-88b4-7c1e5278f52e,2024-02-21T05:53:00Z,2/21/2024 8:53 AM,OK
2026-05-13 22:47:01,SEC RFP - C001405508,38f73bf7-de28-f111-88b4-7c1e5278f52e,2023-12-12T03:28:00Z,12/12/2023 6:28 AM,OK
2026-05-13 22:47:03,SEC RFP-C001539628,52f73bf7-de28-f111-88b4-7c1e5278f52e,2024-11-03T21:26:00Z,11/4/2024 12:26 AM,OK
2026-05-13 22:47:04,SEC RFP - C001620627,53f73bf7-de28-f111-88b4-7c1e5278f52e,2025-05-09T11:08:00Z,5/9/2025 2:08 PM,OK
2026-05-13 22:47:05,SEC RFP-C001648033,58f73bf7-de28-f111-88b4-7c1e5278f52e,2025-07-15T01:24:00Z,7/15/2025 4:24 AM,OK
2026-05-13 22:47:06,SEC RFP-C001625827,a7167cfd-de28-f111-88b4-7c1e5278f52e,2025-05-13T03:45:00Z,5/13/2025 6:45 AM,OK
2026-05-13 22:47:08,SEC RFP-C001599648,c6167cfd-de28-f111-88b4-7c1e5278f52e,2025-02-27T00:37:00Z,2/27/2025 3:37 AM,OK
2026-05-13 22:47:09,SEC RFP- C001626273 - 6001626273,c8167cfd-de28-f111-88b4-7c1e5278f52e,2025-05-18T03:59:00Z,5/18/2025 6:59 AM,OK
2026-05-13 22:47:11,SEC RFP-C001458440 - 6001458440,a0cdbe03-df28-f111-88b4-7c1e5278f52e,2024-03-24T04:01:00Z,3/24/2024 7:01 AM,OK
2026-05-13 22:47:12,SEC RFP-C001610247,a6cdbe03-df28-f111-88b4-7c1e5278f52e,2025-03-27T03:16:00Z,3/27/2025 6:16 AM,OK
2026-05-13 22:47:14,SEC RFP- C001589477 - 6001589477,a7cdbe03-df28-f111-88b4-7c1e5278f52e,2025-02-10T03:48:00Z,2/10/2025 6:48 AM,OK
2026-05-13 22:47:15,SEC RFP-C001609256,adcdbe03-df28-f111-88b4-7c1e5278f52e,2025-04-14T01:37:00Z,4/14/2025 4:37 AM,OK
2026-05-13 22:47:16,SEC RFP C001534890,77cdc009-df28-f111-88b4-7c1e5278f52e,2024-10-23T00:45:00Z,10/23/2024 3:45 AM,OK
2026-05-13 22:47:17,SEC RFP-C001628412,79cdc009-df28-f111-88b4-7c1e5278f52e,2025-05-25T23:29:00Z,5/26/2025 2:29 AM,OK
2026-05-13 22:47:19,SEC RFP-C001504997,91cdc009-df28-f111-88b4-7c1e5278f52e,2024-08-13T02:54:00Z,8/13/2024 5:54 AM,OK
2026-05-13 22:47:20,SEC RFP C001521061,92cdc009-df28-f111-88b4-7c1e5278f52e,2024-09-13T10:13:00Z,9/13/2024 1:13 PM,OK
2026-05-13 22:47:22,SEC RFPC001473270,7d7eeb0f-df28-f111-88b4-7c1e5278f52e,2024-05-07T04:31:00Z,5/7/2024 7:31 AM,OK
2026-05-13 22:47:23,SEC RFP-C001507288,7e7eeb0f-df28-f111-88b4-7c1e5278f52e,2024-07-25T03:48:00Z,7/25/2024 6:48 AM,OK
2026-05-13 22:47:24,SEC RFP-C001520148,807eeb0f-df28-f111-88b4-7c1e5278f52e,2024-09-17T03:36:00Z,9/17/2024 6:36 AM,OK
2026-05-13 22:47:25,SEC RFP-C001518011,857eeb0f-df28-f111-88b4-7c1e5278f52e,2024-09-12T03:35:00Z,9/12/2024 6:35 AM,OK
2026-05-13 22:47:27,SEC RFP - C001496892,8a7eeb0f-df28-f111-88b4-7c1e5278f52e,2024-07-30T04:17:00Z,7/30/2024 7:17 AM,OK
2026-05-13 22:47:28,SEC RFP-C001502653 - 6001502653,c9c93e16-df28-f111-88b4-7c1e5278f52e,2024-08-07T03:50:00Z,8/7/2024 6:50 AM,OK
2026-05-13 22:47:29,SEC RFP-C001488770,d0c93e16-df28-f111-88b4-7c1e5278f52e,2024-06-24T05:06:00Z,6/24/2024 8:06 AM,OK
2026-05-13 22:47:31,SEC RFP-C001499317,d4c93e16-df28-f111-88b4-7c1e5278f52e,2024-08-14T03:40:00Z,8/14/2024 6:40 AM,OK
2026-05-13 22:47:32,SEC RFP-C001553242,d9c93e16-df28-f111-88b4-7c1e5278f52e,2024-12-15T22:55:00Z,12/16/2024 1:55 AM,OK
2026-05-13 22:47:33,SEC RFP-C001471266,dac93e16-df28-f111-88b4-7c1e5278f52e,2024-04-30T04:11:00Z,4/30/2024 7:11 AM,OK
2026-05-13 22:47:35,SEC RFP -C001506377,dcc93e16-df28-f111-88b4-7c1e5278f52e,2024-08-15T04:34:00Z,8/15/2024 7:34 AM,OK
2026-05-13 22:47:36,SEC RFP-C001525628,dfc93e16-df28-f111-88b4-7c1e5278f52e,2024-10-01T00:50:00Z,10/1/2024 3:50 AM,OK
2026-05-13 22:47:37,SEC RFP-C001497763,e2c93e16-df28-f111-88b4-7c1e5278f52e,2024-07-14T03:41:00Z,7/14/2024 6:41 AM,OK
2026-05-13 22:47:38,SEC RFPC001501435,dc139e1c-df28-f111-88b4-7c1e5278f52e,2024-08-08T10:58:00Z,8/8/2024 1:58 PM,OK
2026-05-13 22:47:40,SEC RFP - C001475945,ea139e1c-df28-f111-88b4-7c1e5278f52e,2024-05-18T04:05:00Z,5/18/2024 7:05 AM,OK
2026-05-13 22:47:41,SEC RFP - C001546529,f8139e1c-df28-f111-88b4-7c1e5278f52e,2024-11-13T21:37:00Z,11/14/2024 12:37 AM,OK
2026-05-13 22:47:42,SEC RFP-C001476118,f9139e1c-df28-f111-88b4-7c1e5278f52e,2024-05-18T04:02:00Z,5/18/2024 7:02 AM,OK
2026-05-13 22:47:44,SEC RFP-C001553287 - 6001553287,fb139e1c-df28-f111-88b4-7c1e5278f52e,2024-12-11T02:51:00Z,12/11/2024 5:51 AM,OK
2026-05-13 22:47:45,SEC RFP-C001556035,fd139e1c-df28-f111-88b4-7c1e5278f52e,2024-12-17T02:57:00Z,12/17/2024 5:57 AM,OK
2026-05-13 22:47:46,SEC RFP-C001488343 - 6001488343,01149e1c-df28-f111-88b4-7c1e5278f52e,2024-06-08T04:51:00Z,6/8/2024 7:51 AM,OK
2026-05-13 22:47:48,SEC RFP C001492636,0b149e1c-df28-f111-88b4-7c1e5278f52e,2024-07-22T02:14:00Z,7/22/2024 5:14 AM,OK
2026-05-13 22:47:49,SEC RFP-C001486165,fdd9cb22-df28-f111-88b4-7c1e5278f52e,2024-06-26T04:29:00Z,6/26/2024 7:29 AM,OK
2026-05-13 22:47:50,SEC RFP-C001504531 - 6001504531,00dacb22-df28-f111-88b4-7c1e5278f52e,2024-08-05T22:44:00Z,8/6/2024 1:44 AM,OK
2026-05-13 22:47:52,SEC RFPC001488706,02dacb22-df28-f111-88b4-7c1e5278f52e,2024-07-03T04:32:00Z,7/3/2024 7:32 AM,OK
2026-05-13 22:47:53,SEC RFP-C001724044,15dacb22-df28-f111-88b4-7c1e5278f52e,2026-01-26T00:13:00Z,1/26/2026 3:13 AM,OK
2026-05-13 22:47:54,SEC RFP-C001724601,44841c29-df28-f111-88b4-7c1e5278f52e,2026-01-12T01:05:00Z,1/12/2026 4:05 AM,OK
2026-05-13 22:47:56,SEC RFP- C001663863 - 6001663863,4a841c29-df28-f111-88b4-7c1e5278f52e,2025-08-16T13:52:00Z,8/16/2025 4:52 PM,OK
2026-05-13 22:47:57,SEC RFP-C001746858,4d841c29-df28-f111-88b4-7c1e5278f52e,2026-02-24T13:29:00Z,2/24/2026 4:29 PM,OK
2026-05-13 22:47:58,SEC RFP C001734603,52841c29-df28-f111-88b4-7c1e5278f52e,2026-02-24T14:47:00Z,2/24/2026 5:47 PM,OK
2026-05-13 22:47:59,SEC RFP-C001753746,5a841c29-df28-f111-88b4-7c1e5278f52e,2026-03-08T11:39:00Z,3/8/2026 2:39 PM,OK
2026-05-13 22:48:02,SEC RFP- C001753818,2bf03f2f-df28-f111-88b4-7c1e5278f52e,2026-03-10T21:47:00Z,3/11/2026 12:47 AM,OK
2026-05-13 22:48:03,SEC RFP-C001754782,42f03f2f-df28-f111-88b4-7c1e5278f52e,2026-03-11T11:18:00Z,3/11/2026 2:18 PM,OK
2026-05-13 22:48:05,SEC RFP-C001755780 - 6001755780,4bf03f2f-df28-f111-88b4-7c1e5278f52e,2026-03-12T13:59:00Z,3/12/2026 4:59 PM,OK
2026-05-13 22:48:06,SEC RFP-C001735092,53f03f2f-df28-f111-88b4-7c1e5278f52e,2026-01-19T03:53:00Z,1/19/2026 6:53 AM,OK
2026-05-13 22:48:07,SEC RFP C001689152,62f03f2f-df28-f111-88b4-7c1e5278f52e,2025-12-30T23:27:00Z,12/31/2025 2:27 AM,OK
2026-05-13 22:48:09,SEC RFP-C001720144,63f03f2f-df28-f111-88b4-7c1e5278f52e,2025-12-22T22:10:00Z,12/23/2025 1:10 AM,OK
2026-05-13 22:48:10,SEC RFP- C001701612,66f03f2f-df28-f111-88b4-7c1e5278f52e,2025-11-09T03:15:00Z,11/9/2025 6:15 AM,OK
2026-05-13 22:48:12,SEC RFP-C001705504,3ad76035-df28-f111-88b4-7c1e5278f52e,2025-11-08T02:24:00Z,11/8/2025 5:24 AM,OK
2026-05-13 22:48:13,SEC RFP - C001699852,3bd76035-df28-f111-88b4-7c1e5278f52e,2025-10-27T05:54:00Z,10/27/2025 8:54 AM,OK
2026-05-13 22:48:15,SEC RFP-C001683753,4bd76035-df28-f111-88b4-7c1e5278f52e,2025-09-28T22:32:00Z,9/29/2025 1:32 AM,OK
2026-05-13 22:48:16,SEC RFP-C001609520,60d76035-df28-f111-88b4-7c1e5278f52e,2025-03-27T05:03:00Z,3/27/2025 8:03 AM,OK
2026-05-13 22:48:18,SEC RFP-C001609524 - 6001609524,62d76035-df28-f111-88b4-7c1e5278f52e,2025-03-16T04:54:00Z,3/16/2025 7:54 AM,OK
2026-05-13 22:48:19,SEC RFP- C001437300,65d76035-df28-f111-88b4-7c1e5278f52e,2024-01-28T01:47:00Z,1/28/2024 4:47 AM,OK
2026-05-13 22:48:20,SEC RFP-C001459954,ea92c93b-df28-f111-88b4-7c1e5278f52e,2024-03-18T00:24:00Z,3/18/2024 3:24 AM,OK
2026-05-13 22:48:22,SEC RFP-C001605333 - 6001605333,ee92c93b-df28-f111-88b4-7c1e5278f52e,2025-03-16T01:08:00Z,3/16/2025 4:08 AM,OK
2026-05-13 22:48:23,SEC RFP-C001643806,f092c93b-df28-f111-88b4-7c1e5278f52e,2025-07-06T05:42:00Z,7/6/2025 8:42 AM,OK
2026-05-13 22:48:24,SEC RFP-C001521679 - 6001521679,f992c93b-df28-f111-88b4-7c1e5278f52e,2024-09-24T20:11:00Z,9/24/2024 11:11 PM,OK
2026-05-13 22:48:25,SEC RFP-C001504184,3c352142-df28-f111-88b4-7c1e5278f52e,2024-09-02T05:43:00Z,9/2/2024 8:43 AM,OK
2026-05-13 22:48:27,SEC RFP-C001478056,3e352142-df28-f111-88b4-7c1e5278f52e,2024-06-02T03:18:00Z,6/2/2024 6:18 AM,OK
2026-05-13 22:48:28,SEC RFP-C001578534 - 6001578534,3f352142-df28-f111-88b4-7c1e5278f52e,2025-01-23T04:40:00Z,1/23/2025 7:40 AM,OK
2026-05-13 22:48:29,SEC RFP-C001651286,42352142-df28-f111-88b4-7c1e5278f52e,2025-07-18T10:24:00Z,7/18/2025 1:24 PM,OK
2026-05-13 22:48:31,SEC RFP-C001433173,45352142-df28-f111-88b4-7c1e5278f52e,2024-03-24T00:12:00Z,3/24/2024 3:12 AM,OK
2026-05-13 22:48:32,SEC RFP- C001651887 - 6001651887,48352142-df28-f111-88b4-7c1e5278f52e,2025-07-19T23:02:00Z,7/20/2025 2:02 AM,OK
2026-05-13 22:48:33,SEC RFP - C001517361,49352142-df28-f111-88b4-7c1e5278f52e,2024-09-12T01:10:00Z,9/12/2024 4:10 AM,OK
2026-05-13 22:50:08,SEC RFP- C001625277 - 6001625277,5b352142-df28-f111-88b4-7c1e5278f52e,2025-05-12T04:49:00Z,5/12/2025 7:49 AM,OK
2026-05-13 22:50:09,SEC RFP-C001601536 - 6001601536,193e3748-df28-f111-88b4-7c1e5278f52e,2025-03-01T22:48:00Z,3/2/2025 1:48 AM,OK
2026-05-13 22:50:11,SEC RFP-C001647938 - 6001647938,2f3e3748-df28-f111-88b4-7c1e5278f52e,2025-07-10T03:49:00Z,7/10/2025 6:49 AM,OK
2026-05-13 22:50:12,SEC RFP - C001553306,303e3748-df28-f111-88b4-7c1e5278f52e,2025-01-22T01:13:00Z,1/22/2025 4:13 AM,OK
2026-05-13 22:50:13,SEC RFP-C001509011 - 6001509011,323e3748-df28-f111-88b4-7c1e5278f52e,2024-08-19T00:53:00Z,8/19/2024 3:53 AM,OK
2026-05-13 22:50:15,SEC RFP-C001527931 - 6001527931,4a3e3748-df28-f111-88b4-7c1e5278f52e,2024-10-07T05:18:00Z,10/7/2024 8:18 AM,OK
2026-05-13 22:50:16,SEC RFP-C001455446,3f63584e-df28-f111-88b4-7c1e5278f52e,2024-03-13T03:03:00Z,3/13/2024 6:03 AM,OK
2026-05-13 22:50:17,SEC RFP-C001658083,4363584e-df28-f111-88b4-7c1e5278f52e,2025-07-29T01:40:00Z,7/29/2025 4:40 AM,OK
2026-05-13 22:50:19,SEC RFP-C001621302,4963584e-df28-f111-88b4-7c1e5278f52e,2025-05-06T04:30:00Z,5/6/2025 7:30 AM,OK
2026-05-13 22:50:20,SEC RFP- C001485625,4e63584e-df28-f111-88b4-7c1e5278f52e,2024-06-10T04:11:00Z,6/10/2024 7:11 AM,OK
2026-05-13 22:50:21,SEC RFP-C001588162,5b63584e-df28-f111-88b4-7c1e5278f52e,2025-02-05T23:30:00Z,2/6/2025 2:30 AM,OK
2026-05-13 22:50:22,SEC RFP - C001622756,6263584e-df28-f111-88b4-7c1e5278f52e,2025-05-06T01:50:00Z,5/6/2025 4:50 AM,OK
2026-05-13 22:50:23,SEC RFP-C001658039,d7d8b254-df28-f111-88b4-7c1e5278f52e,2025-07-28T05:04:00Z,7/28/2025 8:04 AM,OK
2026-05-13 22:50:25,SEC RFP C001586820,e5d8b254-df28-f111-88b4-7c1e5278f52e,2025-02-03T03:59:00Z,2/3/2025 6:59 AM,OK
2026-05-13 22:50:26,SEC RFP - C001441261,e7d8b254-df28-f111-88b4-7c1e5278f52e,2024-02-20T22:22:00Z,2/21/2024 1:22 AM,OK
2026-05-13 22:50:27,SEC RFP-C001484520,edd8b254-df28-f111-88b4-7c1e5278f52e,2024-06-12T02:51:00Z,6/12/2024 5:51 AM,OK
2026-05-13 22:50:28,SEC RFP-C001628361,f3d8b254-df28-f111-88b4-7c1e5278f52e,2025-05-11T23:58:00Z,5/12/2025 2:58 AM,OK
2026-05-13 22:50:29,SEC RFP- C001647829,f4d8b254-df28-f111-88b4-7c1e5278f52e,2025-07-17T04:43:00Z,7/17/2025 7:43 AM,OK
2026-05-13 22:50:31,SEC RFP-C001587815,f7d8b254-df28-f111-88b4-7c1e5278f52e,2025-02-09T21:06:00Z,2/10/2025 12:06 AM,OK
2026-05-13 22:50:32,SEC RFP-C001584648,fdd8b254-df28-f111-88b4-7c1e5278f52e,2025-01-28T22:04:00Z,1/29/2025 1:04 AM,OK
2026-05-13 22:50:33,SEC RFP-C001660866 - 6001660866,00d9b254-df28-f111-88b4-7c1e5278f52e,2025-07-30T23:56:00Z,7/31/2025 2:56 AM,OK
2026-05-13 22:50:34,SEC RFQ - C001532871,acc91d5b-df28-f111-88b4-7c1e5278f52e,2024-10-09T22:35:00Z,10/10/2024 1:35 AM,OK
2026-05-13 22:50:35,SEC RFP- C001468179 - 6001468179,b0c91d5b-df28-f111-88b4-7c1e5278f52e,2024-04-29T04:54:00Z,4/29/2024 7:54 AM,OK
2026-05-13 22:50:37,SEC RFPC001656718,bdc91d5b-df28-f111-88b4-7c1e5278f52e,2025-07-28T22:09:00Z,7/29/2025 1:09 AM,OK
2026-05-13 22:50:38,SEC RFP-C001427011,c0c91d5b-df28-f111-88b4-7c1e5278f52e,2024-01-14T21:56:00Z,1/15/2024 12:56 AM,OK
2026-05-13 22:50:39,SEC RFP-C001446715,a1a9d061-df28-f111-88b4-7c1e5278f52e,2024-03-03T10:58:00Z,3/3/2024 1:58 PM,OK
2026-05-13 22:50:40,SEC RFPC001417946,b1a9d061-df28-f111-88b4-7c1e5278f52e,2023-12-27T20:32:00Z,12/27/2023 11:32 PM,OK
2026-05-13 22:50:41,SEC RFP-C001624773,b4a9d061-df28-f111-88b4-7c1e5278f52e,2025-05-15T04:52:00Z,5/15/2025 7:52 AM,OK
2026-05-13 22:50:43,SEC RFP-C001641840,b9a9d061-df28-f111-88b4-7c1e5278f52e,2025-07-17T05:33:00Z,7/17/2025 8:33 AM,OK
2026-05-13 22:50:44,SEC RFP-C001459800-6001459800,1a0ae167-df28-f111-88b4-7c1e5278f52e,2024-03-18T12:57:00Z,3/18/2024 3:57 PM,OK
2026-05-13 22:50:45,SEC RFP-C001538945 - 6001538945,1d0ae167-df28-f111-88b4-7c1e5278f52e,2024-11-03T03:38:00Z,11/3/2024 6:38 AM,OK
2026-05-13 22:50:46,SEC RFP-C001625275 - 6001625275,220ae167-df28-f111-88b4-7c1e5278f52e,2025-05-13T04:04:00Z,5/13/2025 7:04 AM,OK
2026-05-13 22:50:47,SEC RFP-C001597774,310ae167-df28-f111-88b4-7c1e5278f52e,2025-02-25T04:08:00Z,2/25/2025 7:08 AM,OK
2026-05-13 22:50:49,SEC RFP - C001434805,360ae167-df28-f111-88b4-7c1e5278f52e,2024-01-23T02:35:00Z,1/23/2024 5:35 AM,OK
2026-05-13 22:50:50,SEC RFP-C001604558,3b0ae167-df28-f111-88b4-7c1e5278f52e,2025-03-17T05:18:00Z,3/17/2025 8:18 AM,OK
2026-05-13 22:50:52,SEC RFP-C001641843,b5c8366e-df28-f111-88b4-7c1e5278f52e,2025-06-26T03:07:00Z,6/26/2025 6:07 AM,OK
2026-05-13 22:50:53,SEC RFP-C00155130,fcf16a74-df28-f111-88b4-7c1e5278f52e,2024-12-05T03:48:00Z,12/5/2024 6:48 AM,OK
2026-05-13 22:50:54,SEC RFP-C001556044 - 6001556044,0ef26a74-df28-f111-88b4-7c1e5278f52e,2024-12-14T21:39:00Z,12/15/2024 12:39 AM,OK
2026-05-13 22:50:56,SEC RFP- C001519012,f9e1717a-df28-f111-88b4-7c1e5278f52e,2024-09-12T01:10:00Z,9/12/2024 4:10 AM,OK
2026-05-13 22:50:57,SEC RFP-C001560398 - 6001560398,fbe1717a-df28-f111-88b4-7c1e5278f52e,2024-12-24T00:45:00Z,12/24/2024 3:45 AM,OK
2026-05-13 22:50:58,SEC RFP-C001489687,fee1717a-df28-f111-88b4-7c1e5278f52e,2024-07-03T04:19:00Z,7/3/2024 7:19 AM,OK
2026-05-13 22:50:59,SEC RFP-C001505674,f28b7b80-df28-f111-88b4-7c1e5278f52e,2024-08-15T04:07:00Z,8/15/2024 7:07 AM,OK
2026-05-13 22:51:00,SEC RFP 6001561755,f48b7b80-df28-f111-88b4-7c1e5278f52e,2024-12-22T23:39:00Z,12/23/2024 2:39 AM,OK
2026-05-13 22:51:01,SEC RFP-C001507876,f58b7b80-df28-f111-88b4-7c1e5278f52e,2024-08-17T01:38:00Z,8/17/2024 4:38 AM,OK
2026-05-13 22:51:02,SEC RFP - C001475785,f68b7b80-df28-f111-88b4-7c1e5278f52e,2024-05-06T07:01:00Z,5/6/2024 10:01 AM,OK
2026-05-13 22:51:04,SEC RFP C001516851,fb8b7b80-df28-f111-88b4-7c1e5278f52e,2024-09-10T03:29:00Z,9/10/2024 6:29 AM,OK
2026-05-13 22:51:05,SEC RFP-C001746862,2a67d48d-df28-f111-88b4-7c1e5278f52e,2026-02-03T04:41:00Z,2/3/2026 7:41 AM,OK
2026-05-13 22:51:06,SEC RFP-C001527809,2d67d48d-df28-f111-88b4-7c1e5278f52e,2024-10-09T22:04:00Z,10/10/2024 1:04 AM,OK
2026-05-13 22:51:07,SEC RFPC001614554,2e67d48d-df28-f111-88b4-7c1e5278f52e,2025-04-15T11:54:00Z,4/15/2025 2:54 PM,OK
2026-05-13 22:51:09,SEC RFP-C001525113,2f67d48d-df28-f111-88b4-7c1e5278f52e,2024-09-29T22:00:00Z,9/30/2024 1:00 AM,OK
2026-05-13 22:51:10,SEC RFP- C001749166,3867d48d-df28-f111-88b4-7c1e5278f52e,2026-02-25T11:15:00Z,2/25/2026 2:15 PM,OK
2026-05-13 22:51:11,SEC RFP- C001749172,4167d48d-df28-f111-88b4-7c1e5278f52e,2026-02-25T11:52:00Z,2/25/2026 2:52 PM,OK
2026-05-13 22:51:12,SEC RFP-C001750419,a166d493-df28-f111-88b4-7c1e5278f52e,2026-02-26T13:34:00Z,2/26/2026 4:34 PM,OK
2026-05-13 22:51:14,SEC RFPC001749820,a266d493-df28-f111-88b4-7c1e5278f52e,2026-02-26T11:50:00Z,2/26/2026 2:50 PM,OK
2026-05-13 22:51:15,SEC RFP- C001752366 - 6001752366,a566d493-df28-f111-88b4-7c1e5278f52e,2026-03-03T09:58:00Z,3/3/2026 12:58 PM,OK
2026-05-13 22:51:16,SEC RFP-C001752892 - 6001752892,a866d493-df28-f111-88b4-7c1e5278f52e,2026-03-04T11:16:00Z,3/4/2026 2:16 PM,OK
2026-05-13 22:51:18,SEC RFP- C001752938,aa66d493-df28-f111-88b4-7c1e5278f52e,2026-03-04T17:42:00Z,3/4/2026 8:42 PM,OK
2026-05-13 22:51:19,SEC RFP-c001754719,ba66d493-df28-f111-88b4-7c1e5278f52e,2026-03-10T03:36:00Z,3/10/2026 6:36 AM,OK
2026-05-13 22:51:20,SEC RFP- C001754733,3110e799-df28-f111-88b4-7c1e5278f52e,2026-03-10T11:55:00Z,3/10/2026 2:55 PM,OK
2026-05-13 22:51:21,SEC RFP - C001409429,3810e799-df28-f111-88b4-7c1e5278f52e,2024-01-23T02:38:00Z,1/23/2024 5:38 AM,OK
2026-05-13 22:51:22,SEC RFP-C001669563,a55a1f8c-e028-f111-88b4-7c1e5278f52e,2025-09-10T01:54:00Z,9/10/2025 4:54 AM,OK
2026-05-13 22:51:23,SEC RFP - C001672885,a85a1f8c-e028-f111-88b4-7c1e5278f52e,2025-09-06T22:51:00Z,9/7/2025 1:51 AM,OK
2026-05-13 22:51:25,SEC RFP-6001614632,b24f3fc6-e028-f111-88b4-7c1e5278f52e,2025-04-10T02:11:00Z,4/10/2025 5:11 AM,OK
2026-05-13 22:51:26,SEC RFP 6001580432,3af493df-e028-f111-88b4-7c1e5278f52e,2025-01-19T22:21:00Z,1/20/2025 1:21 AM,OK
2026-05-13 22:51:27,SEC-RFQ - C001528269,80428ff2-e028-f111-88b4-7c1e5278f52e,2024-10-06T01:14:00Z,10/6/2024 4:14 AM,OK
2026-05-13 22:51:28,SEC RFP C001547008,ef9db4fe-e028-f111-88b4-7c1e5278f52e,2024-11-26T03:58:00Z,11/26/2024 6:58 AM,OK
2026-05-13 22:51:30,SEC RFQ - C001547003,f99db4fe-e028-f111-88b4-7c1e5278f52e,2024-11-20T02:38:00Z,11/20/2024 5:38 AM,OK
2026-05-13 22:51:31,SEC RFQ - C001544935,051feb04-e128-f111-88b4-7c1e5278f52e,2024-11-17T04:11:00Z,11/17/2024 7:11 AM,OK
2026-05-13 22:51:32,SEC RFP - C001478760,3a551517-e128-f111-88b4-7c1e5278f52e,2024-07-09T05:24:00Z,7/9/2024 8:24 AM,OK
2026-05-13 22:51:33,SEC RFP-C001729969,ebb84d30-e128-f111-88b4-7c1e5278f52e,2026-02-03T21:52:00Z,2/4/2026 12:52 AM,OK
2026-05-13 22:51:34,SEC RFP-C001739771,ecb84d30-e128-f111-88b4-7c1e5278f52e,2026-01-28T20:47:00Z,1/28/2026 11:47 PM,OK
2026-05-13 22:51:36,SEC RFP-C001732177,f9b84d30-e128-f111-88b4-7c1e5278f52e,2026-01-18T01:49:00Z,1/18/2026 4:49 AM,OK
2026-05-13 22:51:37,SEC RFP - C001725055,06b94d30-e128-f111-88b4-7c1e5278f52e,2026-01-14T23:26:00Z,1/15/2026 2:26 AM,OK
2026-05-13 22:51:38,SEC RFP-C001720931,d1ba5b36-e128-f111-88b4-7c1e5278f52e,2025-12-22T22:51:00Z,12/23/2025 1:51 AM,OK
2026-05-13 22:51:39,SEC RFPC001718238,d7ba5b36-e128-f111-88b4-7c1e5278f52e,2025-10-13T01:30:00Z,10/13/2025 4:30 AM,OK
2026-05-13 22:51:40,RFQ - C001718221,deba5b36-e128-f111-88b4-7c1e5278f52e,2025-12-09T22:19:00Z,12/10/2025 1:19 AM,OK
2026-05-13 22:51:41,SEC RFP-C001707367,dfba5b36-e128-f111-88b4-7c1e5278f52e,2025-12-14T21:33:00Z,12/15/2025 12:33 AM,OK
2026-05-13 22:51:42,SEC RFP-C001710260,e3ba5b36-e128-f111-88b4-7c1e5278f52e,2025-12-07T02:31:00Z,12/7/2025 5:31 AM,OK
2026-05-13 22:51:43,SEC RFPC001701138,e6ba5b36-e128-f111-88b4-7c1e5278f52e,2025-11-16T23:26:00Z,11/17/2025 2:26 AM,OK
2026-05-13 22:51:44,RFQ - C001703754,a2d0cd3c-e128-f111-88b4-7c1e5278f52e,2025-11-04T20:22:00Z,11/4/2025 11:22 PM,OK
2026-05-13 22:51:45,SEC RFP- C001699850 - 6001699850,a3d0cd3c-e128-f111-88b4-7c1e5278f52e,2025-11-07T12:46:00Z,11/7/2025 3:46 PM,OK
2026-05-13 22:51:46,RFQ - C001700405,a8d0cd3c-e128-f111-88b4-7c1e5278f52e,2025-11-06T00:22:00Z,11/6/2025 3:22 AM,OK
2026-05-13 22:51:48,SEC RFP - C001699355,aed0cd3c-e128-f111-88b4-7c1e5278f52e,2025-11-02T23:42:00Z,11/3/2025 2:42 AM,OK
2026-05-13 22:51:49,SEC RFP-C001694726,89151543-e128-f111-88b4-7c1e5278f52e,2025-10-27T22:44:00Z,10/28/2025 1:44 AM,OK
2026-05-13 22:51:50,SEC RFP - C001697262,9b151543-e128-f111-88b4-7c1e5278f52e,2025-10-23T04:21:00Z,10/23/2025 7:21 AM,OK
2026-05-13 22:51:51,SEC RFP-C001690829 - 6001690829,a1151543-e128-f111-88b4-7c1e5278f52e,2025-10-27T00:11:00Z,10/27/2025 3:11 AM,OK
2026-05-13 22:51:52,SEC RFP-C001690335 - 6001690335,b5151543-e128-f111-88b4-7c1e5278f52e,2025-10-19T21:34:00Z,10/20/2025 12:34 AM,OK
2026-05-13 22:51:53,SEC RFP-C001690836,b7151543-e128-f111-88b4-7c1e5278f52e,2025-10-21T22:18:00Z,10/22/2025 1:18 AM,OK
2026-05-13 22:51:54,SEC RFP-C001686708,582c2349-e128-f111-88b4-7c1e5278f52e,2025-10-05T22:58:00Z,10/6/2025 1:58 AM,OK
2026-05-13 22:51:55,SEC RFP- C001681592,5a2c2349-e128-f111-88b4-7c1e5278f52e,2025-10-02T05:08:00Z,10/2/2025 8:08 AM,OK
2026-05-13 22:51:56,SEC RFP-C001684465 - 6001684465,5c2c2349-e128-f111-88b4-7c1e5278f52e,2025-09-30T04:12:00Z,9/30/2025 7:12 AM,OK
2026-05-13 22:51:57,SEC RFP-C001684463 - 6001684463,5e2c2349-e128-f111-88b4-7c1e5278f52e,2025-09-27T23:42:00Z,9/28/2025 2:42 AM,OK
2026-05-13 22:51:59,SEC RFPC001685038,612c2349-e128-f111-88b4-7c1e5278f52e,2025-09-30T05:39:00Z,9/30/2025 8:39 AM,OK
2026-05-13 22:52:00,SEC RFPC001685042,6f2c2349-e128-f111-88b4-7c1e5278f52e,2025-09-25T05:07:00Z,9/25/2025 8:07 AM,OK
2026-05-13 22:52:01,SEC RFPC001685037,702c2349-e128-f111-88b4-7c1e5278f52e,2025-09-29T00:02:00Z,9/29/2025 3:02 AM,OK
2026-05-13 22:52:02,SEC RFP C001678225,752c2349-e128-f111-88b4-7c1e5278f52e,2025-09-25T01:15:00Z,9/25/2025 4:15 AM,OK
2026-05-13 22:52:03,SEC RFP- C001677295,8187254f-e128-f111-88b4-7c1e5278f52e,2025-09-14T01:41:00Z,9/14/2025 4:41 AM,OK
2026-05-13 22:52:04,SEC RFP-C001744045,30182061-e128-f111-88b4-7c1e5278f52e,2026-02-14T11:22:00Z,2/14/2026 2:22 PM,OK
2026-05-13 22:52:05,SEC RFP-C001669001,ca201967-e128-f111-88b4-7c1e5278f52e,2025-08-20T09:32:00Z,8/20/2025 12:32 PM,OK
2026-05-13 22:52:06,SEC RFP-C001660884,cb201967-e128-f111-88b4-7c1e5278f52e,2025-08-20T00:58:00Z,8/20/2025 3:58 AM,OK
2026-05-13 22:52:07,SEC RFP-C001663389,cd201967-e128-f111-88b4-7c1e5278f52e,2025-08-05T04:13:00Z,8/5/2025 7:13 AM,OK
2026-05-13 22:52:08,SEC RFP-C001681039 - 6001681039,d0201967-e128-f111-88b4-7c1e5278f52e,2025-09-15T05:49:00Z,9/15/2025 8:49 AM,OK
2026-05-13 22:52:10,SEC RFP-C001669626,d4201967-e128-f111-88b4-7c1e5278f52e,2025-08-18T00:55:00Z,8/18/2025 3:55 AM,OK
2026-05-13 22:52:11,SEC RFP-C001672888 - 6001672888,e0201967-e128-f111-88b4-7c1e5278f52e,2025-09-07T21:25:00Z,9/8/2025 12:25 AM,OK
2026-05-13 22:52:12,SEC RFP-C001674796,ef201967-e128-f111-88b4-7c1e5278f52e,2025-08-25T02:40:00Z,8/25/2025 5:40 AM,OK
2026-05-13 22:52:13,SEC RFP- C001667493,f2201967-e128-f111-88b4-7c1e5278f52e,2025-08-28T03:21:00Z,8/28/2025 6:21 AM,OK
2026-05-13 22:52:15,SEC RFP-C001676354,c23f1b6d-e128-f111-88b4-7c1e5278f52e,2025-09-07T23:08:00Z,9/8/2025 2:08 AM,OK
2026-05-13 22:52:16,SEC RFP-C001671196,f73f1b6d-e128-f111-88b4-7c1e5278f52e,2025-08-23T23:55:00Z,8/24/2025 2:55 AM,OK
2026-05-13 22:52:17,SEC RFP-6001676365,f93f1b6d-e128-f111-88b4-7c1e5278f52e,2025-09-04T04:16:00Z,9/4/2025 7:16 AM,OK
2026-05-13 22:52:19,SEC RFP-C001663504,fd3f1b6d-e128-f111-88b4-7c1e5278f52e,2025-08-20T00:16:00Z,8/20/2025 3:16 AM,OK
2026-05-13 22:52:20,SEC RFP-C001666475,02401b6d-e128-f111-88b4-7c1e5278f52e,2025-08-20T09:17:00Z,8/20/2025 12:17 PM,OK
2026-05-13 22:52:21,SEC RFP-C001674832,0a401b6d-e128-f111-88b4-7c1e5278f52e,2025-09-03T01:17:00Z,9/3/2025 4:17 AM,OK
2026-05-13 22:52:22,SEC RFP-C001485579 - 6001485579,16401b6d-e128-f111-88b4-7c1e5278f52e,2024-06-11T02:46:00Z,6/11/2024 5:46 AM,OK
2026-05-13 22:52:23,SEC RFP-C001481260,00e51373-e128-f111-88b4-7c1e5278f52e,2024-05-06T04:45:00Z,5/6/2024 7:45 AM,OK
2026-05-13 22:52:25,SEC RFP - C001640925,02e51373-e128-f111-88b4-7c1e5278f52e,2025-06-25T03:04:00Z,6/25/2025 6:04 AM,OK
2026-05-13 22:52:26,SEC RFP-C001466367,03e51373-e128-f111-88b4-7c1e5278f52e,2024-04-22T04:23:00Z,4/22/2024 7:23 AM,OK
2026-05-13 22:52:27,SEC RFP-C001632406 - 6001632406,05e51373-e128-f111-88b4-7c1e5278f52e,2025-05-19T22:35:00Z,5/20/2025 1:35 AM,OK
2026-05-13 22:52:28,SEC RFP-C001564597,11e51373-e128-f111-88b4-7c1e5278f52e,2024-12-08T01:26:00Z,12/8/2024 4:26 AM,OK
2026-05-13 22:52:29,SEC RFPC001442254,8a574a79-e128-f111-88b4-7c1e5278f52e,2024-02-12T00:45:00Z,2/12/2024 3:45 AM,OK
2026-05-13 22:52:29,SEC RFP-C001587504,8f574a79-e128-f111-88b4-7c1e5278f52e,2025-02-09T21:57:00Z,2/10/2025 12:57 AM,OK
2026-05-13 22:52:31,SEC RFP C001485690,97574a79-e128-f111-88b4-7c1e5278f52e,2024-06-10T00:15:00Z,6/10/2024 3:15 AM,OK
2026-05-13 22:52:32,SEC RFP- C001639019,40b7477f-e128-f111-88b4-7c1e5278f52e,2025-07-05T22:31:00Z,7/6/2025 1:31 AM,OK
2026-05-13 22:52:33,SEC RFP-C001437520,4fb7477f-e128-f111-88b4-7c1e5278f52e,2024-02-01T02:35:00Z,2/1/2024 5:35 AM,OK
2026-05-13 22:52:35,SEC RFPC001599642,56b7477f-e128-f111-88b4-7c1e5278f52e,2025-03-06T01:33:00Z,3/6/2025 4:33 AM,OK
2026-05-13 22:52:36,SEC RFP-C001641774,f2638c85-e128-f111-88b4-7c1e5278f52e,2025-06-28T23:57:00Z,6/29/2025 2:57 AM,OK
2026-05-13 22:52:37,SEC RFP-C001635291,f4638c85-e128-f111-88b4-7c1e5278f52e,2025-06-15T01:19:00Z,6/15/2025 4:19 AM,OK
2026-05-13 22:52:38,SEC RFP - C001577978,f6638c85-e128-f111-88b4-7c1e5278f52e,2025-02-09T21:01:00Z,2/10/2025 12:01 AM,OK
2026-05-13 22:52:39,SEC RFPC001481265,f8638c85-e128-f111-88b4-7c1e5278f52e,2024-05-22T05:02:00Z,5/22/2024 8:02 AM,OK
2026-05-13 22:52:41,SEC RFP-C001625825,fd638c85-e128-f111-88b4-7c1e5278f52e,2025-05-19T03:04:00Z,5/19/2025 6:04 AM,OK
2026-05-13 22:52:42,SEC RFP - C001647963,01648c85-e128-f111-88b4-7c1e5278f52e,2025-07-09T01:12:00Z,7/9/2025 4:12 AM,OK
2026-05-13 22:52:43,SEC RFP - C001660908,0d648c85-e128-f111-88b4-7c1e5278f52e,2025-08-10T22:51:00Z,8/11/2025 1:51 AM,OK
2026-05-13 22:52:44,SEC RFP -C001442403,10648c85-e128-f111-88b4-7c1e5278f52e,2024-02-12T01:06:00Z,2/12/2024 4:06 AM,OK
2026-05-13 22:52:45,SEC RFP-C001585640 - 6001585640,aae2848b-e128-f111-88b4-7c1e5278f52e,2025-02-04T05:27:00Z,2/4/2025 8:27 AM,OK
2026-05-13 22:52:46,SEC RFP-C001631186 - 6001631186,abe2848b-e128-f111-88b4-7c1e5278f52e,2025-05-20T04:51:00Z,5/20/2025 7:51 AM,OK
2026-05-13 22:52:48,SEC RFP - C001601580,d0e2848b-e128-f111-88b4-7c1e5278f52e,2025-03-03T11:08:00Z,3/3/2025 2:08 PM,OK
2026-05-13 22:52:49,SEC RFP - C001456756,d4e2848b-e128-f111-88b4-7c1e5278f52e,2024-03-14T04:23:00Z,3/14/2024 7:23 AM,OK
2026-05-13 22:52:50,SEC RFP-C001659156,dae2848b-e128-f111-88b4-7c1e5278f52e,2025-07-30T02:02:00Z,7/30/2025 5:02 AM,OK
2026-05-13 22:52:51,SEC RFP- C001535676,e0e2848b-e128-f111-88b4-7c1e5278f52e,2024-10-31T01:26:00Z,10/31/2024 4:26 AM,OK
2026-05-13 22:52:52,SEC RFP-C001625211,8bda8b91-e128-f111-88b4-7c1e5278f52e,2025-05-15T01:21:00Z,5/15/2025 4:21 AM,OK
2026-05-13 22:52:54,SEC RFP-C001646725,95da8b91-e128-f111-88b4-7c1e5278f52e,2025-06-29T04:32:00Z,6/29/2025 7:32 AM,OK
2026-05-13 22:52:55,SEC RFP - C001436663,9cda8b91-e128-f111-88b4-7c1e5278f52e,2024-02-07T01:38:00Z,2/7/2024 4:38 AM,OK
2026-05-13 22:52:56,SEC RFP-C001598603,a0da8b91-e128-f111-88b4-7c1e5278f52e,2025-03-06T04:07:00Z,3/6/2025 7:07 AM,OK
2026-05-13 22:52:58,SEC RFP-C001538947,a1da8b91-e128-f111-88b4-7c1e5278f52e,2024-11-02T22:40:00Z,11/3/2024 1:40 AM,OK
2026-05-13 22:52:59,SEC RFP - C001571455,470b0598-e128-f111-88b4-7c1e5278f52e,2025-01-01T03:16:00Z,1/1/2025 6:16 AM,OK
2026-05-13 22:53:00,SEC RFP-C001452278,530b0598-e128-f111-88b4-7c1e5278f52e,2024-02-20T01:14:00Z,2/20/2024 4:14 AM,OK
2026-05-13 22:53:01,SEC RFP-C001610799,540b0598-e128-f111-88b4-7c1e5278f52e,2025-04-08T22:36:00Z,4/9/2025 1:36 AM,OK
2026-05-13 22:53:03,SEC RFP-C001467311,590b0598-e128-f111-88b4-7c1e5278f52e,2024-04-17T05:13:00Z,4/17/2024 8:13 AM,OK
2026-05-13 22:53:04,SEC RFP-6001596836,5b0b0598-e128-f111-88b4-7c1e5278f52e,2025-02-18T22:24:00Z,2/19/2025 1:24 AM,OK
2026-05-13 22:53:05,SEC RFP-C001656747,5d0b0598-e128-f111-88b4-7c1e5278f52e,2025-07-28T05:32:00Z,7/28/2025 8:32 AM,OK
2026-05-13 22:53:06,SEC RFP- C001607347,5e0b0598-e128-f111-88b4-7c1e5278f52e,2025-03-19T05:02:00Z,3/19/2025 8:02 AM,OK
2026-05-13 22:53:07,SEC RFP-C001591095,5f0b0598-e128-f111-88b4-7c1e5278f52e,2025-02-18T22:10:00Z,2/19/2025 1:10 AM,OK
2026-05-13 22:53:09,SEC RFP-C001438640,640b0598-e128-f111-88b4-7c1e5278f52e,2024-02-02T08:11:00Z,2/2/2024 11:11 AM,OK
2026-05-13 22:53:10,SEC RFP-C001472711,6a0b0598-e128-f111-88b4-7c1e5278f52e,2024-05-30T01:53:00Z,5/30/2024 4:53 AM,OK
2026-05-13 22:53:11,SEC RFP-C001482827,6b0b0598-e128-f111-88b4-7c1e5278f52e,2024-06-02T23:45:00Z,6/3/2024 2:45 AM,OK
2026-05-13 22:53:12,SEC RFP-C001647941,1535879f-e128-f111-88b4-7c1e5278f52e,2025-07-16T23:09:00Z,7/17/2025 2:09 AM,OK
2026-05-13 22:53:14,SEC RFP-C001582099 - 6001582099,1b35879f-e128-f111-88b4-7c1e5278f52e,2025-02-03T00:28:00Z,2/3/2025 3:28 AM,OK
2026-05-13 22:53:15,SEC RFP-C001659050,1c35879f-e128-f111-88b4-7c1e5278f52e,2025-08-07T00:43:00Z,8/7/2025 3:43 AM,OK
2026-05-13 22:53:16,SEC RFP-C001458262,1d35879f-e128-f111-88b4-7c1e5278f52e,2024-03-20T23:50:00Z,3/21/2024 2:50 AM,OK
2026-05-13 22:53:18,SEC RFP-C001596933 - 6001596933,1e35879f-e128-f111-88b4-7c1e5278f52e,2025-02-24T04:25:00Z,2/24/2025 7:25 AM,OK
2026-05-13 22:53:19,SEC RFP-C001510112 - 6001510112,2435879f-e128-f111-88b4-7c1e5278f52e,2024-08-21T23:44:00Z,8/22/2024 2:44 AM,OK
2026-05-13 22:53:20,SEC RFP-C001544246,2535879f-e128-f111-88b4-7c1e5278f52e,2024-11-24T03:03:00Z,11/24/2024 6:03 AM,OK
2026-05-13 22:53:22,SEC RFP-C001651352,2635879f-e128-f111-88b4-7c1e5278f52e,2025-07-13T01:37:00Z,7/13/2025 4:37 AM,OK
2026-05-13 22:53:23,SEC RFP-C001446252,2735879f-e128-f111-88b4-7c1e5278f52e,2024-02-21T05:40:00Z,2/21/2024 8:40 AM,OK
2026-05-13 22:53:25,SEC RFP-C001529563 - 6001529563,4738d8a5-e128-f111-88b4-7c1e5278f52e,2024-10-15T05:24:00Z,10/15/2024 8:24 AM,OK
2026-05-13 22:53:26,SEC RFP - C001448224,4838d8a5-e128-f111-88b4-7c1e5278f52e,2024-02-28T02:33:00Z,2/28/2024 5:33 AM,OK
2026-05-13 22:53:27,SEC RFP-C001442398,4938d8a5-e128-f111-88b4-7c1e5278f52e,2024-02-12T02:20:00Z,2/12/2024 5:20 AM,OK
2026-05-13 22:53:29,SEC RFP-6001621290,4a38d8a5-e128-f111-88b4-7c1e5278f52e,2025-04-22T02:37:00Z,4/22/2025 5:37 AM,OK
2026-05-13 22:53:30,SEC RFP C001531439,4b38d8a5-e128-f111-88b4-7c1e5278f52e,2024-10-14T04:16:00Z,10/14/2024 7:16 AM,OK
2026-05-13 22:53:31,SEC RFP-C001548705,6138d8a5-e128-f111-88b4-7c1e5278f52e,2024-12-10T23:00:00Z,12/11/2024 2:00 AM,OK
2026-05-13 22:53:32,SEC RFP-C001653303,ffebf6ab-e128-f111-88b4-7c1e5278f52e,2025-07-28T02:22:00Z,7/28/2025 5:22 AM,OK
2026-05-13 22:53:33,SEC RFP- C001634264,1eecf6ab-e128-f111-88b4-7c1e5278f52e,2025-05-25T04:08:00Z,5/25/2025 7:08 AM,OK
2026-05-13 22:53:34,SEC RFP - C001593154,fecb10b2-e128-f111-88b4-7c1e5278f52e,2025-02-06T02:37:00Z,2/6/2025 5:37 AM,OK
2026-05-13 22:53:36,SEC RFP-C001628893,ffcb10b2-e128-f111-88b4-7c1e5278f52e,2025-05-25T04:35:00Z,5/25/2025 7:35 AM,OK
2026-05-13 22:53:37,SEC RFP-C001446454,01cc10b2-e128-f111-88b4-7c1e5278f52e,2024-02-29T04:18:00Z,2/29/2024 7:18 AM,OK
2026-05-13 22:53:38,SEC RFPC001556883,05cc10b2-e128-f111-88b4-7c1e5278f52e,2025-01-02T02:03:00Z,1/2/2025 5:03 AM,OK
2026-05-13 22:53:39,SEC RFP - C001638366,1bcc10b2-e128-f111-88b4-7c1e5278f52e,2025-06-23T00:51:00Z,6/23/2025 3:51 AM,OK
2026-05-13 22:53:41,SEC RFP-C001483000,3bcc10b2-e128-f111-88b4-7c1e5278f52e,2024-06-05T22:53:00Z,6/6/2024 1:53 AM,OK
2026-05-13 22:53:42,SEC RFP-C001651463,5bcc10b2-e128-f111-88b4-7c1e5278f52e,2025-07-13T00:22:00Z,7/13/2025 3:22 AM,OK
2026-05-13 22:53:43,SEC RFP C001617310,254091be-e128-f111-88b4-7c1e5278f52e,2025-05-01T00:08:00Z,5/1/2025 3:08 AM,OK
2026-05-13 22:53:45,SEC RFP-C001662073,2e4091be-e128-f111-88b4-7c1e5278f52e,2025-07-28T23:57:00Z,7/29/2025 2:57 AM,OK
2026-05-13 22:53:46,SEC RFP-C001634307,2f4091be-e128-f111-88b4-7c1e5278f52e,2025-05-25T23:52:00Z,5/26/2025 2:52 AM,OK
2026-05-13 22:53:47,SEC RFPC001511409,324091be-e128-f111-88b4-7c1e5278f52e,2024-08-29T00:41:00Z,8/29/2024 3:41 AM,OK
2026-05-13 22:53:49,SEC RFP-C001650126,a7b4edc4-e128-f111-88b4-7c1e5278f52e,2025-07-13T04:59:00Z,7/13/2025 7:59 AM,OK
2026-05-13 22:53:50,SEC RFP-C001488771,adb4edc4-e128-f111-88b4-7c1e5278f52e,2024-06-30T04:19:00Z,6/30/2024 7:19 AM,OK
2026-05-13 22:53:51,SEC RFP C001507603,b1b4edc4-e128-f111-88b4-7c1e5278f52e,2024-08-15T04:39:00Z,8/15/2024 7:39 AM,OK
2026-05-13 22:53:52,SEC RFP-C001519337 - 6001519337,bab4edc4-e128-f111-88b4-7c1e5278f52e,2024-09-11T22:05:00Z,9/12/2024 1:05 AM,OK
2026-05-13 22:53:53,SEC RFP C001521911,ffac02cb-e128-f111-88b4-7c1e5278f52e,2024-09-17T22:35:00Z,9/18/2024 1:35 AM,OK
2026-05-13 22:53:55,SEC RFPC001525433,03ad02cb-e128-f111-88b4-7c1e5278f52e,2024-10-08T02:58:00Z,10/8/2024 5:58 AM,OK
2026-05-13 22:53:56,SEC RFP-C001549642,06ad02cb-e128-f111-88b4-7c1e5278f52e,2024-12-26T04:03:00Z,12/26/2024 7:03 AM,OK
2026-05-13 22:53:57,SEC RFP- C001501548 - 6001501548,0cad02cb-e128-f111-88b4-7c1e5278f52e,2024-07-31T01:48:00Z,7/31/2024 4:48 AM,OK
2026-05-13 22:53:58,SEC RFP-C001503952 - 6001503952,0dad02cb-e128-f111-88b4-7c1e5278f52e,2024-08-06T04:06:00Z,8/6/2024 7:06 AM,OK
2026-05-13 22:53:59,SEC RFP C001519976,a6e485d1-e128-f111-88b4-7c1e5278f52e,2024-09-11T22:07:00Z,9/12/2024 1:07 AM,OK
2026-05-13 22:54:01,SEC RFP-C001552303,a7e485d1-e128-f111-88b4-7c1e5278f52e,2024-10-28T01:11:00Z,10/28/2024 4:11 AM,OK
2026-05-13 22:54:02,SEC RFP-C001469705,aae485d1-e128-f111-88b4-7c1e5278f52e,2024-04-30T05:07:00Z,4/30/2024 8:07 AM,OK
2026-05-13 22:54:03,SEC RFP C001494635,aee485d1-e128-f111-88b4-7c1e5278f52e,2024-07-13T02:21:00Z,7/13/2024 5:21 AM,OK
2026-05-13 22:54:04,SEC RFP-C001472362 - 6001472362,afe485d1-e128-f111-88b4-7c1e5278f52e,2024-05-08T00:48:00Z,5/8/2024 3:48 AM,OK
2026-05-13 22:54:06,SEC RFP-C001550922 - 6001550922,b1e485d1-e128-f111-88b4-7c1e5278f52e,2024-12-08T00:10:00Z,12/8/2024 3:10 AM,OK
2026-05-13 22:54:07,SEC RFP-C001496196,b7e485d1-e128-f111-88b4-7c1e5278f52e,2024-07-17T04:08:00Z,7/17/2024 7:08 AM,OK
2026-05-13 22:54:08,SEC RFP-C001471384,ca5adad8-e128-f111-88b4-7c1e5278f52e,2024-05-08T05:12:00Z,5/8/2024 8:12 AM,OK
2026-05-13 22:54:10,SEC RFP-6001757329,cd5adad8-e128-f111-88b4-7c1e5278f52e,2026-03-18T00:31:00Z,3/18/2026 3:31 AM,OK
2026-05-13 22:54:11,SEC RFP-C001759972,a3e385b7-2933-f111-88b4-7c1e5278f52e,2026-04-02T14:08:00Z,4/2/2026 5:08 PM,OK
2026-05-13 22:54:12,SEC RFP-C001759515,a4e385b7-2933-f111-88b4-7c1e5278f52e,2026-04-05T08:21:00Z,4/5/2026 11:21 AM,OK
2026-05-13 22:54:13,SEC RFP - C001759725,a6e385b7-2933-f111-88b4-7c1e5278f52e,2026-04-01T14:44:00Z,4/1/2026 5:44 PM,OK
2026-05-13 22:54:14,SEC RFP - C001759493,a8e385b7-2933-f111-88b4-7c1e5278f52e,2026-04-01T09:00:00Z,4/1/2026 12:00 PM,OK
2026-05-13 22:54:15,SEC RFP-C001760301 - 6001760301,a9e385b7-2933-f111-88b4-7c1e5278f52e,2026-04-05T09:26:00Z,4/5/2026 12:26 PM,OK
2026-05-13 22:54:17,SEC RFP-C001761460,aae385b7-2933-f111-88b4-7c1e5278f52e,2026-04-08T08:55:00Z,4/8/2026 11:55 AM,OK
2026-05-13 22:54:18,SEC RFP C001759992,abe385b7-2933-f111-88b4-7c1e5278f52e,2026-04-08T08:24:00Z,4/8/2026 11:24 AM,OK
2026-05-13 22:54:19,SEC RFP- C001759484,649f14be-2933-f111-88b4-7c1e5278f52e,2026-03-31T10:10:00Z,3/31/2026 1:10 PM,OK
2026-05-13 22:54:21,SEC RFP - C001759716,9a9f14be-2933-f111-88b4-7c1e5278f52e,2026-04-01T14:26:00Z,4/1/2026 5:26 PM,OK
2026-05-13 22:54:22,SEC RFP - C001761408,9b9f14be-2933-f111-88b4-7c1e5278f52e,2026-04-07T10:07:00Z,4/7/2026 1:07 PM,OK
2026-05-13 22:54:23,SEC RFP-C001762015 - 6001762015,592655c4-2933-f111-88b4-7c1e5278f52e,2026-04-08T09:21:00Z,4/8/2026 12:21 PM,OK
2026-05-13 22:54:24,SEC RFP-C001761505,5b2655c4-2933-f111-88b4-7c1e5278f52e,2026-04-08T08:47:00Z,4/8/2026 11:47 AM,OK
2026-05-13 22:54:25,SEC RFP-C001761456,622655c4-2933-f111-88b4-7c1e5278f52e,2026-04-08T08:40:00Z,4/8/2026 11:40 AM,OK
2026-05-13 22:54:27,SEC RFP- C001763319,95980dc3-873c-f111-88b4-7c1e5278f52e,2026-04-12T13:36:00Z,4/12/2026 4:36 PM,OK
2026-05-13 22:54:28,SEC RFP-C001763878,a5980dc3-873c-f111-88b4-7c1e5278f52e,2026-04-19T09:19:00Z,4/19/2026 12:19 PM,OK
2026-05-13 22:54:29,SEC RFP-C001763300,ad980dc3-873c-f111-88b4-7c1e5278f52e,2026-04-19T11:03:00Z,4/19/2026 2:03 PM,OK
2026-05-13 22:54:31,SEC RFP-C001760899,a9f056c9-873c-f111-88b4-7c1e5278f52e,2026-04-14T11:11:00Z,4/14/2026 2:11 PM,OK
2026-05-13 22:54:32,SEC RFP - C001764426,aaf056c9-873c-f111-88b4-7c1e5278f52e,2026-04-15T10:16:00Z,4/15/2026 1:16 PM,OK
2026-05-13 22:54:33,SEC RFP- C001764208,acf056c9-873c-f111-88b4-7c1e5278f52e,2026-04-15T11:15:00Z,4/15/2026 2:15 PM,OK
2026-05-13 22:54:34,SEC RFP-C001765403,aef056c9-873c-f111-88b4-7c1e5278f52e,2026-04-16T10:29:00Z,4/16/2026 1:29 PM,OK
2026-05-13 22:54:35,SEC RFP-C001765419,ca9256cf-873c-f111-88b4-7c1e5278f52e,2026-04-19T10:20:00Z,4/19/2026 1:20 PM,OK
